transaction_id,amount_rs,error_reason,attempts_last_hour,decision_type,recovery_action,source,recovered,reasoning,timestamp
pay_h8l7qgATtLFxJp,1744.88,payment_declined,4,escalated_manual_review,escalate_to_human,stopping_rule,False,"Stopping rule triggered: 4 attempts already made, avoiding further automated contact",2026-08-23T05:57:01.773404
pay_fA1lquCu2r6AZD,442.64,incorrect_otp,1,auto_recovery_attempted,send_reminder,rule_based,False,Mapped incorrect_otp -> send_reminder (assumed success rate 30%),2026-08-23T05:57:01.773860
pay_WFgF6cW1GC7dDy,1019.71,insufficient_funds,2,auto_recovery_attempted,retry_later_24h,rule_based,False,Mapped insufficient_funds -> retry_later_24h (assumed success rate 45%),2026-08-23T05:57:01.774017
pay_mLtST18iwItCqp,2192.03,session_timed_out,3,auto_recovery_attempted,send_reminder,rule_based,False,Mapped session_timed_out -> send_reminder (assumed success rate 30%),2026-08-23T05:57:01.774076
pay_SKkMM0jQb6gbtj,638.49,card_declined,3,auto_recovery_attempted,send_reminder,rule_based,False,Mapped card_declined -> send_reminder (assumed success rate 30%),2026-08-23T05:57:01.774125
pay_FCdCYSyYUJcvd9,404.63,bank_technical_error,4,escalated_manual_review,escalate_to_human,stopping_rule,False,"Stopping rule triggered: 4 attempts already made, avoiding further automated contact",2026-08-23T05:57:01.774170
pay_TtgatwqilBIzbv,191.0,emi_not_supported,1,auto_recovery_attempted,suggest_alt_method,rule_based,True,Mapped emi_not_supported -> suggest_alt_method (assumed success rate 40%),2026-08-23T05:57:01.774211
pay_sLRDlytTN8WurW,1514.73,card_declined,3,auto_recovery_attempted,send_reminder,rule_based,True,Mapped card_declined -> send_reminder (assumed success rate 30%),2026-08-23T05:57:01.774292
pay_G4aRKWgjJK7ggW,77.76,issuer_unavailable,3,auto_recovery_attempted,retry_later_2h,rule_based,True,Mapped issuer_unavailable -> retry_later_2h (assumed success rate 55%),2026-08-23T05:57:01.774351
pay_nZTV1YFjtFi02b,181.73,insufficient_funds,3,auto_recovery_attempted,retry_later_24h,rule_based,False,Mapped insufficient_funds -> retry_later_24h (assumed success rate 45%),2026-08-23T05:57:01.774399
pay_YeBJfEt8UbzcIZ,567.87,insufficient_funds,4,escalated_manual_review,escalate_to_human,stopping_rule,False,"Stopping rule triggered: 4 attempts already made, avoiding further automated contact",2026-08-23T05:57:01.774442
pay_jCufdXIJoqyNAb,2872.75,incorrect_pin,1,auto_recovery_attempted,send_reminder,rule_based,False,Mapped incorrect_pin -> send_reminder (assumed success rate 30%),2026-08-23T05:57:01.774480
pay_2CwsIkL01iHq2e,2630.17,issuer_unavailable,4,escalated_manual_review,escalate_to_human,stopping_rule,False,"Stopping rule triggered: 4 attempts already made, avoiding further automated contact",2026-08-23T05:57:01.774520
pay_I6zwRZqces67gS,5435.13,upi_collect_expired,4,escalated_manual_review,escalate_to_human,stopping_rule,False,"Stopping rule triggered: 4 attempts already made, avoiding further automated contact",2026-08-23T05:57:01.774564
pay_wgs2x8FS4ELfm7,3067.01,incorrect_pin,3,auto_recovery_attempted,send_reminder,rule_based,False,Mapped incorrect_pin -> send_reminder (assumed success rate 30%),2026-08-23T05:57:01.774607
pay_nN4SgeJpB3jN5P,2145.31,session_timed_out,4,escalated_manual_review,escalate_to_human,stopping_rule,False,"Stopping rule triggered: 4 attempts already made, avoiding further automated contact",2026-08-23T05:57:01.774649
pay_aohGfwVHnVOrmX,573.69,insufficient_funds,3,auto_recovery_attempted,retry_later_24h,rule_based,True,Mapped insufficient_funds -> retry_later_24h (assumed success rate 45%),2026-08-23T05:57:01.774684
pay_JgpSVOiKz6B2ik,4747.6,issuer_unavailable,4,escalated_manual_review,escalate_to_human,stopping_rule,False,"Stopping rule triggered: 4 attempts already made, avoiding further automated contact",2026-08-23T05:57:01.774724
pay_jAh3TBEbBpsZyu,3846.03,insufficient_funds,1,auto_recovery_attempted,retry_later_24h,rule_based,False,Mapped insufficient_funds -> retry_later_24h (assumed success rate 45%),2026-08-23T05:57:01.774762
pay_5BC0ggLW6ZcgN1,1276.13,payment_declined,2,auto_recovery_attempted,send_reminder,rule_based,False,Mapped payment_declined -> send_reminder (assumed success rate 30%),2026-08-23T05:57:01.774805
pay_N8RqPtn7u4i5La,2450.28,session_timed_out,4,escalated_manual_review,escalate_to_human,stopping_rule,False,"Stopping rule triggered: 4 attempts already made, avoiding further automated contact",2026-08-23T05:57:01.774849
pay_ERLa9NgrFkmTPL,375.7,issuer_unavailable,4,escalated_manual_review,escalate_to_human,stopping_rule,False,"Stopping rule triggered: 4 attempts already made, avoiding further automated contact",2026-08-23T05:57:01.774888
pay_xofA9ulPn2XZkk,2659.44,bank_technical_error,4,escalated_manual_review,escalate_to_human,stopping_rule,False,"Stopping rule triggered: 4 attempts already made, avoiding further automated contact",2026-08-23T05:57:01.774923
pay_kVQ8Peb4BFTFRa,618.32,issuer_unavailable,2,auto_recovery_attempted,retry_later_2h,rule_based,True,Mapped issuer_unavailable -> retry_later_2h (assumed success rate 55%),2026-08-23T05:57:01.774959
pay_f9lxtAQzXuXOpz,1691.63,payment_declined,1,auto_recovery_attempted,send_reminder,rule_based,True,Mapped payment_declined -> send_reminder (assumed success rate 30%),2026-08-23T05:57:01.774998
pay_7B4JZI3mSJiPZT,281.17,card_declined,3,auto_recovery_attempted,send_reminder,rule_based,True,Mapped card_declined -> send_reminder (assumed success rate 30%),2026-08-23T05:57:01.775036
pay_hvv9LaGphLHGVn,2000.64,bank_technical_error,1,auto_recovery_attempted,retry_immediately,rule_based,True,Mapped bank_technical_error -> retry_immediately (assumed success rate 65%),2026-08-23T05:57:01.775076
pay_wzHelT4NEZJDvM,1266.21,bank_technical_error,1,auto_recovery_attempted,retry_immediately,rule_based,True,Mapped bank_technical_error -> retry_immediately (assumed success rate 65%),2026-08-23T05:57:01.775115
pay_uViHT5P2oe64RV,1435.95,card_declined,1,auto_recovery_attempted,send_reminder,rule_based,False,Mapped card_declined -> send_reminder (assumed success rate 30%),2026-08-23T05:57:01.775152
pay_NjMdhcQ1JcSdSq,192.53,payment_declined,1,auto_recovery_attempted,send_reminder,rule_based,True,Mapped payment_declined -> send_reminder (assumed success rate 30%),2026-08-23T05:57:01.775189
pay_aZbm6JTGZsgR0B,3879.58,card_declined,2,auto_recovery_attempted,send_reminder,rule_based,False,Mapped card_declined -> send_reminder (assumed success rate 30%),2026-08-23T05:57:01.775226
pay_61UaeImlzqxKNE,517.25,payment_declined,3,auto_recovery_attempted,send_reminder,rule_based,True,Mapped payment_declined -> send_reminder (assumed success rate 30%),2026-08-23T05:57:01.775314
pay_OJeE9fUGsUBCjK,1821.36,payment_declined,4,escalated_manual_review,escalate_to_human,stopping_rule,False,"Stopping rule triggered: 4 attempts already made, avoiding further automated contact",2026-08-23T05:57:01.775363
pay_uSbB0LrjHtgeGb,6351.1,card_declined,3,auto_recovery_attempted,send_reminder,rule_based,True,Mapped card_declined -> send_reminder (assumed success rate 30%),2026-08-23T05:57:01.775405
pay_Q48PjBUixxkbQY,1422.54,issuer_unavailable,1,auto_recovery_attempted,retry_later_2h,rule_based,True,Mapped issuer_unavailable -> retry_later_2h (assumed success rate 55%),2026-08-23T05:57:01.775448
pay_CiUAbit9NyaXPk,81.56,upi_collect_expired,1,auto_recovery_attempted,resend_collect_request,rule_based,True,Mapped upi_collect_expired -> resend_collect_request (assumed success rate 50%),2026-08-23T05:57:01.775490
pay_cXU2mJUZP2YwdM,105.54,insufficient_balance,4,escalated_manual_review,escalate_to_human,stopping_rule,False,"Stopping rule triggered: 4 attempts already made, avoiding further automated contact",2026-08-23T05:57:01.775531
pay_O9vZL41DEU0KIQ,909.84,session_timed_out,2,auto_recovery_attempted,send_reminder,rule_based,False,Mapped session_timed_out -> send_reminder (assumed success rate 30%),2026-08-23T05:57:01.775578
pay_30UbVmPB2vbFyB,1064.54,incorrect_pin,4,escalated_manual_review,escalate_to_human,stopping_rule,False,"Stopping rule triggered: 4 attempts already made, avoiding further automated contact",2026-08-23T05:57:01.775623
pay_ukqYF3ykD0oLwW,1382.75,insufficient_balance,2,auto_recovery_attempted,send_reminder,rule_based,True,Mapped insufficient_balance -> send_reminder (assumed success rate 30%),2026-08-23T05:57:01.775662
pay_XxaDZFnuOTFG39,3162.97,issuer_unavailable,4,escalated_manual_review,escalate_to_human,stopping_rule,False,"Stopping rule triggered: 4 attempts already made, avoiding further automated contact",2026-08-23T05:57:01.775703
pay_VJxWsILLTQ8C3s,1446.71,insufficient_funds,1,auto_recovery_attempted,retry_later_24h,rule_based,False,Mapped insufficient_funds -> retry_later_24h (assumed success rate 45%),2026-08-23T05:57:01.775740
pay_iwTTdlccVEYQCF,3285.67,incorrect_otp,1,auto_recovery_attempted,send_reminder,rule_based,False,Mapped incorrect_otp -> send_reminder (assumed success rate 30%),2026-08-23T05:57:01.775778
pay_EmyhmbAv1PBRKE,120.53,upi_collect_expired,4,escalated_manual_review,escalate_to_human,stopping_rule,False,"Stopping rule triggered: 4 attempts already made, avoiding further automated contact",2026-08-23T05:57:01.775817
pay_hgtblrbJydUE4U,88.1,issuer_unavailable,4,escalated_manual_review,escalate_to_human,stopping_rule,False,"Stopping rule triggered: 4 attempts already made, avoiding further automated contact",2026-08-23T05:57:01.775852
pay_AzuBkY5t1EBHbB,1908.6,upi_collect_expired,2,auto_recovery_attempted,resend_collect_request,rule_based,True,Mapped upi_collect_expired -> resend_collect_request (assumed success rate 50%),2026-08-23T05:57:01.775885
pay_HgM5KVDGaVVAHs,744.35,insufficient_funds,2,auto_recovery_attempted,retry_later_24h,rule_based,False,Mapped insufficient_funds -> retry_later_24h (assumed success rate 45%),2026-08-23T05:57:01.775924
pay_QJav62AFRVdHM4,59.44,insufficient_balance,2,auto_recovery_attempted,send_reminder,rule_based,True,Mapped insufficient_balance -> send_reminder (assumed success rate 30%),2026-08-23T05:57:01.775965
pay_qtXkNX2ukZ9kiC,82.6,payment_declined,4,escalated_manual_review,escalate_to_human,stopping_rule,False,"Stopping rule triggered: 4 attempts already made, avoiding further automated contact",2026-08-23T05:57:01.776003
pay_k4wWENJUhGgKle,376.81,wallet_service_down,4,escalated_manual_review,escalate_to_human,stopping_rule,False,"Stopping rule triggered: 4 attempts already made, avoiding further automated contact",2026-08-23T05:57:01.776040
pay_6KV3FmDOwFTnrD,1526.77,issuer_unavailable,1,auto_recovery_attempted,retry_later_2h,rule_based,True,Mapped issuer_unavailable -> retry_later_2h (assumed success rate 55%),2026-08-23T05:57:01.776078
pay_jxW0NdDMgNiUHC,6582.21,card_declined,4,escalated_manual_review,escalate_to_human,stopping_rule,False,"Stopping rule triggered: 4 attempts already made, avoiding further automated contact",2026-08-23T05:57:01.776120
pay_cgJg7H5fXHzUrL,240.92,upi_collect_expired,1,auto_recovery_attempted,resend_collect_request,rule_based,False,Mapped upi_collect_expired -> resend_collect_request (assumed success rate 50%),2026-08-23T05:57:01.776156
pay_wuozbt6LpKR1Aj,56.88,incorrect_otp,3,auto_recovery_attempted,send_reminder,rule_based,False,Mapped incorrect_otp -> send_reminder (assumed success rate 30%),2026-08-23T05:57:01.776199
pay_M9IiRghzekNuIr,639.5,payment_declined,3,auto_recovery_attempted,send_reminder,rule_based,False,Mapped payment_declined -> send_reminder (assumed success rate 30%),2026-08-23T05:57:01.776321
pay_B1qMDZPJNwc8gF,2664.88,incorrect_pin,3,auto_recovery_attempted,send_reminder,rule_based,False,Mapped incorrect_pin -> send_reminder (assumed success rate 30%),2026-08-23T05:57:01.776370
pay_M4dfr6n4DhgQUK,1473.96,incorrect_pin,3,auto_recovery_attempted,send_reminder,rule_based,True,Mapped incorrect_pin -> send_reminder (assumed success rate 30%),2026-08-23T05:57:01.776411
pay_yc9LVI0qPbXQwB,4399.77,incorrect_otp,2,auto_recovery_attempted,send_reminder,rule_based,False,Mapped incorrect_otp -> send_reminder (assumed success rate 30%),2026-08-23T05:57:01.776450
pay_6Limzf4KB6WtQT,3825.86,incorrect_pin,1,auto_recovery_attempted,send_reminder,rule_based,False,Mapped incorrect_pin -> send_reminder (assumed success rate 30%),2026-08-23T05:57:01.776487
pay_l4xnhYjrB84anI,1583.22,upi_collect_expired,1,auto_recovery_attempted,resend_collect_request,rule_based,True,Mapped upi_collect_expired -> resend_collect_request (assumed success rate 50%),2026-08-23T05:57:01.776529
pay_bSFHsaU9U0bcaS,227.41,issuer_unavailable,1,auto_recovery_attempted,retry_later_2h,rule_based,True,Mapped issuer_unavailable -> retry_later_2h (assumed success rate 55%),2026-08-23T05:57:01.776579
pay_MtTqfToWLZcWDe,59.94,session_timed_out,2,auto_recovery_attempted,send_reminder,rule_based,True,Mapped session_timed_out -> send_reminder (assumed success rate 30%),2026-08-23T05:57:01.776623
pay_UJmQkFM0U9b0XN,960.55,upi_collect_expired,1,auto_recovery_attempted,resend_collect_request,rule_based,False,Mapped upi_collect_expired -> resend_collect_request (assumed success rate 50%),2026-08-23T05:57:01.776661
pay_ObjFJvJNCreHAK,587.54,payment_declined,1,auto_recovery_attempted,send_reminder,rule_based,True,Mapped payment_declined -> send_reminder (assumed success rate 30%),2026-08-23T05:57:01.776700
pay_1yFSBl4AspGd6Y,282.2,insufficient_funds,4,escalated_manual_review,escalate_to_human,stopping_rule,False,"Stopping rule triggered: 4 attempts already made, avoiding further automated contact",2026-08-23T05:57:01.776737
pay_5nfINhHyNGr0ru,4522.14,upi_collect_expired,3,auto_recovery_attempted,resend_collect_request,rule_based,False,Mapped upi_collect_expired -> resend_collect_request (assumed success rate 50%),2026-08-23T05:57:01.776772
pay_4ECn6zTRcy5TbX,2084.86,card_declined,1,auto_recovery_attempted,send_reminder,rule_based,False,Mapped card_declined -> send_reminder (assumed success rate 30%),2026-08-23T05:57:01.776810
pay_6pAHkgXEIIgMzG,2632.35,incorrect_otp,3,auto_recovery_attempted,send_reminder,rule_based,False,Mapped incorrect_otp -> send_reminder (assumed success rate 30%),2026-08-23T05:57:01.776847
pay_DgetKif1Ap0Gh0,4097.47,upi_collect_expired,3,auto_recovery_attempted,resend_collect_request,rule_based,False,Mapped upi_collect_expired -> resend_collect_request (assumed success rate 50%),2026-08-23T05:57:01.776885
pay_nzKwrB9qVAtomJ,687.99,wallet_service_down,4,escalated_manual_review,escalate_to_human,stopping_rule,False,"Stopping rule triggered: 4 attempts already made, avoiding further automated contact",2026-08-23T05:57:01.776923
pay_e5nB0wx1leI7cN,2478.03,incorrect_pin,1,auto_recovery_attempted,send_reminder,rule_based,True,Mapped incorrect_pin -> send_reminder (assumed success rate 30%),2026-08-23T05:57:01.776957
pay_OD4HeurTZBWhsU,286.08,wallet_service_down,1,auto_recovery_attempted,retry_later_2h,rule_based,False,Mapped wallet_service_down -> retry_later_2h (assumed success rate 55%),2026-08-23T05:57:01.776995
pay_Np432Lb94rSd1j,1670.25,upi_collect_expired,1,auto_recovery_attempted,resend_collect_request,rule_based,False,Mapped upi_collect_expired -> resend_collect_request (assumed success rate 50%),2026-08-23T05:57:01.777034
pay_rODCvdcNgz5xBE,2481.0,incorrect_otp,1,auto_recovery_attempted,send_reminder,rule_based,False,Mapped incorrect_otp -> send_reminder (assumed success rate 30%),2026-08-23T05:57:01.777074
pay_u8mlwHKABjwwop,3675.22,insufficient_balance,4,escalated_manual_review,escalate_to_human,stopping_rule,False,"Stopping rule triggered: 4 attempts already made, avoiding further automated contact",2026-08-23T05:57:01.777113
pay_lABZFJQBy69ul4,3469.0,payment_declined,4,escalated_manual_review,escalate_to_human,stopping_rule,False,"Stopping rule triggered: 4 attempts already made, avoiding further automated contact",2026-08-23T05:57:01.777148
pay_iyuZLCEoBQhUFz,3855.34,session_timed_out,3,auto_recovery_attempted,send_reminder,rule_based,False,Mapped session_timed_out -> send_reminder (assumed success rate 30%),2026-08-23T05:57:01.777185
pay_QkPxsoL9Tm5qbp,1152.47,payment_declined,2,auto_recovery_attempted,send_reminder,rule_based,False,Mapped payment_declined -> send_reminder (assumed success rate 30%),2026-08-23T05:57:01.777225
pay_fpuNw07tcdtaBf,3297.71,wallet_service_down,4,escalated_manual_review,escalate_to_human,stopping_rule,False,"Stopping rule triggered: 4 attempts already made, avoiding further automated contact",2026-08-23T05:57:01.777313
pay_qYT7oBIK27zndI,1866.33,bank_technical_error,4,escalated_manual_review,escalate_to_human,stopping_rule,False,"Stopping rule triggered: 4 attempts already made, avoiding further automated contact",2026-08-23T05:57:01.777357
pay_WB2LBLoS4d7vFl,3432.37,issuer_unavailable,1,auto_recovery_attempted,retry_later_2h,rule_based,False,Mapped issuer_unavailable -> retry_later_2h (assumed success rate 55%),2026-08-23T05:57:01.777396
pay_8jiEqPvRMCfcgA,407.64,insufficient_funds,3,auto_recovery_attempted,retry_later_24h,rule_based,True,Mapped insufficient_funds -> retry_later_24h (assumed success rate 45%),2026-08-23T05:57:01.777437
pay_0RtOd5kpyEiRdA,4317.02,card_declined,1,auto_recovery_attempted,send_reminder,rule_based,True,Mapped card_declined -> send_reminder (assumed success rate 30%),2026-08-23T05:57:01.777475
pay_4Om5bcvZvuXoDD,2917.37,payment_declined,3,auto_recovery_attempted,send_reminder,rule_based,True,Mapped payment_declined -> send_reminder (assumed success rate 30%),2026-08-23T05:57:01.777514
pay_GTZgGNVF4uzARX,709.53,issuer_unavailable,3,auto_recovery_attempted,retry_later_2h,rule_based,True,Mapped issuer_unavailable -> retry_later_2h (assumed success rate 55%),2026-08-23T05:57:01.777560
pay_Sh2mcnaChtjOoR,1755.35,session_timed_out,3,auto_recovery_attempted,send_reminder,rule_based,False,Mapped session_timed_out -> send_reminder (assumed success rate 30%),2026-08-23T05:57:01.777606
pay_8f5JaPdgIwTacv,1840.86,session_timed_out,3,auto_recovery_attempted,send_reminder,rule_based,True,Mapped session_timed_out -> send_reminder (assumed success rate 30%),2026-08-23T05:57:01.777645
pay_frvSBcXQw39o68,330.69,session_timed_out,3,auto_recovery_attempted,send_reminder,rule_based,False,Mapped session_timed_out -> send_reminder (assumed success rate 30%),2026-08-23T05:57:01.777683
pay_i6RWliCxbpa9DI,3759.27,insufficient_funds,1,auto_recovery_attempted,retry_later_24h,rule_based,True,Mapped insufficient_funds -> retry_later_24h (assumed success rate 45%),2026-08-23T05:57:01.777721
pay_NrEAdYPLE4s6RP,2359.02,session_timed_out,2,auto_recovery_attempted,send_reminder,rule_based,True,Mapped session_timed_out -> send_reminder (assumed success rate 30%),2026-08-23T05:57:01.777757
pay_YvLztncjujc1NZ,3375.0,payment_declined,1,auto_recovery_attempted,send_reminder,rule_based,False,Mapped payment_declined -> send_reminder (assumed success rate 30%),2026-08-23T05:57:01.777801
pay_uKUVK4dWnXYvAO,1723.84,card_declined,1,auto_recovery_attempted,send_reminder,rule_based,True,Mapped card_declined -> send_reminder (assumed success rate 30%),2026-08-23T05:57:01.777838
pay_sGHmUEMtslNmh3,1870.93,incorrect_pin,1,auto_recovery_attempted,send_reminder,rule_based,False,Mapped incorrect_pin -> send_reminder (assumed success rate 30%),2026-08-23T05:57:01.777876
pay_uQf7PmYT0a7AvF,4930.92,incorrect_pin,3,auto_recovery_attempted,send_reminder,rule_based,True,Mapped incorrect_pin -> send_reminder (assumed success rate 30%),2026-08-23T05:57:01.777913
pay_PuZVFrT20TFipz,1668.8,payment_declined,3,auto_recovery_attempted,send_reminder,rule_based,False,Mapped payment_declined -> send_reminder (assumed success rate 30%),2026-08-23T05:57:01.777950
pay_pEE5ioi1EFY179,2637.26,bank_technical_error,2,auto_recovery_attempted,retry_immediately,rule_based,False,Mapped bank_technical_error -> retry_immediately (assumed success rate 65%),2026-08-23T05:57:01.777988
pay_HJMNXcFnrhpvF5,3516.69,incorrect_otp,3,auto_recovery_attempted,send_reminder,rule_based,True,Mapped incorrect_otp -> send_reminder (assumed success rate 30%),2026-08-23T05:57:01.778026
pay_E89WsgBPHa6f37,4089.52,upi_collect_expired,4,escalated_manual_review,escalate_to_human,stopping_rule,False,"Stopping rule triggered: 4 attempts already made, avoiding further automated contact",2026-08-23T05:57:01.778066
pay_WrdXiz7mck1pdf,680.88,insufficient_funds,2,auto_recovery_attempted,retry_later_24h,rule_based,True,Mapped insufficient_funds -> retry_later_24h (assumed success rate 45%),2026-08-23T05:57:01.778104
pay_6XfTAP8c5yOPLc,343.53,insufficient_balance,2,auto_recovery_attempted,send_reminder,rule_based,False,Mapped insufficient_balance -> send_reminder (assumed success rate 30%),2026-08-23T05:57:01.778141
pay_hMmNj3PLkNcSP6,566.53,payment_declined,3,auto_recovery_attempted,send_reminder,rule_based,False,Mapped payment_declined -> send_reminder (assumed success rate 30%),2026-08-23T05:57:01.778178
pay_02Yksto9WFWh4t,1627.02,wallet_service_down,2,auto_recovery_attempted,retry_later_2h,rule_based,False,Mapped wallet_service_down -> retry_later_2h (assumed success rate 55%),2026-08-23T05:57:01.778216
pay_oQUlBjj12fgBIS,1984.78,incorrect_pin,2,auto_recovery_attempted,send_reminder,rule_based,False,Mapped incorrect_pin -> send_reminder (assumed success rate 30%),2026-08-23T05:57:01.778292
pay_tYOssptoKbewsj,523.91,wallet_service_down,3,auto_recovery_attempted,retry_later_2h,rule_based,True,Mapped wallet_service_down -> retry_later_2h (assumed success rate 55%),2026-08-23T05:57:01.778345
pay_0iH6ManpwyiLRD,439.21,session_timed_out,4,escalated_manual_review,escalate_to_human,stopping_rule,False,"Stopping rule triggered: 4 attempts already made, avoiding further automated contact",2026-08-23T05:57:01.778388
pay_z3PJY5wpHhUQ1m,1300.23,payment_declined,4,escalated_manual_review,escalate_to_human,stopping_rule,False,"Stopping rule triggered: 4 attempts already made, avoiding further automated contact",2026-08-23T05:57:01.778425
pay_a4aDUbD4IkewKB,3346.63,session_timed_out,4,escalated_manual_review,escalate_to_human,stopping_rule,False,"Stopping rule triggered: 4 attempts already made, avoiding further automated contact",2026-08-23T05:57:01.778461
pay_aDQhXsCTcVLNwI,1453.14,insufficient_balance,4,escalated_manual_review,escalate_to_human,stopping_rule,False,"Stopping rule triggered: 4 attempts already made, avoiding further automated contact",2026-08-23T05:57:01.778497
pay_I0FINDpyNXzpJ5,682.59,issuer_unavailable,4,escalated_manual_review,escalate_to_human,stopping_rule,False,"Stopping rule triggered: 4 attempts already made, avoiding further automated contact",2026-08-23T05:57:01.778533
pay_fPkUXdnfaIcwZc,1719.05,incorrect_otp,2,auto_recovery_attempted,send_reminder,rule_based,False,Mapped incorrect_otp -> send_reminder (assumed success rate 30%),2026-08-23T05:57:01.778577
pay_dge9QAATstN2DQ,2125.41,issuer_unavailable,3,auto_recovery_attempted,retry_later_2h,rule_based,True,Mapped issuer_unavailable -> retry_later_2h (assumed success rate 55%),2026-08-23T05:57:01.778622
pay_6Ec3PY6gnhKBd1,1607.12,upi_collect_expired,4,escalated_manual_review,escalate_to_human,stopping_rule,False,"Stopping rule triggered: 4 attempts already made, avoiding further automated contact",2026-08-23T05:57:01.778660
pay_uZpG1tual51HzZ,1297.86,incorrect_pin,4,escalated_manual_review,escalate_to_human,stopping_rule,False,"Stopping rule triggered: 4 attempts already made, avoiding further automated contact",2026-08-23T05:57:01.778695
pay_rrbznsBuiUhIoB,707.63,incorrect_otp,4,escalated_manual_review,escalate_to_human,stopping_rule,False,"Stopping rule triggered: 4 attempts already made, avoiding further automated contact",2026-08-23T05:57:01.778730
pay_VHGl26a0vl1FLG,617.86,wallet_service_down,3,auto_recovery_attempted,retry_later_2h,rule_based,False,Mapped wallet_service_down -> retry_later_2h (assumed success rate 55%),2026-08-23T05:57:01.778765
pay_yyqpgB1p5CvlVs,2425.96,upi_collect_expired,1,auto_recovery_attempted,resend_collect_request,rule_based,False,Mapped upi_collect_expired -> resend_collect_request (assumed success rate 50%),2026-08-23T05:57:01.778803
pay_H0sk2mK3YEOMvf,3088.02,upi_collect_expired,1,auto_recovery_attempted,resend_collect_request,rule_based,True,Mapped upi_collect_expired -> resend_collect_request (assumed success rate 50%),2026-08-23T05:57:01.778842
pay_vYRxNFRHALagRI,2796.0,issuer_unavailable,4,escalated_manual_review,escalate_to_human,stopping_rule,False,"Stopping rule triggered: 4 attempts already made, avoiding further automated contact",2026-08-23T05:57:01.778883
pay_yFKdVI2LWsWJc2,4372.93,issuer_unavailable,1,auto_recovery_attempted,retry_later_2h,rule_based,True,Mapped issuer_unavailable -> retry_later_2h (assumed success rate 55%),2026-08-23T05:57:01.778920
pay_eCPr8eXwafTFIc,5364.11,card_declined,1,auto_recovery_attempted,send_reminder,rule_based,False,Mapped card_declined -> send_reminder (assumed success rate 30%),2026-08-23T05:57:01.778959
pay_6gXiRXlG1seS1p,5056.97,insufficient_funds,3,auto_recovery_attempted,retry_later_24h,rule_based,True,Mapped insufficient_funds -> retry_later_24h (assumed success rate 45%),2026-08-23T05:57:01.778995
pay_JPwJ0BcfXaAOhI,723.64,session_timed_out,3,auto_recovery_attempted,send_reminder,rule_based,False,Mapped session_timed_out -> send_reminder (assumed success rate 30%),2026-08-23T05:57:01.779032
pay_EXLYHlbCmfd7Wz,2310.27,issuer_unavailable,3,auto_recovery_attempted,retry_later_2h,rule_based,False,Mapped issuer_unavailable -> retry_later_2h (assumed success rate 55%),2026-08-23T05:57:01.779071
pay_asJckvS72grCcz,2531.1,bank_technical_error,1,auto_recovery_attempted,retry_immediately,rule_based,False,Mapped bank_technical_error -> retry_immediately (assumed success rate 65%),2026-08-23T05:57:01.779108
pay_fRyY9WAHk7ZW2n,1982.92,session_timed_out,2,auto_recovery_attempted,send_reminder,rule_based,False,Mapped session_timed_out -> send_reminder (assumed success rate 30%),2026-08-23T05:57:01.779144
pay_f3Rq4wt22JCyti,2335.41,card_declined,3,auto_recovery_attempted,send_reminder,rule_based,True,Mapped card_declined -> send_reminder (assumed success rate 30%),2026-08-23T05:57:01.779182
pay_mblvCAZMk4Ezgm,168.82,card_declined,3,auto_recovery_attempted,send_reminder,rule_based,False,Mapped card_declined -> send_reminder (assumed success rate 30%),2026-08-23T05:57:01.779219
pay_I1BNXUHXwey15g,794.69,card_declined,3,auto_recovery_attempted,send_reminder,rule_based,False,Mapped card_declined -> send_reminder (assumed success rate 30%),2026-08-23T05:57:01.779296
pay_jbgNLhVZBtrmTO,67.26,issuer_unavailable,1,auto_recovery_attempted,retry_later_2h,rule_based,False,Mapped issuer_unavailable -> retry_later_2h (assumed success rate 55%),2026-08-23T05:57:01.779349
pay_spiF39n8OghuuH,1330.21,issuer_unavailable,4,escalated_manual_review,escalate_to_human,stopping_rule,False,"Stopping rule triggered: 4 attempts already made, avoiding further automated contact",2026-08-23T05:57:01.779392
pay_8QJLZjriB9GLJJ,1565.83,card_declined,4,escalated_manual_review,escalate_to_human,stopping_rule,False,"Stopping rule triggered: 4 attempts already made, avoiding further automated contact",2026-08-23T05:57:01.779430
pay_QxFsDuxn15cx9K,303.6,incorrect_otp,3,auto_recovery_attempted,send_reminder,rule_based,False,Mapped incorrect_otp -> send_reminder (assumed success rate 30%),2026-08-23T05:57:01.779466
pay_5s2IkuNrEkqBww,819.39,issuer_unavailable,3,auto_recovery_attempted,retry_later_2h,rule_based,True,Mapped issuer_unavailable -> retry_later_2h (assumed success rate 55%),2026-08-23T05:57:01.779505
pay_WIaepqNS8Q4Wp3,702.57,upi_collect_expired,3,auto_recovery_attempted,resend_collect_request,rule_based,False,Mapped upi_collect_expired -> resend_collect_request (assumed success rate 50%),2026-08-23T05:57:01.779543
pay_VYUZusQXxCm3jb,1831.92,incorrect_pin,3,auto_recovery_attempted,send_reminder,rule_based,False,Mapped incorrect_pin -> send_reminder (assumed success rate 30%),2026-08-23T05:57:01.779592
pay_Jv1r0kg0kIOaRr,1153.69,wallet_service_down,3,auto_recovery_attempted,retry_later_2h,rule_based,True,Mapped wallet_service_down -> retry_later_2h (assumed success rate 55%),2026-08-23T05:57:01.779633
pay_ZsoqsxCMsXInJZ,609.45,payment_declined,1,auto_recovery_attempted,send_reminder,rule_based,True,Mapped payment_declined -> send_reminder (assumed success rate 30%),2026-08-23T05:57:01.779670
pay_2LMOH0zFPPNTla,264.83,upi_collect_expired,1,auto_recovery_attempted,resend_collect_request,rule_based,True,Mapped upi_collect_expired -> resend_collect_request (assumed success rate 50%),2026-08-23T05:57:01.779711
pay_LLi4TIqlLeKJgV,1172.52,bank_technical_error,4,escalated_manual_review,escalate_to_human,stopping_rule,False,"Stopping rule triggered: 4 attempts already made, avoiding further automated contact",2026-08-23T05:57:01.779750
pay_vlG8mgIDyqMqID,1894.41,upi_collect_expired,4,escalated_manual_review,escalate_to_human,stopping_rule,False,"Stopping rule triggered: 4 attempts already made, avoiding further automated contact",2026-08-23T05:57:01.779785
pay_dQ3vy7mUW65Rv0,1391.68,issuer_unavailable,4,escalated_manual_review,escalate_to_human,stopping_rule,False,"Stopping rule triggered: 4 attempts already made, avoiding further automated contact",2026-08-23T05:57:01.779821
pay_lPfTntMIE3CN8r,335.38,payment_declined,1,auto_recovery_attempted,send_reminder,rule_based,False,Mapped payment_declined -> send_reminder (assumed success rate 30%),2026-08-23T05:57:01.779859
pay_AkbmZBhLr5kGKi,3348.86,incorrect_pin,4,escalated_manual_review,escalate_to_human,stopping_rule,False,"Stopping rule triggered: 4 attempts already made, avoiding further automated contact",2026-08-23T05:57:01.779898
pay_7du6flOF47bJMC,245.19,card_declined,2,auto_recovery_attempted,send_reminder,rule_based,False,Mapped card_declined -> send_reminder (assumed success rate 30%),2026-08-23T05:57:01.779933
pay_7kuGhOSMhTCgwf,2457.04,payment_declined,1,auto_recovery_attempted,send_reminder,rule_based,False,Mapped payment_declined -> send_reminder (assumed success rate 30%),2026-08-23T05:57:01.779970
pay_2J9CVzk1LolAf9,1823.93,incorrect_otp,1,auto_recovery_attempted,send_reminder,rule_based,False,Mapped incorrect_otp -> send_reminder (assumed success rate 30%),2026-08-23T05:57:01.780005
pay_FK6Vbwq2sUGNtV,1002.62,upi_collect_expired,2,auto_recovery_attempted,resend_collect_request,rule_based,True,Mapped upi_collect_expired -> resend_collect_request (assumed success rate 50%),2026-08-23T05:57:01.780042
pay_5etzyyJJq1QxnA,143.85,insufficient_funds,4,escalated_manual_review,escalate_to_human,stopping_rule,False,"Stopping rule triggered: 4 attempts already made, avoiding further automated contact",2026-08-23T05:57:01.780082
pay_sElH2Fb31vRdql,1360.94,issuer_unavailable,3,auto_recovery_attempted,retry_later_2h,rule_based,True,Mapped issuer_unavailable -> retry_later_2h (assumed success rate 55%),2026-08-23T05:57:01.780116
pay_10oLxgEebUNCgg,2693.32,incorrect_otp,1,auto_recovery_attempted,send_reminder,rule_based,False,Mapped incorrect_otp -> send_reminder (assumed success rate 30%),2026-08-23T05:57:01.780155
pay_il3JoaVyqTdXMr,118.08,session_timed_out,4,escalated_manual_review,escalate_to_human,stopping_rule,False,"Stopping rule triggered: 4 attempts already made, avoiding further automated contact",2026-08-23T05:57:01.780195
pay_NSU5955PP2t16G,1455.66,incorrect_otp,1,auto_recovery_attempted,send_reminder,rule_based,True,Mapped incorrect_otp -> send_reminder (assumed success rate 30%),2026-08-23T05:57:01.780306
pay_xiKlHgf246UrOW,1632.76,incorrect_pin,3,auto_recovery_attempted,send_reminder,rule_based,True,Mapped incorrect_pin -> send_reminder (assumed success rate 30%),2026-08-23T05:57:01.780365
pay_07lzSsZEbPpu29,1304.41,emi_not_supported,4,escalated_manual_review,escalate_to_human,stopping_rule,False,"Stopping rule triggered: 4 attempts already made, avoiding further automated contact",2026-08-23T05:57:01.780408
pay_2STilfQMjScTaj,3087.47,upi_collect_expired,4,escalated_manual_review,escalate_to_human,stopping_rule,False,"Stopping rule triggered: 4 attempts already made, avoiding further automated contact",2026-08-23T05:57:01.780445
pay_YNnDnvOjc5fTRQ,533.79,insufficient_balance,1,auto_recovery_attempted,send_reminder,rule_based,True,Mapped insufficient_balance -> send_reminder (assumed success rate 30%),2026-08-23T05:57:01.780481
pay_xg09XHdtg0kMrT,849.74,card_declined,1,auto_recovery_attempted,send_reminder,rule_based,True,Mapped card_declined -> send_reminder (assumed success rate 30%),2026-08-23T05:57:01.780521
pay_OEf14W6em1scje,653.03,issuer_unavailable,1,auto_recovery_attempted,retry_later_2h,rule_based,False,Mapped issuer_unavailable -> retry_later_2h (assumed success rate 55%),2026-08-23T05:57:01.780566
pay_KF0l8rOrz1KUjx,1794.29,incorrect_otp,4,escalated_manual_review,escalate_to_human,stopping_rule,False,"Stopping rule triggered: 4 attempts already made, avoiding further automated contact",2026-08-23T05:57:01.780610
pay_oaXCwpOrR7oFde,2514.13,insufficient_funds,3,auto_recovery_attempted,retry_later_24h,rule_based,False,Mapped insufficient_funds -> retry_later_24h (assumed success rate 45%),2026-08-23T05:57:01.780646
pay_guvIeza8tdBEAb,118.28,incorrect_otp,4,escalated_manual_review,escalate_to_human,stopping_rule,False,"Stopping rule triggered: 4 attempts already made, avoiding further automated contact",2026-08-23T05:57:01.780684
pay_Mj118bxXSMDCNs,1730.15,wallet_service_down,2,auto_recovery_attempted,retry_later_2h,rule_based,False,Mapped wallet_service_down -> retry_later_2h (assumed success rate 55%),2026-08-23T05:57:01.780719
pay_ttptNMvtgsAdoE,1850.01,payment_declined,4,escalated_manual_review,escalate_to_human,stopping_rule,False,"Stopping rule triggered: 4 attempts already made, avoiding further automated contact",2026-08-23T05:57:01.780756
pay_ET9EV9j8MdTr1I,1482.44,bank_technical_error,2,auto_recovery_attempted,retry_immediately,rule_based,False,Mapped bank_technical_error -> retry_immediately (assumed success rate 65%),2026-08-23T05:57:01.780789
pay_ekOZyg6GLetuSe,3518.4,issuer_unavailable,2,auto_recovery_attempted,retry_later_2h,rule_based,False,Mapped issuer_unavailable -> retry_later_2h (assumed success rate 55%),2026-08-23T05:57:01.780826
pay_FUhn1Tk5ehgK6I,1383.51,payment_declined,2,auto_recovery_attempted,send_reminder,rule_based,True,Mapped payment_declined -> send_reminder (assumed success rate 30%),2026-08-23T05:57:01.780865
pay_Mz9jYI0ucMlW1a,682.21,incorrect_otp,2,auto_recovery_attempted,send_reminder,rule_based,False,Mapped incorrect_otp -> send_reminder (assumed success rate 30%),2026-08-23T05:57:01.780901
pay_EaNUvV8alp8PHu,1660.6,bank_technical_error,3,auto_recovery_attempted,retry_immediately,rule_based,True,Mapped bank_technical_error -> retry_immediately (assumed success rate 65%),2026-08-23T05:57:01.780936
pay_mQFrRp5WlqRU57,766.18,payment_declined,4,escalated_manual_review,escalate_to_human,stopping_rule,False,"Stopping rule triggered: 4 attempts already made, avoiding further automated contact",2026-08-23T05:57:01.780972
pay_CXZ7S4A5q425AE,2761.89,card_declined,2,auto_recovery_attempted,send_reminder,rule_based,False,Mapped card_declined -> send_reminder (assumed success rate 30%),2026-08-23T05:57:01.781007
pay_Kx4X22kXjBEkWE,1161.08,bank_technical_error,3,auto_recovery_attempted,retry_immediately,rule_based,False,Mapped bank_technical_error -> retry_immediately (assumed success rate 65%),2026-08-23T05:57:01.781043
pay_r4OrYkBoYEjFFj,1413.65,payment_declined,2,auto_recovery_attempted,send_reminder,rule_based,False,Mapped payment_declined -> send_reminder (assumed success rate 30%),2026-08-23T05:57:01.781083
pay_M4UAXBOQzbzyiB,4128.93,insufficient_funds,3,auto_recovery_attempted,retry_later_24h,rule_based,True,Mapped insufficient_funds -> retry_later_24h (assumed success rate 45%),2026-08-23T05:57:01.781120
pay_nAldQSy3Z7B3e3,1640.74,insufficient_balance,4,escalated_manual_review,escalate_to_human,stopping_rule,False,"Stopping rule triggered: 4 attempts already made, avoiding further automated contact",2026-08-23T05:57:01.781157
pay_Cgw4ERCTmUf9oc,3988.06,session_timed_out,2,auto_recovery_attempted,send_reminder,rule_based,True,Mapped session_timed_out -> send_reminder (assumed success rate 30%),2026-08-23T05:57:01.781191
pay_oXA0t8BzBnf5Yv,1806.74,session_timed_out,3,auto_recovery_attempted,send_reminder,rule_based,False,Mapped session_timed_out -> send_reminder (assumed success rate 30%),2026-08-23T05:57:01.781231
pay_jQ84A2MAiorSU3,119.69,card_declined,3,auto_recovery_attempted,send_reminder,rule_based,False,Mapped card_declined -> send_reminder (assumed success rate 30%),2026-08-23T05:57:01.781330
pay_OoLpHFzSGXoTuD,844.12,issuer_unavailable,3,auto_recovery_attempted,retry_later_2h,rule_based,False,Mapped issuer_unavailable -> retry_later_2h (assumed success rate 55%),2026-08-23T05:57:01.781387
pay_Fbws8at6HwlU52,1108.13,upi_collect_expired,3,auto_recovery_attempted,resend_collect_request,rule_based,True,Mapped upi_collect_expired -> resend_collect_request (assumed success rate 50%),2026-08-23T05:57:01.781428
pay_DNu3pyPEmyshHS,4777.84,upi_collect_expired,1,auto_recovery_attempted,resend_collect_request,rule_based,False,Mapped upi_collect_expired -> resend_collect_request (assumed success rate 50%),2026-08-23T05:57:01.781467
pay_2e2sU5NAc2uVUS,1434.41,incorrect_pin,4,escalated_manual_review,escalate_to_human,stopping_rule,False,"Stopping rule triggered: 4 attempts already made, avoiding further automated contact",2026-08-23T05:57:01.781505
pay_nBHwIrqcHE1fFX,240.89,card_declined,3,auto_recovery_attempted,send_reminder,rule_based,False,Mapped card_declined -> send_reminder (assumed success rate 30%),2026-08-23T05:57:01.781542
pay_uWkPUHJzj5j7IY,514.7,incorrect_otp,1,auto_recovery_attempted,send_reminder,rule_based,True,Mapped incorrect_otp -> send_reminder (assumed success rate 30%),2026-08-23T05:57:01.781591
pay_hd89FZX0Nog3St,1943.94,insufficient_funds,3,auto_recovery_attempted,retry_later_24h,rule_based,True,Mapped insufficient_funds -> retry_later_24h (assumed success rate 45%),2026-08-23T05:57:01.781633
pay_wJ2LH8txb1fvG6,3511.82,payment_declined,4,escalated_manual_review,escalate_to_human,stopping_rule,False,"Stopping rule triggered: 4 attempts already made, avoiding further automated contact",2026-08-23T05:57:01.781670
pay_5KViivqXOpkVkW,3069.41,upi_collect_expired,4,escalated_manual_review,escalate_to_human,stopping_rule,False,"Stopping rule triggered: 4 attempts already made, avoiding further automated contact",2026-08-23T05:57:01.781705
pay_iwUyMMFaVH0gGH,1757.33,card_declined,1,auto_recovery_attempted,send_reminder,rule_based,False,Mapped card_declined -> send_reminder (assumed success rate 30%),2026-08-23T05:57:01.781739
pay_0fpWrLTSoYrQqf,2850.96,incorrect_pin,4,escalated_manual_review,escalate_to_human,stopping_rule,False,"Stopping rule triggered: 4 attempts already made, avoiding further automated contact",2026-08-23T05:57:01.781776
pay_XdlcgrSLhxvb87,673.27,card_declined,1,auto_recovery_attempted,send_reminder,rule_based,False,Mapped card_declined -> send_reminder (assumed success rate 30%),2026-08-23T05:57:01.781810
pay_Ib7CRa9lt0c6Yu,1612.48,insufficient_funds,1,auto_recovery_attempted,retry_later_24h,rule_based,True,Mapped insufficient_funds -> retry_later_24h (assumed success rate 45%),2026-08-23T05:57:01.781850
pay_8iEIveCmvYK3L1,1887.85,insufficient_funds,3,auto_recovery_attempted,retry_later_24h,rule_based,False,Mapped insufficient_funds -> retry_later_24h (assumed success rate 45%),2026-08-23T05:57:01.781889
pay_YQiHmEJqbde2uG,388.16,insufficient_balance,4,escalated_manual_review,escalate_to_human,stopping_rule,False,"Stopping rule triggered: 4 attempts already made, avoiding further automated contact",2026-08-23T05:57:01.781927
pay_iI0fFlufjy87eO,675.72,issuer_unavailable,3,auto_recovery_attempted,retry_later_2h,rule_based,False,Mapped issuer_unavailable -> retry_later_2h (assumed success rate 55%),2026-08-23T05:57:01.781965
pay_BqvMqg62szlYux,2390.73,incorrect_otp,1,auto_recovery_attempted,send_reminder,rule_based,False,Mapped incorrect_otp -> send_reminder (assumed success rate 30%),2026-08-23T05:57:01.782007
pay_Ujfihmd7o6dU1H,360.17,upi_collect_expired,1,auto_recovery_attempted,resend_collect_request,rule_based,False,Mapped upi_collect_expired -> resend_collect_request (assumed success rate 50%),2026-08-23T05:57:01.782045
pay_yKIjw6meG0Sp2R,1001.33,session_timed_out,1,auto_recovery_attempted,send_reminder,rule_based,False,Mapped session_timed_out -> send_reminder (assumed success rate 30%),2026-08-23T05:57:01.782087
pay_MUPx4DZWO1h1PM,1832.58,insufficient_funds,4,escalated_manual_review,escalate_to_human,stopping_rule,False,"Stopping rule triggered: 4 attempts already made, avoiding further automated contact",2026-08-23T05:57:01.782125
pay_UYbcVadviOugNG,628.59,insufficient_funds,2,auto_recovery_attempted,retry_later_24h,rule_based,True,Mapped insufficient_funds -> retry_later_24h (assumed success rate 45%),2026-08-23T05:57:01.782161
pay_YxL2O4Jv4SOADf,2599.92,upi_collect_expired,2,auto_recovery_attempted,resend_collect_request,rule_based,True,Mapped upi_collect_expired -> resend_collect_request (assumed success rate 50%),2026-08-23T05:57:01.782199
pay_DR54upLnqjs4zt,3469.34,card_declined,4,escalated_manual_review,escalate_to_human,stopping_rule,False,"Stopping rule triggered: 4 attempts already made, avoiding further automated contact",2026-08-23T05:57:01.782266
pay_6pkHFwOB2J2anJ,6769.35,insufficient_balance,3,auto_recovery_attempted,send_reminder,rule_based,False,Mapped insufficient_balance -> send_reminder (assumed success rate 30%),2026-08-23T05:57:01.782322
pay_SPA7dJ17OSJgl2,642.47,issuer_unavailable,3,auto_recovery_attempted,retry_later_2h,rule_based,True,Mapped issuer_unavailable -> retry_later_2h (assumed success rate 55%),2026-08-23T05:57:01.782366
pay_Kn4rK8ZQc0D7ze,6024.53,insufficient_funds,2,auto_recovery_attempted,retry_later_24h,rule_based,True,Mapped insufficient_funds -> retry_later_24h (assumed success rate 45%),2026-08-23T05:57:01.782406
pay_nZemrhbviCkY3O,172.69,wallet_service_down,2,auto_recovery_attempted,retry_later_2h,rule_based,False,Mapped wallet_service_down -> retry_later_2h (assumed success rate 55%),2026-08-23T05:57:01.782445
pay_1UdigiH3tXVoCt,394.11,incorrect_otp,4,escalated_manual_review,escalate_to_human,stopping_rule,False,"Stopping rule triggered: 4 attempts already made, avoiding further automated contact",2026-08-23T05:57:01.782482
pay_Pn1crGv8Ckc59O,226.29,payment_declined,1,auto_recovery_attempted,send_reminder,rule_based,False,Mapped payment_declined -> send_reminder (assumed success rate 30%),2026-08-23T05:57:01.782518
pay_ST8YPfGMOgpvF0,2059.4,issuer_unavailable,4,escalated_manual_review,escalate_to_human,stopping_rule,False,"Stopping rule triggered: 4 attempts already made, avoiding further automated contact",2026-08-23T05:57:01.782563
pay_AnReHKBY1CHZsG,406.77,insufficient_balance,3,auto_recovery_attempted,send_reminder,rule_based,True,Mapped insufficient_balance -> send_reminder (assumed success rate 30%),2026-08-23T05:57:01.782605
pay_pjaYuKjSD0OOxY,3750.1,payment_declined,2,auto_recovery_attempted,send_reminder,rule_based,True,Mapped payment_declined -> send_reminder (assumed success rate 30%),2026-08-23T05:57:01.782644
pay_MAbvgQdt6mV7Qk,754.76,incorrect_otp,4,escalated_manual_review,escalate_to_human,stopping_rule,False,"Stopping rule triggered: 4 attempts already made, avoiding further automated contact",2026-08-23T05:57:01.782682
pay_inaD3ZJ7CZCZGq,646.16,card_declined,4,escalated_manual_review,escalate_to_human,stopping_rule,False,"Stopping rule triggered: 4 attempts already made, avoiding further automated contact",2026-08-23T05:57:01.782717
pay_KCJSl4UWgjkQkM,82.76,upi_collect_expired,2,auto_recovery_attempted,resend_collect_request,rule_based,False,Mapped upi_collect_expired -> resend_collect_request (assumed success rate 50%),2026-08-23T05:57:01.782750
pay_HUcE2OmrFfk7Kw,673.45,incorrect_pin,1,auto_recovery_attempted,send_reminder,rule_based,True,Mapped incorrect_pin -> send_reminder (assumed success rate 30%),2026-08-23T05:57:01.782788
pay_GWH6ZCEKE4v5KT,352.76,session_timed_out,1,auto_recovery_attempted,send_reminder,rule_based,True,Mapped session_timed_out -> send_reminder (assumed success rate 30%),2026-08-23T05:57:01.782825
pay_fnrhgoygRStcA7,2950.27,upi_collect_expired,2,auto_recovery_attempted,resend_collect_request,rule_based,True,Mapped upi_collect_expired -> resend_collect_request (assumed success rate 50%),2026-08-23T05:57:01.782864
pay_hZ7OJZjN4lOKMH,66.7,incorrect_otp,1,auto_recovery_attempted,send_reminder,rule_based,False,Mapped incorrect_otp -> send_reminder (assumed success rate 30%),2026-08-23T05:57:01.782905
pay_0vkEpSiTdwOnFH,2067.87,payment_declined,3,auto_recovery_attempted,send_reminder,rule_based,True,Mapped payment_declined -> send_reminder (assumed success rate 30%),2026-08-23T05:57:01.782942
pay_qWRE9AhLHraIWb,341.58,session_timed_out,3,auto_recovery_attempted,send_reminder,rule_based,False,Mapped session_timed_out -> send_reminder (assumed success rate 30%),2026-08-23T05:57:01.782980
pay_jZfQGjVMmTUCCV,575.54,incorrect_pin,4,escalated_manual_review,escalate_to_human,stopping_rule,False,"Stopping rule triggered: 4 attempts already made, avoiding further automated contact",2026-08-23T05:57:01.783016
pay_De0Ej43xY9SKbQ,965.17,issuer_unavailable,1,auto_recovery_attempted,retry_later_2h,rule_based,False,Mapped issuer_unavailable -> retry_later_2h (assumed success rate 55%),2026-08-23T05:57:01.783052
pay_VT8gRJrkbElZD9,1193.79,upi_collect_expired,3,auto_recovery_attempted,resend_collect_request,rule_based,True,Mapped upi_collect_expired -> resend_collect_request (assumed success rate 50%),2026-08-23T05:57:01.783090
pay_NkczSWo69cxhzD,1132.81,insufficient_funds,1,auto_recovery_attempted,retry_later_24h,rule_based,False,Mapped insufficient_funds -> retry_later_24h (assumed success rate 45%),2026-08-23T05:57:01.783129
pay_zroRtExbbCnDkr,607.03,incorrect_pin,3,auto_recovery_attempted,send_reminder,rule_based,False,Mapped incorrect_pin -> send_reminder (assumed success rate 30%),2026-08-23T05:57:01.783166
pay_NSGna028CRYCT0,962.69,incorrect_otp,2,auto_recovery_attempted,send_reminder,rule_based,False,Mapped incorrect_otp -> send_reminder (assumed success rate 30%),2026-08-23T05:57:01.783204
pay_qMkOM06FR16H1u,1017.48,issuer_unavailable,3,auto_recovery_attempted,retry_later_2h,rule_based,False,Mapped issuer_unavailable -> retry_later_2h (assumed success rate 55%),2026-08-23T05:57:01.783270
pay_ld3WZMvjOGoTcI,751.89,upi_collect_expired,1,auto_recovery_attempted,resend_collect_request,rule_based,False,Mapped upi_collect_expired -> resend_collect_request (assumed success rate 50%),2026-08-23T05:57:01.783326
pay_g46pt5gDB4YE2k,1893.25,incorrect_pin,4,escalated_manual_review,escalate_to_human,stopping_rule,False,"Stopping rule triggered: 4 attempts already made, avoiding further automated contact",2026-08-23T05:57:01.783369
pay_RkzBDcY4yXkKwW,974.88,payment_declined,1,auto_recovery_attempted,send_reminder,rule_based,True,Mapped payment_declined -> send_reminder (assumed success rate 30%),2026-08-23T05:57:01.783407
pay_Z0m0kcYakBlmIy,513.19,emi_not_supported,1,auto_recovery_attempted,suggest_alt_method,rule_based,False,Mapped emi_not_supported -> suggest_alt_method (assumed success rate 40%),2026-08-23T05:57:01.783445
pay_LmVsnAQ8UnE3XN,1126.97,bank_technical_error,1,auto_recovery_attempted,retry_immediately,rule_based,True,Mapped bank_technical_error -> retry_immediately (assumed success rate 65%),2026-08-23T05:57:01.783485
pay_yTQnsfqE9K2Au1,1024.22,insufficient_funds,2,auto_recovery_attempted,retry_later_24h,rule_based,True,Mapped insufficient_funds -> retry_later_24h (assumed success rate 45%),2026-08-23T05:57:01.783524
pay_r3DZGLak7zJGhP,841.67,upi_collect_expired,4,escalated_manual_review,escalate_to_human,stopping_rule,False,"Stopping rule triggered: 4 attempts already made, avoiding further automated contact",2026-08-23T05:57:01.783570
pay_deGBMKXQsOrBxW,412.35,bank_technical_error,1,auto_recovery_attempted,retry_immediately,rule_based,True,Mapped bank_technical_error -> retry_immediately (assumed success rate 65%),2026-08-23T05:57:01.783610
pay_mMatVgKH9J4yUE,2573.91,incorrect_pin,2,auto_recovery_attempted,send_reminder,rule_based,False,Mapped incorrect_pin -> send_reminder (assumed success rate 30%),2026-08-23T05:57:01.783652
pay_Y6wUY7k1qXwuys,324.73,incorrect_pin,2,auto_recovery_attempted,send_reminder,rule_based,False,Mapped incorrect_pin -> send_reminder (assumed success rate 30%),2026-08-23T05:57:01.783691
pay_ybkRfP2ggA8Fqn,1120.32,upi_collect_expired,4,escalated_manual_review,escalate_to_human,stopping_rule,False,"Stopping rule triggered: 4 attempts already made, avoiding further automated contact",2026-08-23T05:57:01.783730
pay_mntxnvPIx4awr5,382.58,card_declined,4,escalated_manual_review,escalate_to_human,stopping_rule,False,"Stopping rule triggered: 4 attempts already made, avoiding further automated contact",2026-08-23T05:57:01.783765
pay_tBpsZjOCqnXlqo,1417.91,session_timed_out,3,auto_recovery_attempted,send_reminder,rule_based,True,Mapped session_timed_out -> send_reminder (assumed success rate 30%),2026-08-23T05:57:01.783800
pay_niv1WV27pQFBZq,75.75,card_declined,1,auto_recovery_attempted,send_reminder,rule_based,False,Mapped card_declined -> send_reminder (assumed success rate 30%),2026-08-23T05:57:01.783838
pay_a634f9ZVvc50tZ,1369.08,incorrect_otp,2,auto_recovery_attempted,send_reminder,rule_based,True,Mapped incorrect_otp -> send_reminder (assumed success rate 30%),2026-08-23T05:57:01.783876
pay_I1f0pLz4NcW70y,2532.14,issuer_unavailable,4,escalated_manual_review,escalate_to_human,stopping_rule,False,"Stopping rule triggered: 4 attempts already made, avoiding further automated contact",2026-08-23T05:57:01.783913
pay_NUt1P6CFI2pp3k,4305.82,card_declined,1,auto_recovery_attempted,send_reminder,rule_based,False,Mapped card_declined -> send_reminder (assumed success rate 30%),2026-08-23T05:57:01.783946
pay_j3nY7FCETYm8ta,833.75,insufficient_funds,4,escalated_manual_review,escalate_to_human,stopping_rule,False,"Stopping rule triggered: 4 attempts already made, avoiding further automated contact",2026-08-23T05:57:01.783983
pay_WKXQta3VI8mPeq,786.97,session_timed_out,3,auto_recovery_attempted,send_reminder,rule_based,True,Mapped session_timed_out -> send_reminder (assumed success rate 30%),2026-08-23T05:57:01.784016
pay_EAdT2hpbp68aFP,2327.0,insufficient_funds,1,auto_recovery_attempted,retry_later_24h,rule_based,False,Mapped insufficient_funds -> retry_later_24h (assumed success rate 45%),2026-08-23T05:57:01.784061
pay_EdU8U94RuZttPM,1204.94,insufficient_funds,4,escalated_manual_review,escalate_to_human,stopping_rule,False,"Stopping rule triggered: 4 attempts already made, avoiding further automated contact",2026-08-23T05:57:01.784100
pay_Nw3fRIw4B51Vxl,2576.06,insufficient_funds,2,auto_recovery_attempted,retry_later_24h,rule_based,True,Mapped insufficient_funds -> retry_later_24h (assumed success rate 45%),2026-08-23T05:57:01.784135
pay_ABEfou7OLJV9vs,5072.2,payment_declined,1,auto_recovery_attempted,send_reminder,rule_based,False,Mapped payment_declined -> send_reminder (assumed success rate 30%),2026-08-23T05:57:01.784172
pay_pRGaAMoJU0wdm8,108.28,insufficient_balance,2,auto_recovery_attempted,send_reminder,rule_based,True,Mapped insufficient_balance -> send_reminder (assumed success rate 30%),2026-08-23T05:57:01.784209
pay_EBcptafkVOu9zd,4091.59,card_declined,2,auto_recovery_attempted,send_reminder,rule_based,False,Mapped card_declined -> send_reminder (assumed success rate 30%),2026-08-23T05:57:01.784323
pay_1ywaUNGc4myuzG,870.96,card_declined,3,auto_recovery_attempted,send_reminder,rule_based,True,Mapped card_declined -> send_reminder (assumed success rate 30%),2026-08-23T05:57:01.784367
pay_CBhd43eh5xHIYn,2106.21,incorrect_pin,3,auto_recovery_attempted,send_reminder,rule_based,False,Mapped incorrect_pin -> send_reminder (assumed success rate 30%),2026-08-23T05:57:01.784407
pay_VsdYkbhq2fr9y3,533.7,upi_collect_expired,2,auto_recovery_attempted,resend_collect_request,rule_based,False,Mapped upi_collect_expired -> resend_collect_request (assumed success rate 50%),2026-08-23T05:57:01.784448
pay_pfIKkaupYbTauQ,2101.6,upi_collect_expired,1,auto_recovery_attempted,resend_collect_request,rule_based,True,Mapped upi_collect_expired -> resend_collect_request (assumed success rate 50%),2026-08-23T05:57:01.784487
pay_m5gPmOmvR8jEUq,6694.95,upi_collect_expired,4,escalated_manual_review,escalate_to_human,stopping_rule,False,"Stopping rule triggered: 4 attempts already made, avoiding further automated contact",2026-08-23T05:57:01.784526
pay_z0fWt4tuWvLjQ4,3616.0,insufficient_funds,1,auto_recovery_attempted,retry_later_24h,rule_based,False,Mapped insufficient_funds -> retry_later_24h (assumed success rate 45%),2026-08-23T05:57:01.784569
pay_yLKDvZcNL1KS1l,1145.67,bank_technical_error,3,auto_recovery_attempted,retry_immediately,rule_based,False,Mapped bank_technical_error -> retry_immediately (assumed success rate 65%),2026-08-23T05:57:01.784615
pay_ZpoIOh590QXNs5,2913.99,issuer_unavailable,4,escalated_manual_review,escalate_to_human,stopping_rule,False,"Stopping rule triggered: 4 attempts already made, avoiding further automated contact",2026-08-23T05:57:01.784655
pay_kBpUygm04LRgnC,1276.64,wallet_service_down,4,escalated_manual_review,escalate_to_human,stopping_rule,False,"Stopping rule triggered: 4 attempts already made, avoiding further automated contact",2026-08-23T05:57:01.784691
pay_j7HBE5AwlBahED,1622.48,upi_collect_expired,4,escalated_manual_review,escalate_to_human,stopping_rule,False,"Stopping rule triggered: 4 attempts already made, avoiding further automated contact",2026-08-23T05:57:01.784726
pay_R0TjNVmy4y4FCU,220.39,incorrect_otp,1,auto_recovery_attempted,send_reminder,rule_based,False,Mapped incorrect_otp -> send_reminder (assumed success rate 30%),2026-08-23T05:57:01.784761
pay_IQZc6uH7MFYPVN,4102.54,card_declined,4,escalated_manual_review,escalate_to_human,stopping_rule,False,"Stopping rule triggered: 4 attempts already made, avoiding further automated contact",2026-08-23T05:57:01.784799
pay_1eX27YFigJxUlX,177.43,upi_collect_expired,2,auto_recovery_attempted,resend_collect_request,rule_based,False,Mapped upi_collect_expired -> resend_collect_request (assumed success rate 50%),2026-08-23T05:57:01.784833
pay_tf1JZUQo0CFzRN,120.53,incorrect_pin,4,escalated_manual_review,escalate_to_human,stopping_rule,False,"Stopping rule triggered: 4 attempts already made, avoiding further automated contact",2026-08-23T05:57:01.784869
pay_klKKjauSNqifb2,364.64,insufficient_funds,3,auto_recovery_attempted,retry_later_24h,rule_based,True,Mapped insufficient_funds -> retry_later_24h (assumed success rate 45%),2026-08-23T05:57:01.784902
pay_GGEDDNDVSA4toL,2992.66,incorrect_pin,3,auto_recovery_attempted,send_reminder,rule_based,True,Mapped incorrect_pin -> send_reminder (assumed success rate 30%),2026-08-23T05:57:01.784938
pay_uuoOEFAfJVxAh4,1683.13,insufficient_funds,3,auto_recovery_attempted,retry_later_24h,rule_based,False,Mapped insufficient_funds -> retry_later_24h (assumed success rate 45%),2026-08-23T05:57:01.784975
pay_8kjI7fLTvDEHOd,1466.58,card_declined,2,auto_recovery_attempted,send_reminder,rule_based,False,Mapped card_declined -> send_reminder (assumed success rate 30%),2026-08-23T05:57:01.785011
pay_itI2m3JOxdfDhA,256.02,card_declined,3,auto_recovery_attempted,send_reminder,rule_based,False,Mapped card_declined -> send_reminder (assumed success rate 30%),2026-08-23T05:57:01.785048
pay_gAv6XNMZGiKSrA,1969.64,incorrect_otp,4,escalated_manual_review,escalate_to_human,stopping_rule,False,"Stopping rule triggered: 4 attempts already made, avoiding further automated contact",2026-08-23T05:57:01.785087
pay_OHYabScf0VpWc2,2629.25,upi_collect_expired,2,auto_recovery_attempted,resend_collect_request,rule_based,True,Mapped upi_collect_expired -> resend_collect_request (assumed success rate 50%),2026-08-23T05:57:01.785122
pay_nDtqAQLqvOxf1t,2911.11,session_timed_out,1,auto_recovery_attempted,send_reminder,rule_based,False,Mapped session_timed_out -> send_reminder (assumed success rate 30%),2026-08-23T05:57:01.785158
pay_lkG8CB8yRz3ifl,5972.44,issuer_unavailable,3,auto_recovery_attempted,retry_later_2h,rule_based,False,Mapped issuer_unavailable -> retry_later_2h (assumed success rate 55%),2026-08-23T05:57:01.785195
pay_fjnlHo9kpWQwVd,4142.12,payment_declined,4,escalated_manual_review,escalate_to_human,stopping_rule,False,"Stopping rule triggered: 4 attempts already made, avoiding further automated contact",2026-08-23T05:57:01.785257
pay_NpMGZHq00DTFnk,326.27,emi_not_supported,3,auto_recovery_attempted,suggest_alt_method,rule_based,False,Mapped emi_not_supported -> suggest_alt_method (assumed success rate 40%),2026-08-23T05:57:01.785315
pay_XJ5zI4XmcaYn98,842.6,session_timed_out,1,auto_recovery_attempted,send_reminder,rule_based,False,Mapped session_timed_out -> send_reminder (assumed success rate 30%),2026-08-23T05:57:01.785358
pay_G4D8laO3TXNsHw,2607.26,session_timed_out,2,auto_recovery_attempted,send_reminder,rule_based,False,Mapped session_timed_out -> send_reminder (assumed success rate 30%),2026-08-23T05:57:01.785397
pay_ERlNGVKd47Z4Ra,577.16,insufficient_balance,1,auto_recovery_attempted,send_reminder,rule_based,False,Mapped insufficient_balance -> send_reminder (assumed success rate 30%),2026-08-23T05:57:01.785436
pay_WCwEXpx6GDKKrc,433.47,insufficient_balance,2,auto_recovery_attempted,send_reminder,rule_based,True,Mapped insufficient_balance -> send_reminder (assumed success rate 30%),2026-08-23T05:57:01.785476
pay_46VxldO3dr61UC,865.43,wallet_service_down,4,escalated_manual_review,escalate_to_human,stopping_rule,False,"Stopping rule triggered: 4 attempts already made, avoiding further automated contact",2026-08-23T05:57:01.785516
pay_5IygKkalw6h84w,597.98,upi_collect_expired,2,auto_recovery_attempted,resend_collect_request,rule_based,True,Mapped upi_collect_expired -> resend_collect_request (assumed success rate 50%),2026-08-23T05:57:01.785556
pay_NvF3fTXVtQlxgg,897.88,insufficient_balance,4,escalated_manual_review,escalate_to_human,stopping_rule,False,"Stopping rule triggered: 4 attempts already made, avoiding further automated contact",2026-08-23T05:57:01.785601
pay_Oqz3XApGpDrthz,2800.96,issuer_unavailable,1,auto_recovery_attempted,retry_later_2h,rule_based,False,Mapped issuer_unavailable -> retry_later_2h (assumed success rate 55%),2026-08-23T05:57:01.785638
pay_tRcSwtYcvvWKRt,5560.51,session_timed_out,4,escalated_manual_review,escalate_to_human,stopping_rule,False,"Stopping rule triggered: 4 attempts already made, avoiding further automated contact",2026-08-23T05:57:01.785677
pay_kBXLEuzZMmB6Fs,1388.42,payment_declined,1,auto_recovery_attempted,send_reminder,rule_based,False,Mapped payment_declined -> send_reminder (assumed success rate 30%),2026-08-23T05:57:01.785712
pay_2xOaOfrQFj6jaA,5369.55,issuer_unavailable,2,auto_recovery_attempted,retry_later_2h,rule_based,True,Mapped issuer_unavailable -> retry_later_2h (assumed success rate 55%),2026-08-23T05:57:01.785749
pay_Zxsb8br4q6sTKV,586.29,upi_collect_expired,1,auto_recovery_attempted,resend_collect_request,rule_based,True,Mapped upi_collect_expired -> resend_collect_request (assumed success rate 50%),2026-08-23T05:57:01.785787
pay_jCdojTTZLRUUak,903.35,upi_collect_expired,3,auto_recovery_attempted,resend_collect_request,rule_based,False,Mapped upi_collect_expired -> resend_collect_request (assumed success rate 50%),2026-08-23T05:57:01.785825
pay_xe9Qn7tnB5cQRq,130.22,issuer_unavailable,2,auto_recovery_attempted,retry_later_2h,rule_based,True,Mapped issuer_unavailable -> retry_later_2h (assumed success rate 55%),2026-08-23T05:57:01.785862
pay_60sVQ1JJD6ozCR,1807.98,incorrect_pin,1,auto_recovery_attempted,send_reminder,rule_based,True,Mapped incorrect_pin -> send_reminder (assumed success rate 30%),2026-08-23T05:57:01.785896
pay_wS2lzPr2hih09k,1662.17,incorrect_pin,2,auto_recovery_attempted,send_reminder,rule_based,False,Mapped incorrect_pin -> send_reminder (assumed success rate 30%),2026-08-23T05:57:01.785932
pay_GacCgsxxZFUw3I,239.78,session_timed_out,3,auto_recovery_attempted,send_reminder,rule_based,False,Mapped session_timed_out -> send_reminder (assumed success rate 30%),2026-08-23T05:57:01.785968
pay_rkiuxou2pu0jLx,110.88,bank_technical_error,3,auto_recovery_attempted,retry_immediately,rule_based,False,Mapped bank_technical_error -> retry_immediately (assumed success rate 65%),2026-08-23T05:57:01.786004
pay_6SASEIk7py25rh,1556.96,issuer_unavailable,3,auto_recovery_attempted,retry_later_2h,rule_based,True,Mapped issuer_unavailable -> retry_later_2h (assumed success rate 55%),2026-08-23T05:57:01.786044
pay_HnEmcHcBwYWnyD,889.88,upi_collect_expired,3,auto_recovery_attempted,resend_collect_request,rule_based,False,Mapped upi_collect_expired -> resend_collect_request (assumed success rate 50%),2026-08-23T05:57:01.786086
pay_F6Bh68vS1FF83U,5330.36,incorrect_pin,1,auto_recovery_attempted,send_reminder,rule_based,True,Mapped incorrect_pin -> send_reminder (assumed success rate 30%),2026-08-23T05:57:01.786123
pay_vChIKnSHzqdS5J,626.79,card_declined,4,escalated_manual_review,escalate_to_human,stopping_rule,False,"Stopping rule triggered: 4 attempts already made, avoiding further automated contact",2026-08-23T05:57:01.786158
pay_YEB4fkZKwk1KF6,119.73,upi_collect_expired,3,auto_recovery_attempted,resend_collect_request,rule_based,True,Mapped upi_collect_expired -> resend_collect_request (assumed success rate 50%),2026-08-23T05:57:01.786191
pay_XqynQGX711deR1,1763.66,payment_declined,4,escalated_manual_review,escalate_to_human,stopping_rule,False,"Stopping rule triggered: 4 attempts already made, avoiding further automated contact",2026-08-23T05:57:01.786228
pay_kCTgZZFhdlNioj,6721.82,payment_declined,1,auto_recovery_attempted,send_reminder,rule_based,False,Mapped payment_declined -> send_reminder (assumed success rate 30%),2026-08-23T05:57:01.786304
pay_5mHjG1cuiyoXyj,3533.34,insufficient_funds,1,auto_recovery_attempted,retry_later_24h,rule_based,False,Mapped insufficient_funds -> retry_later_24h (assumed success rate 45%),2026-08-23T05:57:01.786350
pay_NTkC39Tu1peOVT,1568.42,insufficient_balance,2,auto_recovery_attempted,send_reminder,rule_based,False,Mapped insufficient_balance -> send_reminder (assumed success rate 30%),2026-08-23T05:57:01.786390
pay_6VbLdkXVjylGAi,390.6,issuer_unavailable,1,auto_recovery_attempted,retry_later_2h,rule_based,False,Mapped issuer_unavailable -> retry_later_2h (assumed success rate 55%),2026-08-23T05:57:01.786429
pay_QH4pda6hx1by8i,6365.25,card_declined,1,auto_recovery_attempted,send_reminder,rule_based,False,Mapped card_declined -> send_reminder (assumed success rate 30%),2026-08-23T05:57:01.786472
pay_AppllZ3C4xwcIT,753.69,incorrect_pin,3,auto_recovery_attempted,send_reminder,rule_based,True,Mapped incorrect_pin -> send_reminder (assumed success rate 30%),2026-08-23T05:57:01.786510
pay_fVdbBtgV29nHwN,4419.74,incorrect_otp,3,auto_recovery_attempted,send_reminder,rule_based,False,Mapped incorrect_otp -> send_reminder (assumed success rate 30%),2026-08-23T05:57:01.786549
pay_EZkRsHeWXqOXc7,464.37,session_timed_out,1,auto_recovery_attempted,send_reminder,rule_based,True,Mapped session_timed_out -> send_reminder (assumed success rate 30%),2026-08-23T05:57:01.786599
pay_DVOaSKAIOCnfg8,5877.49,session_timed_out,1,auto_recovery_attempted,send_reminder,rule_based,True,Mapped session_timed_out -> send_reminder (assumed success rate 30%),2026-08-23T05:57:01.786639
pay_V56Xpdj0DAfrpt,1142.25,incorrect_otp,3,auto_recovery_attempted,send_reminder,rule_based,False,Mapped incorrect_otp -> send_reminder (assumed success rate 30%),2026-08-23T05:57:01.786678
pay_rMxgNp5cwbpsbC,8780.02,incorrect_otp,4,escalated_manual_review,escalate_to_human,stopping_rule,False,"Stopping rule triggered: 4 attempts already made, avoiding further automated contact",2026-08-23T05:57:01.786717
pay_XcC4qDXviBkjqc,7779.99,session_timed_out,3,auto_recovery_attempted,send_reminder,rule_based,False,Mapped session_timed_out -> send_reminder (assumed success rate 30%),2026-08-23T05:57:01.786751
pay_3xShB5AQibKK2Q,1576.89,card_declined,2,auto_recovery_attempted,send_reminder,rule_based,False,Mapped card_declined -> send_reminder (assumed success rate 30%),2026-08-23T05:57:01.786789
pay_sxFTrvK5HIXavi,1129.92,incorrect_pin,1,auto_recovery_attempted,send_reminder,rule_based,False,Mapped incorrect_pin -> send_reminder (assumed success rate 30%),2026-08-23T05:57:01.786828
pay_gQQW32RcpS8hNK,203.42,wallet_service_down,4,escalated_manual_review,escalate_to_human,stopping_rule,False,"Stopping rule triggered: 4 attempts already made, avoiding further automated contact",2026-08-23T05:57:01.786864
pay_wFxEfzASByAb87,228.24,incorrect_otp,2,auto_recovery_attempted,send_reminder,rule_based,False,Mapped incorrect_otp -> send_reminder (assumed success rate 30%),2026-08-23T05:57:01.786898
pay_Kd9BKTQ6kzWnlY,1758.86,incorrect_pin,1,auto_recovery_attempted,send_reminder,rule_based,False,Mapped incorrect_pin -> send_reminder (assumed success rate 30%),2026-08-23T05:57:01.786934
pay_AKPqFzacvfFFbM,397.61,upi_collect_expired,1,auto_recovery_attempted,resend_collect_request,rule_based,False,Mapped upi_collect_expired -> resend_collect_request (assumed success rate 50%),2026-08-23T05:57:01.786973
pay_Gia8LkQyGhcSFM,632.88,bank_technical_error,3,auto_recovery_attempted,retry_immediately,rule_based,True,Mapped bank_technical_error -> retry_immediately (assumed success rate 65%),2026-08-23T05:57:01.787010
pay_ngu9UHsgeeZmw2,2326.63,issuer_unavailable,3,auto_recovery_attempted,retry_later_2h,rule_based,True,Mapped issuer_unavailable -> retry_later_2h (assumed success rate 55%),2026-08-23T05:57:01.787046
pay_qJaNMi5iNeygZW,1186.22,wallet_service_down,3,auto_recovery_attempted,retry_later_2h,rule_based,False,Mapped wallet_service_down -> retry_later_2h (assumed success rate 55%),2026-08-23T05:57:01.787085
pay_RmNGoVYmjEI8uw,273.05,issuer_unavailable,2,auto_recovery_attempted,retry_later_2h,rule_based,True,Mapped issuer_unavailable -> retry_later_2h (assumed success rate 55%),2026-08-23T05:57:01.787122
pay_lsCCtD2wA94s9f,3918.0,issuer_unavailable,1,auto_recovery_attempted,retry_later_2h,rule_based,True,Mapped issuer_unavailable -> retry_later_2h (assumed success rate 55%),2026-08-23T05:57:01.787176
pay_eWIYQ4SXCXxXqA,1012.83,bank_technical_error,4,escalated_manual_review,escalate_to_human,stopping_rule,False,"Stopping rule triggered: 4 attempts already made, avoiding further automated contact",2026-08-23T05:57:01.787220
pay_3aTFXr3Xho0yYh,1457.35,incorrect_otp,4,escalated_manual_review,escalate_to_human,stopping_rule,False,"Stopping rule triggered: 4 attempts already made, avoiding further automated contact",2026-08-23T05:57:01.787291
pay_IcKghpG9ydOq3b,599.84,incorrect_otp,1,auto_recovery_attempted,send_reminder,rule_based,False,Mapped incorrect_otp -> send_reminder (assumed success rate 30%),2026-08-23T05:57:01.787336
pay_NpV9i33IrLKifr,1193.56,insufficient_funds,2,auto_recovery_attempted,retry_later_24h,rule_based,True,Mapped insufficient_funds -> retry_later_24h (assumed success rate 45%),2026-08-23T05:57:01.787378
pay_X5rySeRTvZ0h52,489.44,card_declined,1,auto_recovery_attempted,send_reminder,rule_based,False,Mapped card_declined -> send_reminder (assumed success rate 30%),2026-08-23T05:57:01.787417
pay_PxtHhfqE7FH1NA,2316.39,incorrect_otp,4,escalated_manual_review,escalate_to_human,stopping_rule,False,"Stopping rule triggered: 4 attempts already made, avoiding further automated contact",2026-08-23T05:57:01.787457
pay_uwTSmVqnjLuJOB,2383.42,incorrect_otp,3,auto_recovery_attempted,send_reminder,rule_based,False,Mapped incorrect_otp -> send_reminder (assumed success rate 30%),2026-08-23T05:57:01.787492
pay_IafIGaA1VuRp9R,1704.89,payment_declined,4,escalated_manual_review,escalate_to_human,stopping_rule,False,"Stopping rule triggered: 4 attempts already made, avoiding further automated contact",2026-08-23T05:57:01.787531
pay_IfeKf7aW4ISnW2,1796.99,insufficient_funds,1,auto_recovery_attempted,retry_later_24h,rule_based,False,Mapped insufficient_funds -> retry_later_24h (assumed success rate 45%),2026-08-23T05:57:01.787574
pay_iFTSiwvjkJ1Eek,52.4,session_timed_out,2,auto_recovery_attempted,send_reminder,rule_based,False,Mapped session_timed_out -> send_reminder (assumed success rate 30%),2026-08-23T05:57:01.787617
pay_yJzHx13hYLOLTH,1273.71,insufficient_funds,1,auto_recovery_attempted,retry_later_24h,rule_based,True,Mapped insufficient_funds -> retry_later_24h (assumed success rate 45%),2026-08-23T05:57:01.787657
pay_e8aanwggyvxRBv,1950.42,payment_declined,4,escalated_manual_review,escalate_to_human,stopping_rule,False,"Stopping rule triggered: 4 attempts already made, avoiding further automated contact",2026-08-23T05:57:01.787698
pay_vHynnRB2oRM5RD,560.99,payment_declined,3,auto_recovery_attempted,send_reminder,rule_based,False,Mapped payment_declined -> send_reminder (assumed success rate 30%),2026-08-23T05:57:01.787733
pay_r58bMcjlswA97K,901.88,card_declined,2,auto_recovery_attempted,send_reminder,rule_based,False,Mapped card_declined -> send_reminder (assumed success rate 30%),2026-08-23T05:57:01.787772
pay_SiAHHOz474iSr8,817.03,incorrect_otp,2,auto_recovery_attempted,send_reminder,rule_based,False,Mapped incorrect_otp -> send_reminder (assumed success rate 30%),2026-08-23T05:57:01.787810
pay_8xbv6hKt5PLK0o,135.43,payment_declined,3,auto_recovery_attempted,send_reminder,rule_based,False,Mapped payment_declined -> send_reminder (assumed success rate 30%),2026-08-23T05:57:01.787849
pay_ageO961XRSXcCv,1726.57,upi_collect_expired,1,auto_recovery_attempted,resend_collect_request,rule_based,False,Mapped upi_collect_expired -> resend_collect_request (assumed success rate 50%),2026-08-23T05:57:01.787887
pay_J8A7LffigZP7FZ,308.05,card_declined,4,escalated_manual_review,escalate_to_human,stopping_rule,False,"Stopping rule triggered: 4 attempts already made, avoiding further automated contact",2026-08-23T05:57:01.787924
pay_IYyb6Ru1PrDWQn,951.97,issuer_unavailable,4,escalated_manual_review,escalate_to_human,stopping_rule,False,"Stopping rule triggered: 4 attempts already made, avoiding further automated contact",2026-08-23T05:57:01.787959
pay_YqMc6brm2JosZA,78.31,insufficient_funds,2,auto_recovery_attempted,retry_later_24h,rule_based,True,Mapped insufficient_funds -> retry_later_24h (assumed success rate 45%),2026-08-23T05:57:01.787991
pay_y3DQOpdCxELyND,741.16,incorrect_otp,4,escalated_manual_review,escalate_to_human,stopping_rule,False,"Stopping rule triggered: 4 attempts already made, avoiding further automated contact",2026-08-23T05:57:01.788029
pay_mjHNzEsZ40W8tH,584.07,incorrect_pin,1,auto_recovery_attempted,send_reminder,rule_based,False,Mapped incorrect_pin -> send_reminder (assumed success rate 30%),2026-08-23T05:57:01.788065
pay_EtmuaF0s34zVmK,2178.13,incorrect_pin,2,auto_recovery_attempted,send_reminder,rule_based,False,Mapped incorrect_pin -> send_reminder (assumed success rate 30%),2026-08-23T05:57:01.788103
pay_DuPhwgYSa1OdJp,66.7,incorrect_pin,4,escalated_manual_review,escalate_to_human,stopping_rule,False,"Stopping rule triggered: 4 attempts already made, avoiding further automated contact",2026-08-23T05:57:01.788141
pay_kpK3KEiqarYnyM,2567.13,payment_declined,1,auto_recovery_attempted,send_reminder,rule_based,False,Mapped payment_declined -> send_reminder (assumed success rate 30%),2026-08-23T05:57:01.788174
pay_BvQoGanLz0lc58,2018.7,bank_technical_error,4,escalated_manual_review,escalate_to_human,stopping_rule,False,"Stopping rule triggered: 4 attempts already made, avoiding further automated contact",2026-08-23T05:57:01.788211
pay_xK7Bmf8NdWMtix,2606.91,bank_technical_error,1,auto_recovery_attempted,retry_immediately,rule_based,True,Mapped bank_technical_error -> retry_immediately (assumed success rate 65%),2026-08-23T05:57:01.788331
pay_Vt0GN1ay8V2YWl,181.01,payment_declined,2,auto_recovery_attempted,send_reminder,rule_based,False,Mapped payment_declined -> send_reminder (assumed success rate 30%),2026-08-23T05:57:01.788375
pay_l3gMewhmDQYmZN,1321.2,card_declined,3,auto_recovery_attempted,send_reminder,rule_based,False,Mapped card_declined -> send_reminder (assumed success rate 30%),2026-08-23T05:57:01.788415
pay_BXWSkhQOK3MTnU,4178.92,incorrect_otp,2,auto_recovery_attempted,send_reminder,rule_based,False,Mapped incorrect_otp -> send_reminder (assumed success rate 30%),2026-08-23T05:57:01.788456
pay_nnK7fQ9Gvj9UrJ,9803.08,insufficient_funds,4,escalated_manual_review,escalate_to_human,stopping_rule,False,"Stopping rule triggered: 4 attempts already made, avoiding further automated contact",2026-08-23T05:57:01.788495
pay_xc6KrjR8rpnCci,1072.52,wallet_service_down,3,auto_recovery_attempted,retry_later_2h,rule_based,False,Mapped wallet_service_down -> retry_later_2h (assumed success rate 55%),2026-08-23T05:57:01.788531
pay_re1tn6sxsNXU4r,297.7,incorrect_otp,2,auto_recovery_attempted,send_reminder,rule_based,True,Mapped incorrect_otp -> send_reminder (assumed success rate 30%),2026-08-23T05:57:01.788579
pay_KL6W6IVhHVFrZm,1582.32,card_declined,2,auto_recovery_attempted,send_reminder,rule_based,False,Mapped card_declined -> send_reminder (assumed success rate 30%),2026-08-23T05:57:01.788621
pay_deAhkHeR8bwW2M,3003.76,insufficient_funds,3,auto_recovery_attempted,retry_later_24h,rule_based,False,Mapped insufficient_funds -> retry_later_24h (assumed success rate 45%),2026-08-23T05:57:01.788660
pay_XfTnqjcbhq9GSL,7853.76,insufficient_balance,2,auto_recovery_attempted,send_reminder,rule_based,True,Mapped insufficient_balance -> send_reminder (assumed success rate 30%),2026-08-23T05:57:01.788698
pay_lvCaGbM8SjVe2a,123.7,card_declined,3,auto_recovery_attempted,send_reminder,rule_based,False,Mapped card_declined -> send_reminder (assumed success rate 30%),2026-08-23T05:57:01.788735
pay_8NGyE3h23pWr1L,941.26,payment_declined,2,auto_recovery_attempted,send_reminder,rule_based,False,Mapped payment_declined -> send_reminder (assumed success rate 30%),2026-08-23T05:57:01.788771
pay_jwVD6aePbm9sey,3436.78,insufficient_funds,3,auto_recovery_attempted,retry_later_24h,rule_based,False,Mapped insufficient_funds -> retry_later_24h (assumed success rate 45%),2026-08-23T05:57:01.788809
pay_4ZKPyn8tg6KowF,256.86,payment_declined,1,auto_recovery_attempted,send_reminder,rule_based,False,Mapped payment_declined -> send_reminder (assumed success rate 30%),2026-08-23T05:57:01.788846
pay_SYUw0n9Ps4WD7L,813.09,emi_not_supported,2,auto_recovery_attempted,suggest_alt_method,rule_based,False,Mapped emi_not_supported -> suggest_alt_method (assumed success rate 40%),2026-08-23T05:57:01.788883
pay_NflEN2mPNtYvvU,4377.6,card_declined,3,auto_recovery_attempted,send_reminder,rule_based,False,Mapped card_declined -> send_reminder (assumed success rate 30%),2026-08-23T05:57:01.788920
pay_fMfJ0D689inLPN,2620.35,incorrect_otp,3,auto_recovery_attempted,send_reminder,rule_based,True,Mapped incorrect_otp -> send_reminder (assumed success rate 30%),2026-08-23T05:57:01.788956
pay_cSX3HgzNN1T2cR,3704.21,issuer_unavailable,4,escalated_manual_review,escalate_to_human,stopping_rule,False,"Stopping rule triggered: 4 attempts already made, avoiding further automated contact",2026-08-23T05:57:01.788993
pay_JhFSkdNas6qA1A,2066.52,bank_technical_error,2,auto_recovery_attempted,retry_immediately,rule_based,False,Mapped bank_technical_error -> retry_immediately (assumed success rate 65%),2026-08-23T05:57:01.789028
pay_PAFXC68WAbYkkU,924.62,card_declined,1,auto_recovery_attempted,send_reminder,rule_based,False,Mapped card_declined -> send_reminder (assumed success rate 30%),2026-08-23T05:57:01.789067
pay_brf2H15CcNLbcr,987.71,incorrect_pin,3,auto_recovery_attempted,send_reminder,rule_based,False,Mapped incorrect_pin -> send_reminder (assumed success rate 30%),2026-08-23T05:57:01.789104
pay_Ur0gjqK6Tx8yuJ,921.75,upi_collect_expired,4,escalated_manual_review,escalate_to_human,stopping_rule,False,"Stopping rule triggered: 4 attempts already made, avoiding further automated contact",2026-08-23T05:57:01.789141
pay_mAo593LZ1pSq0s,2491.29,payment_declined,1,auto_recovery_attempted,send_reminder,rule_based,False,Mapped payment_declined -> send_reminder (assumed success rate 30%),2026-08-23T05:57:01.789176
pay_434PAcPCZ1oQot,3560.95,bank_technical_error,1,auto_recovery_attempted,retry_immediately,rule_based,True,Mapped bank_technical_error -> retry_immediately (assumed success rate 65%),2026-08-23T05:57:01.789215
pay_PJSLhGPIwqtdCe,434.81,incorrect_otp,2,auto_recovery_attempted,send_reminder,rule_based,False,Mapped incorrect_otp -> send_reminder (assumed success rate 30%),2026-08-23T05:57:01.789282
pay_LXJ4G6swRr4r5d,1477.3,incorrect_otp,4,escalated_manual_review,escalate_to_human,stopping_rule,False,"Stopping rule triggered: 4 attempts already made, avoiding further automated contact",2026-08-23T05:57:01.789335
pay_oTSVkIR9Z73RC2,5717.35,session_timed_out,4,escalated_manual_review,escalate_to_human,stopping_rule,False,"Stopping rule triggered: 4 attempts already made, avoiding further automated contact",2026-08-23T05:57:01.789375
pay_q2Nbw4ozSVC269,2557.11,incorrect_otp,2,auto_recovery_attempted,send_reminder,rule_based,False,Mapped incorrect_otp -> send_reminder (assumed success rate 30%),2026-08-23T05:57:01.789412
pay_A25EnGxuYDBWZB,2436.41,upi_collect_expired,3,auto_recovery_attempted,resend_collect_request,rule_based,False,Mapped upi_collect_expired -> resend_collect_request (assumed success rate 50%),2026-08-23T05:57:01.789452
pay_PYJegHUCyeIOr2,1078.59,issuer_unavailable,2,auto_recovery_attempted,retry_later_2h,rule_based,False,Mapped issuer_unavailable -> retry_later_2h (assumed success rate 55%),2026-08-23T05:57:01.789490
pay_AgPc5UiLOJIlDL,1210.88,payment_declined,1,auto_recovery_attempted,send_reminder,rule_based,False,Mapped payment_declined -> send_reminder (assumed success rate 30%),2026-08-23T05:57:01.789528
pay_gZORbbUXeHvnic,576.16,payment_declined,4,escalated_manual_review,escalate_to_human,stopping_rule,False,"Stopping rule triggered: 4 attempts already made, avoiding further automated contact",2026-08-23T05:57:01.789576
pay_uXtyTBU7zzxeAu,131.55,issuer_unavailable,3,auto_recovery_attempted,retry_later_2h,rule_based,False,Mapped issuer_unavailable -> retry_later_2h (assumed success rate 55%),2026-08-23T05:57:01.789620
pay_LL2bAWTHNRPbHU,2886.03,card_declined,4,escalated_manual_review,escalate_to_human,stopping_rule,False,"Stopping rule triggered: 4 attempts already made, avoiding further automated contact",2026-08-23T05:57:01.789659
pay_2PryDZRdkQeS9W,1494.49,incorrect_otp,4,escalated_manual_review,escalate_to_human,stopping_rule,False,"Stopping rule triggered: 4 attempts already made, avoiding further automated contact",2026-08-23T05:57:01.789694
pay_eroNYCrrbhT9lJ,587.24,wallet_service_down,1,auto_recovery_attempted,retry_later_2h,rule_based,True,Mapped wallet_service_down -> retry_later_2h (assumed success rate 55%),2026-08-23T05:57:01.789729
pay_5jXKPFnKm6UL1X,2150.77,card_declined,3,auto_recovery_attempted,send_reminder,rule_based,False,Mapped card_declined -> send_reminder (assumed success rate 30%),2026-08-23T05:57:01.789768
pay_phtUgWP5aqsOyG,1952.72,upi_collect_expired,3,auto_recovery_attempted,resend_collect_request,rule_based,True,Mapped upi_collect_expired -> resend_collect_request (assumed success rate 50%),2026-08-23T05:57:01.789806
pay_sPgfHNoHuxjlkA,1577.11,insufficient_funds,2,auto_recovery_attempted,retry_later_24h,rule_based,False,Mapped insufficient_funds -> retry_later_24h (assumed success rate 45%),2026-08-23T05:57:01.789844
pay_eGZQi50vYbzrX0,2763.49,issuer_unavailable,3,auto_recovery_attempted,retry_later_2h,rule_based,True,Mapped issuer_unavailable -> retry_later_2h (assumed success rate 55%),2026-08-23T05:57:01.789881
pay_HWDa7z2cCr6VeV,6062.87,upi_collect_expired,4,escalated_manual_review,escalate_to_human,stopping_rule,False,"Stopping rule triggered: 4 attempts already made, avoiding further automated contact",2026-08-23T05:57:01.789920
pay_qEOAlO2edeNLjQ,1848.12,issuer_unavailable,3,auto_recovery_attempted,retry_later_2h,rule_based,True,Mapped issuer_unavailable -> retry_later_2h (assumed success rate 55%),2026-08-23T05:57:01.789953
pay_P5jtvwaVWKwEpg,1522.99,insufficient_funds,3,auto_recovery_attempted,retry_later_24h,rule_based,False,Mapped insufficient_funds -> retry_later_24h (assumed success rate 45%),2026-08-23T05:57:01.789992
pay_AnGFgGTeGI4GYv,119.98,issuer_unavailable,1,auto_recovery_attempted,retry_later_2h,rule_based,True,Mapped issuer_unavailable -> retry_later_2h (assumed success rate 55%),2026-08-23T05:57:01.790031
pay_el7ua4xmuXk0CY,3190.59,incorrect_pin,2,auto_recovery_attempted,send_reminder,rule_based,False,Mapped incorrect_pin -> send_reminder (assumed success rate 30%),2026-08-23T05:57:01.790070
pay_mhYgKZmfH9yBgB,388.94,payment_declined,4,escalated_manual_review,escalate_to_human,stopping_rule,False,"Stopping rule triggered: 4 attempts already made, avoiding further automated contact",2026-08-23T05:57:01.790107
pay_RdCWdxBlZ0v8R2,877.6,issuer_unavailable,1,auto_recovery_attempted,retry_later_2h,rule_based,True,Mapped issuer_unavailable -> retry_later_2h (assumed success rate 55%),2026-08-23T05:57:01.790141
pay_Udx8PR3snUppRI,422.5,incorrect_pin,1,auto_recovery_attempted,send_reminder,rule_based,True,Mapped incorrect_pin -> send_reminder (assumed success rate 30%),2026-08-23T05:57:01.790178
pay_JVJ6WTK39xXohQ,5799.9,card_declined,4,escalated_manual_review,escalate_to_human,stopping_rule,False,"Stopping rule triggered: 4 attempts already made, avoiding further automated contact",2026-08-23T05:57:01.790217
pay_fhA1Olss6scDFq,80.56,issuer_unavailable,2,auto_recovery_attempted,retry_later_2h,rule_based,False,Mapped issuer_unavailable -> retry_later_2h (assumed success rate 55%),2026-08-23T05:57:01.790280
pay_LE0R2ZrOsiU4TJ,456.03,insufficient_funds,1,auto_recovery_attempted,retry_later_24h,rule_based,True,Mapped insufficient_funds -> retry_later_24h (assumed success rate 45%),2026-08-23T05:57:01.790334
pay_ysjqpg0RLKXT7a,792.72,insufficient_funds,4,escalated_manual_review,escalate_to_human,stopping_rule,False,"Stopping rule triggered: 4 attempts already made, avoiding further automated contact",2026-08-23T05:57:01.790376
pay_R6LSFTLtJd4kdx,2201.37,issuer_unavailable,2,auto_recovery_attempted,retry_later_2h,rule_based,True,Mapped issuer_unavailable -> retry_later_2h (assumed success rate 55%),2026-08-23T05:57:01.790414
pay_Xj4Lj6weQBZWcu,919.31,incorrect_otp,1,auto_recovery_attempted,send_reminder,rule_based,False,Mapped incorrect_otp -> send_reminder (assumed success rate 30%),2026-08-23T05:57:01.790454
pay_xvxwUcPQpWU2yr,5583.4,issuer_unavailable,4,escalated_manual_review,escalate_to_human,stopping_rule,False,"Stopping rule triggered: 4 attempts already made, avoiding further automated contact",2026-08-23T05:57:01.790492
pay_V5Z4RjRexLGZib,12775.58,insufficient_funds,3,auto_recovery_attempted,retry_later_24h,rule_based,False,Mapped insufficient_funds -> retry_later_24h (assumed success rate 45%),2026-08-23T05:57:01.790527
pay_hGqdH4zLUlQD2k,2564.67,issuer_unavailable,4,escalated_manual_review,escalate_to_human,stopping_rule,False,"Stopping rule triggered: 4 attempts already made, avoiding further automated contact",2026-08-23T05:57:01.790574
pay_pRX9PGmJtBUcxB,2406.87,incorrect_otp,3,auto_recovery_attempted,send_reminder,rule_based,True,Mapped incorrect_otp -> send_reminder (assumed success rate 30%),2026-08-23T05:57:01.790614
pay_7a5BqG8ceHTwyd,744.86,incorrect_pin,2,auto_recovery_attempted,send_reminder,rule_based,False,Mapped incorrect_pin -> send_reminder (assumed success rate 30%),2026-08-23T05:57:01.790654
pay_KdrrUMhDr1aq3j,191.17,incorrect_otp,1,auto_recovery_attempted,send_reminder,rule_based,True,Mapped incorrect_otp -> send_reminder (assumed success rate 30%),2026-08-23T05:57:01.790693
pay_FQUYgaq6ocIUWv,350.66,bank_technical_error,4,escalated_manual_review,escalate_to_human,stopping_rule,False,"Stopping rule triggered: 4 attempts already made, avoiding further automated contact",2026-08-23T05:57:01.790731
pay_aHhSKUjvUNAUQk,1321.86,incorrect_otp,1,auto_recovery_attempted,send_reminder,rule_based,True,Mapped incorrect_otp -> send_reminder (assumed success rate 30%),2026-08-23T05:57:01.790766
pay_L0xwITwn5a4Q7O,107.31,insufficient_balance,4,escalated_manual_review,escalate_to_human,stopping_rule,False,"Stopping rule triggered: 4 attempts already made, avoiding further automated contact",2026-08-23T05:57:01.790808
pay_cGz1l1BUvdW2Fy,900.3,insufficient_funds,2,auto_recovery_attempted,retry_later_24h,rule_based,False,Mapped insufficient_funds -> retry_later_24h (assumed success rate 45%),2026-08-23T05:57:01.790842
pay_Krxvch0rzPxcEN,2113.55,card_declined,2,auto_recovery_attempted,send_reminder,rule_based,False,Mapped card_declined -> send_reminder (assumed success rate 30%),2026-08-23T05:57:01.790880
pay_E9Wc2iFQ0GPchU,1480.65,bank_technical_error,1,auto_recovery_attempted,retry_immediately,rule_based,True,Mapped bank_technical_error -> retry_immediately (assumed success rate 65%),2026-08-23T05:57:01.790917
pay_dn0zlKGw9mTg5q,787.86,issuer_unavailable,2,auto_recovery_attempted,retry_later_2h,rule_based,False,Mapped issuer_unavailable -> retry_later_2h (assumed success rate 55%),2026-08-23T05:57:01.790955
pay_oaImBy8uDPXoAb,3292.54,session_timed_out,2,auto_recovery_attempted,send_reminder,rule_based,False,Mapped session_timed_out -> send_reminder (assumed success rate 30%),2026-08-23T05:57:01.790992
pay_MTDQesEwza325Q,250.12,payment_declined,4,escalated_manual_review,escalate_to_human,stopping_rule,False,"Stopping rule triggered: 4 attempts already made, avoiding further automated contact",2026-08-23T05:57:01.791029
pay_UbjBtkjXtDA6Kp,1783.15,card_declined,1,auto_recovery_attempted,send_reminder,rule_based,False,Mapped card_declined -> send_reminder (assumed success rate 30%),2026-08-23T05:57:01.791066
pay_wNReyuVNbyfOya,1294.36,payment_declined,2,auto_recovery_attempted,send_reminder,rule_based,False,Mapped payment_declined -> send_reminder (assumed success rate 30%),2026-08-23T05:57:01.791104
pay_FZ1LM13dSIlPXG,1520.38,insufficient_funds,1,auto_recovery_attempted,retry_later_24h,rule_based,False,Mapped insufficient_funds -> retry_later_24h (assumed success rate 45%),2026-08-23T05:57:01.791142
pay_6QVelUhn7oNkMx,1760.78,incorrect_otp,3,auto_recovery_attempted,send_reminder,rule_based,True,Mapped incorrect_otp -> send_reminder (assumed success rate 30%),2026-08-23T05:57:01.791178
pay_x0SPihG9WgR3Nh,3134.57,session_timed_out,1,auto_recovery_attempted,send_reminder,rule_based,False,Mapped session_timed_out -> send_reminder (assumed success rate 30%),2026-08-23T05:57:01.791214
pay_7rX0398JHLvHJe,1858.74,card_declined,2,auto_recovery_attempted,send_reminder,rule_based,True,Mapped card_declined -> send_reminder (assumed success rate 30%),2026-08-23T05:57:01.791278
pay_tYxlSyEOKxAHAn,5505.82,payment_declined,3,auto_recovery_attempted,send_reminder,rule_based,True,Mapped payment_declined -> send_reminder (assumed success rate 30%),2026-08-23T05:57:01.791333
pay_jDz9KHrQ6ig4wM,2285.81,card_declined,3,auto_recovery_attempted,send_reminder,rule_based,False,Mapped card_declined -> send_reminder (assumed success rate 30%),2026-08-23T05:57:01.791376
pay_U60j6LJIgctFd4,443.99,card_declined,3,auto_recovery_attempted,send_reminder,rule_based,False,Mapped card_declined -> send_reminder (assumed success rate 30%),2026-08-23T05:57:01.791416
pay_jmUibynyrKfYae,829.06,incorrect_otp,3,auto_recovery_attempted,send_reminder,rule_based,False,Mapped incorrect_otp -> send_reminder (assumed success rate 30%),2026-08-23T05:57:01.791454
pay_8FFDinYfvnUZWw,315.05,issuer_unavailable,4,escalated_manual_review,escalate_to_human,stopping_rule,False,"Stopping rule triggered: 4 attempts already made, avoiding further automated contact",2026-08-23T05:57:01.791492
pay_JwDIamgyrWan71,370.97,issuer_unavailable,2,auto_recovery_attempted,retry_later_2h,rule_based,True,Mapped issuer_unavailable -> retry_later_2h (assumed success rate 55%),2026-08-23T05:57:01.791528
pay_LIhpsqDv2oTeQ2,669.6,insufficient_funds,4,escalated_manual_review,escalate_to_human,stopping_rule,False,"Stopping rule triggered: 4 attempts already made, avoiding further automated contact",2026-08-23T05:57:01.791577
pay_2sW3JlxFn7pXWg,3070.4,insufficient_balance,4,escalated_manual_review,escalate_to_human,stopping_rule,False,"Stopping rule triggered: 4 attempts already made, avoiding further automated contact",2026-08-23T05:57:01.791617
pay_bMyhSFAt8CjG2F,348.14,bank_technical_error,1,auto_recovery_attempted,retry_immediately,rule_based,True,Mapped bank_technical_error -> retry_immediately (assumed success rate 65%),2026-08-23T05:57:01.791656
pay_Cmf1vt9uchwjwP,976.76,wallet_service_down,1,auto_recovery_attempted,retry_later_2h,rule_based,True,Mapped wallet_service_down -> retry_later_2h (assumed success rate 55%),2026-08-23T05:57:01.791696
pay_XhRsZkn6k4D0sA,5718.27,payment_declined,3,auto_recovery_attempted,send_reminder,rule_based,True,Mapped payment_declined -> send_reminder (assumed success rate 30%),2026-08-23T05:57:01.791735
pay_yffqpiX0a2E6Mn,3035.33,card_declined,2,auto_recovery_attempted,send_reminder,rule_based,False,Mapped card_declined -> send_reminder (assumed success rate 30%),2026-08-23T05:57:01.791772
pay_p71MzuhAXMuxc9,2318.09,issuer_unavailable,1,auto_recovery_attempted,retry_later_2h,rule_based,False,Mapped issuer_unavailable -> retry_later_2h (assumed success rate 55%),2026-08-23T05:57:01.791808
pay_cLcplTcqjuetFn,210.32,bank_technical_error,3,auto_recovery_attempted,retry_immediately,rule_based,False,Mapped bank_technical_error -> retry_immediately (assumed success rate 65%),2026-08-23T05:57:01.791844
pay_luLToU03RjQHiF,862.31,incorrect_pin,3,auto_recovery_attempted,send_reminder,rule_based,True,Mapped incorrect_pin -> send_reminder (assumed success rate 30%),2026-08-23T05:57:01.791881
pay_8ZnwqrXLokRTvE,1068.67,issuer_unavailable,4,escalated_manual_review,escalate_to_human,stopping_rule,False,"Stopping rule triggered: 4 attempts already made, avoiding further automated contact",2026-08-23T05:57:01.791917
pay_1iexBAHcBphg3P,1070.6,issuer_unavailable,2,auto_recovery_attempted,retry_later_2h,rule_based,False,Mapped issuer_unavailable -> retry_later_2h (assumed success rate 55%),2026-08-23T05:57:01.791951
pay_mNyyjCYa7kbpQu,1337.81,incorrect_otp,2,auto_recovery_attempted,send_reminder,rule_based,False,Mapped incorrect_otp -> send_reminder (assumed success rate 30%),2026-08-23T05:57:01.791989
pay_B4WqsXQG32SGDF,337.85,emi_not_supported,3,auto_recovery_attempted,suggest_alt_method,rule_based,False,Mapped emi_not_supported -> suggest_alt_method (assumed success rate 40%),2026-08-23T05:57:01.792380
pay_YX4b1FiUYmgdcc,350.73,bank_technical_error,2,auto_recovery_attempted,retry_immediately,rule_based,True,Mapped bank_technical_error -> retry_immediately (assumed success rate 65%),2026-08-23T05:57:01.792507
pay_BQXeF5bZjw10Dw,311.83,insufficient_balance,1,auto_recovery_attempted,send_reminder,rule_based,False,Mapped insufficient_balance -> send_reminder (assumed success rate 30%),2026-08-23T05:57:01.792574
pay_IEYFeIWOhi3IFO,313.94,issuer_unavailable,1,auto_recovery_attempted,retry_later_2h,rule_based,True,Mapped issuer_unavailable -> retry_later_2h (assumed success rate 55%),2026-08-23T05:57:01.792633
pay_HPsWIy100zRi8v,1186.6,session_timed_out,3,auto_recovery_attempted,send_reminder,rule_based,False,Mapped session_timed_out -> send_reminder (assumed success rate 30%),2026-08-23T05:57:01.792681
pay_bThRjrNlQc3qTG,526.53,issuer_unavailable,1,auto_recovery_attempted,retry_later_2h,rule_based,False,Mapped issuer_unavailable -> retry_later_2h (assumed success rate 55%),2026-08-23T05:57:01.792724
pay_bHOipFapovGoUO,440.53,payment_declined,2,auto_recovery_attempted,send_reminder,rule_based,True,Mapped payment_declined -> send_reminder (assumed success rate 30%),2026-08-23T05:57:01.792765
pay_Qzbw6DkL5NI2cZ,5067.14,incorrect_otp,2,auto_recovery_attempted,send_reminder,rule_based,True,Mapped incorrect_otp -> send_reminder (assumed success rate 30%),2026-08-23T05:57:01.792811
pay_r5eYq7hkDIJylE,605.41,wallet_service_down,1,auto_recovery_attempted,retry_later_2h,rule_based,True,Mapped wallet_service_down -> retry_later_2h (assumed success rate 55%),2026-08-23T05:57:01.792857
pay_WiLMwxKKDY0SLH,273.58,wallet_service_down,1,auto_recovery_attempted,retry_later_2h,rule_based,True,Mapped wallet_service_down -> retry_later_2h (assumed success rate 55%),2026-08-23T05:57:01.792898
pay_CbN0SgETY5D2iA,6731.99,incorrect_otp,3,auto_recovery_attempted,send_reminder,rule_based,False,Mapped incorrect_otp -> send_reminder (assumed success rate 30%),2026-08-23T05:57:01.792938
pay_0c3Dwe5evMhsjh,926.69,card_declined,3,auto_recovery_attempted,send_reminder,rule_based,False,Mapped card_declined -> send_reminder (assumed success rate 30%),2026-08-23T05:57:01.792977
pay_hkXlib3cxlNGVU,222.84,incorrect_pin,2,auto_recovery_attempted,send_reminder,rule_based,False,Mapped incorrect_pin -> send_reminder (assumed success rate 30%),2026-08-23T05:57:01.793016
pay_P3zp56oDRDynkZ,1109.6,wallet_service_down,1,auto_recovery_attempted,retry_later_2h,rule_based,True,Mapped wallet_service_down -> retry_later_2h (assumed success rate 55%),2026-08-23T05:57:01.793056
pay_ek6CfUfRvC0iJs,2812.31,wallet_service_down,1,auto_recovery_attempted,retry_later_2h,rule_based,True,Mapped wallet_service_down -> retry_later_2h (assumed success rate 55%),2026-08-23T05:57:01.793095
pay_Ua0OZg1GarQQBL,1129.95,upi_collect_expired,1,auto_recovery_attempted,resend_collect_request,rule_based,True,Mapped upi_collect_expired -> resend_collect_request (assumed success rate 50%),2026-08-23T05:57:01.793132
pay_gscOwsYEGNu2Tt,580.49,card_declined,2,auto_recovery_attempted,send_reminder,rule_based,True,Mapped card_declined -> send_reminder (assumed success rate 30%),2026-08-23T05:57:01.793172
pay_tDQkp2T33rBcHA,6285.42,incorrect_otp,1,auto_recovery_attempted,send_reminder,rule_based,False,Mapped incorrect_otp -> send_reminder (assumed success rate 30%),2026-08-23T05:57:01.793211
pay_zyQGqbiWymhL1L,424.99,insufficient_funds,3,auto_recovery_attempted,retry_later_24h,rule_based,True,Mapped insufficient_funds -> retry_later_24h (assumed success rate 45%),2026-08-23T05:57:01.793283
pay_6zKVwK5u1DOdkB,2471.16,card_declined,3,auto_recovery_attempted,send_reminder,rule_based,False,Mapped card_declined -> send_reminder (assumed success rate 30%),2026-08-23T05:57:01.793333
pay_WtFDCJRsMnRvu6,4269.67,incorrect_pin,4,escalated_manual_review,escalate_to_human,stopping_rule,False,"Stopping rule triggered: 4 attempts already made, avoiding further automated contact",2026-08-23T05:57:01.793373
pay_FJFtlI6S1I9yJZ,199.09,insufficient_funds,3,auto_recovery_attempted,retry_later_24h,rule_based,False,Mapped insufficient_funds -> retry_later_24h (assumed success rate 45%),2026-08-23T05:57:01.793410
pay_ZRME4EvD24smY4,2295.34,incorrect_pin,3,auto_recovery_attempted,send_reminder,rule_based,True,Mapped incorrect_pin -> send_reminder (assumed success rate 30%),2026-08-23T05:57:01.793451
pay_unrx86pllp6EiR,2119.83,wallet_service_down,4,escalated_manual_review,escalate_to_human,stopping_rule,False,"Stopping rule triggered: 4 attempts already made, avoiding further automated contact",2026-08-23T05:57:01.793511
pay_Bas9GyJvZBTg3c,133.09,wallet_service_down,3,auto_recovery_attempted,retry_later_2h,rule_based,True,Mapped wallet_service_down -> retry_later_2h (assumed success rate 55%),2026-08-23T05:57:01.793568
pay_P8GJBKQBQtqvhX,3249.11,issuer_unavailable,4,escalated_manual_review,escalate_to_human,stopping_rule,False,"Stopping rule triggered: 4 attempts already made, avoiding further automated contact",2026-08-23T05:57:01.793614
pay_Cx2wVNq7lOoq82,4232.97,insufficient_balance,3,auto_recovery_attempted,send_reminder,rule_based,False,Mapped insufficient_balance -> send_reminder (assumed success rate 30%),2026-08-23T05:57:01.793674
pay_AkIExdRSjyTA1t,3394.87,upi_collect_expired,2,auto_recovery_attempted,resend_collect_request,rule_based,False,Mapped upi_collect_expired -> resend_collect_request (assumed success rate 50%),2026-08-23T05:57:01.793727
pay_GPM3SKsEhHhu5U,5761.03,insufficient_funds,1,auto_recovery_attempted,retry_later_24h,rule_based,False,Mapped insufficient_funds -> retry_later_24h (assumed success rate 45%),2026-08-23T05:57:01.793768
pay_86GOd9hOta7pUV,58.59,incorrect_pin,2,auto_recovery_attempted,send_reminder,rule_based,False,Mapped incorrect_pin -> send_reminder (assumed success rate 30%),2026-08-23T05:57:01.793806
pay_pbu3QJ2Svwv71E,1017.38,session_timed_out,3,auto_recovery_attempted,send_reminder,rule_based,True,Mapped session_timed_out -> send_reminder (assumed success rate 30%),2026-08-23T05:57:01.793846
pay_39YzLhfu7RTixK,404.53,emi_not_supported,4,escalated_manual_review,escalate_to_human,stopping_rule,False,"Stopping rule triggered: 4 attempts already made, avoiding further automated contact",2026-08-23T05:57:01.793885
pay_WBPY4a9UEknyuv,4878.38,issuer_unavailable,4,escalated_manual_review,escalate_to_human,stopping_rule,False,"Stopping rule triggered: 4 attempts already made, avoiding further automated contact",2026-08-23T05:57:01.793920
pay_M1y7vGPiNNCF2m,1780.82,issuer_unavailable,1,auto_recovery_attempted,retry_later_2h,rule_based,True,Mapped issuer_unavailable -> retry_later_2h (assumed success rate 55%),2026-08-23T05:57:01.793956
pay_ijSYGySyy8sWgZ,3612.49,emi_not_supported,2,auto_recovery_attempted,suggest_alt_method,rule_based,False,Mapped emi_not_supported -> suggest_alt_method (assumed success rate 40%),2026-08-23T05:57:01.793993
pay_uZOqtaRRZCvIEL,2932.61,upi_collect_expired,4,escalated_manual_review,escalate_to_human,stopping_rule,False,"Stopping rule triggered: 4 attempts already made, avoiding further automated contact",2026-08-23T05:57:01.794031
pay_rJvY0555M3jwlh,1308.59,incorrect_otp,2,auto_recovery_attempted,send_reminder,rule_based,True,Mapped incorrect_otp -> send_reminder (assumed success rate 30%),2026-08-23T05:57:01.794068
pay_Ogj6r7Jw7MpkIm,581.85,bank_technical_error,2,auto_recovery_attempted,retry_immediately,rule_based,True,Mapped bank_technical_error -> retry_immediately (assumed success rate 65%),2026-08-23T05:57:01.794106
pay_I14svCji3I1gUF,4890.06,incorrect_otp,1,auto_recovery_attempted,send_reminder,rule_based,False,Mapped incorrect_otp -> send_reminder (assumed success rate 30%),2026-08-23T05:57:01.794143
pay_kdXUBp7v62dxlD,4930.68,payment_declined,3,auto_recovery_attempted,send_reminder,rule_based,False,Mapped payment_declined -> send_reminder (assumed success rate 30%),2026-08-23T05:57:01.794180
pay_4fEwTf9ugEB6qp,391.61,incorrect_pin,2,auto_recovery_attempted,send_reminder,rule_based,False,Mapped incorrect_pin -> send_reminder (assumed success rate 30%),2026-08-23T05:57:01.794216
pay_ZXpQSkob9y1eaP,597.09,issuer_unavailable,3,auto_recovery_attempted,retry_later_2h,rule_based,False,Mapped issuer_unavailable -> retry_later_2h (assumed success rate 55%),2026-08-23T05:57:01.794285
pay_GInnKCWPfsfeeX,2937.59,insufficient_balance,1,auto_recovery_attempted,send_reminder,rule_based,False,Mapped insufficient_balance -> send_reminder (assumed success rate 30%),2026-08-23T05:57:01.794339
pay_B6wjfzQku1WgeB,1547.38,issuer_unavailable,1,auto_recovery_attempted,retry_later_2h,rule_based,True,Mapped issuer_unavailable -> retry_later_2h (assumed success rate 55%),2026-08-23T05:57:01.794383
pay_g6U1arNp9c7TNR,3407.35,payment_declined,2,auto_recovery_attempted,send_reminder,rule_based,False,Mapped payment_declined -> send_reminder (assumed success rate 30%),2026-08-23T05:57:01.794423
pay_EBwfNr1fKQ8HLy,4425.37,incorrect_pin,4,escalated_manual_review,escalate_to_human,stopping_rule,False,"Stopping rule triggered: 4 attempts already made, avoiding further automated contact",2026-08-23T05:57:01.794463
pay_DiMdmK9nLftaR1,2019.94,insufficient_balance,4,escalated_manual_review,escalate_to_human,stopping_rule,False,"Stopping rule triggered: 4 attempts already made, avoiding further automated contact",2026-08-23T05:57:01.794502
pay_AopgoUYgDILoiK,54.45,incorrect_otp,3,auto_recovery_attempted,send_reminder,rule_based,False,Mapped incorrect_otp -> send_reminder (assumed success rate 30%),2026-08-23T05:57:01.794549
pay_DoTOhqTU4syI9v,3536.02,card_declined,3,auto_recovery_attempted,send_reminder,rule_based,False,Mapped card_declined -> send_reminder (assumed success rate 30%),2026-08-23T05:57:01.794595
pay_sBrMgWYNfz5XhE,329.63,payment_declined,1,auto_recovery_attempted,send_reminder,rule_based,False,Mapped payment_declined -> send_reminder (assumed success rate 30%),2026-08-23T05:57:01.794634
pay_neyOqZaEaNOaGz,700.29,bank_technical_error,2,auto_recovery_attempted,retry_immediately,rule_based,True,Mapped bank_technical_error -> retry_immediately (assumed success rate 65%),2026-08-23T05:57:01.794672
pay_TS9uDCL2TrQdSA,1491.98,insufficient_funds,1,auto_recovery_attempted,retry_later_24h,rule_based,True,Mapped insufficient_funds -> retry_later_24h (assumed success rate 45%),2026-08-23T05:57:01.794711
pay_gF8xBCcEtes58P,601.78,incorrect_otp,1,auto_recovery_attempted,send_reminder,rule_based,True,Mapped incorrect_otp -> send_reminder (assumed success rate 30%),2026-08-23T05:57:01.794750
pay_4bat1g5az7yylR,2122.63,wallet_service_down,2,auto_recovery_attempted,retry_later_2h,rule_based,True,Mapped wallet_service_down -> retry_later_2h (assumed success rate 55%),2026-08-23T05:57:01.794792
pay_NQ0kkxWmJI0EGp,3614.99,insufficient_funds,2,auto_recovery_attempted,retry_later_24h,rule_based,True,Mapped insufficient_funds -> retry_later_24h (assumed success rate 45%),2026-08-23T05:57:01.794830
pay_KDM2EMTHaS1VKo,1329.71,card_declined,4,escalated_manual_review,escalate_to_human,stopping_rule,False,"Stopping rule triggered: 4 attempts already made, avoiding further automated contact",2026-08-23T05:57:01.794868
pay_VYNRwUpYzcinL7,1988.17,incorrect_pin,3,auto_recovery_attempted,send_reminder,rule_based,False,Mapped incorrect_pin -> send_reminder (assumed success rate 30%),2026-08-23T05:57:01.794904
pay_ShzYBlBXsyhrSr,780.07,insufficient_funds,2,auto_recovery_attempted,retry_later_24h,rule_based,True,Mapped insufficient_funds -> retry_later_24h (assumed success rate 45%),2026-08-23T05:57:01.794944
pay_4wt72oDAcRdzj6,994.93,incorrect_pin,4,escalated_manual_review,escalate_to_human,stopping_rule,False,"Stopping rule triggered: 4 attempts already made, avoiding further automated contact",2026-08-23T05:57:01.794984
pay_rq1YwGgJ2RZKvh,103.13,incorrect_otp,4,escalated_manual_review,escalate_to_human,stopping_rule,False,"Stopping rule triggered: 4 attempts already made, avoiding further automated contact",2026-08-23T05:57:01.795019
pay_t1gRtR57dPcF6j,6441.23,incorrect_otp,2,auto_recovery_attempted,send_reminder,rule_based,False,Mapped incorrect_otp -> send_reminder (assumed success rate 30%),2026-08-23T05:57:01.795058
pay_6v9r91NX49KIJk,2669.85,payment_declined,2,auto_recovery_attempted,send_reminder,rule_based,False,Mapped payment_declined -> send_reminder (assumed success rate 30%),2026-08-23T05:57:01.795097
pay_dpoduAPLF9B0yN,417.75,incorrect_otp,2,auto_recovery_attempted,send_reminder,rule_based,True,Mapped incorrect_otp -> send_reminder (assumed success rate 30%),2026-08-23T05:57:01.795135
pay_4PfpzrOgtnOBb6,1620.51,incorrect_pin,4,escalated_manual_review,escalate_to_human,stopping_rule,False,"Stopping rule triggered: 4 attempts already made, avoiding further automated contact",2026-08-23T05:57:01.795172
pay_vq1S7hs616U65S,722.52,issuer_unavailable,1,auto_recovery_attempted,retry_later_2h,rule_based,False,Mapped issuer_unavailable -> retry_later_2h (assumed success rate 55%),2026-08-23T05:57:01.795207
pay_IHq35Nm210bhuZ,4029.92,bank_technical_error,3,auto_recovery_attempted,retry_immediately,rule_based,True,Mapped bank_technical_error -> retry_immediately (assumed success rate 65%),2026-08-23T05:57:01.795264
pay_SjYb8aIWCVUFyD,1243.92,bank_technical_error,2,auto_recovery_attempted,retry_immediately,rule_based,True,Mapped bank_technical_error -> retry_immediately (assumed success rate 65%),2026-08-23T05:57:01.795324
pay_qqSoFeLnnTDdVY,54.96,insufficient_balance,4,escalated_manual_review,escalate_to_human,stopping_rule,False,"Stopping rule triggered: 4 attempts already made, avoiding further automated contact",2026-08-23T05:57:01.795367
pay_RmLA6P8UI3ze6L,2481.36,incorrect_otp,3,auto_recovery_attempted,send_reminder,rule_based,False,Mapped incorrect_otp -> send_reminder (assumed success rate 30%),2026-08-23T05:57:01.795404
pay_i3qF8D0PTvIlGv,1339.03,incorrect_pin,3,auto_recovery_attempted,send_reminder,rule_based,False,Mapped incorrect_pin -> send_reminder (assumed success rate 30%),2026-08-23T05:57:01.795463
pay_a4F5G9j9KPtEtz,553.82,card_declined,4,escalated_manual_review,escalate_to_human,stopping_rule,False,"Stopping rule triggered: 4 attempts already made, avoiding further automated contact",2026-08-23T05:57:01.795507
pay_unQEkT8tsNjnpw,1929.67,session_timed_out,3,auto_recovery_attempted,send_reminder,rule_based,False,Mapped session_timed_out -> send_reminder (assumed success rate 30%),2026-08-23T05:57:01.795551
pay_6uB6pXDWAcN93k,139.47,issuer_unavailable,4,escalated_manual_review,escalate_to_human,stopping_rule,False,"Stopping rule triggered: 4 attempts already made, avoiding further automated contact",2026-08-23T05:57:01.795594
pay_6P4HfSHrR3qRHJ,342.23,incorrect_pin,2,auto_recovery_attempted,send_reminder,rule_based,False,Mapped incorrect_pin -> send_reminder (assumed success rate 30%),2026-08-23T05:57:01.795630
pay_NVcQTZIqOvnsvz,1540.54,upi_collect_expired,2,auto_recovery_attempted,resend_collect_request,rule_based,False,Mapped upi_collect_expired -> resend_collect_request (assumed success rate 50%),2026-08-23T05:57:01.795668
pay_yU8apU4OQ0E2q7,1823.82,incorrect_otp,2,auto_recovery_attempted,send_reminder,rule_based,True,Mapped incorrect_otp -> send_reminder (assumed success rate 30%),2026-08-23T05:57:01.795705
pay_FJry3NBA0gRjTM,143.22,issuer_unavailable,1,auto_recovery_attempted,retry_later_2h,rule_based,True,Mapped issuer_unavailable -> retry_later_2h (assumed success rate 55%),2026-08-23T05:57:01.795743
pay_cW05HCH6M7aBDb,2642.89,card_declined,3,auto_recovery_attempted,send_reminder,rule_based,False,Mapped card_declined -> send_reminder (assumed success rate 30%),2026-08-23T05:57:01.795790
pay_PSfxVWP4AB5TsC,706.05,payment_declined,1,auto_recovery_attempted,send_reminder,rule_based,False,Mapped payment_declined -> send_reminder (assumed success rate 30%),2026-08-23T05:57:01.795838
pay_XDK9GaG1WVg2IC,1769.36,issuer_unavailable,4,escalated_manual_review,escalate_to_human,stopping_rule,False,"Stopping rule triggered: 4 attempts already made, avoiding further automated contact",2026-08-23T05:57:01.795876
pay_q8w816w6YjcHl7,1089.53,wallet_service_down,1,auto_recovery_attempted,retry_later_2h,rule_based,False,Mapped wallet_service_down -> retry_later_2h (assumed success rate 55%),2026-08-23T05:57:01.795913
pay_QxfKkyZa4bj3YA,1203.56,issuer_unavailable,2,auto_recovery_attempted,retry_later_2h,rule_based,True,Mapped issuer_unavailable -> retry_later_2h (assumed success rate 55%),2026-08-23T05:57:01.795951
pay_W98fKJQrmV8LTi,1570.79,session_timed_out,3,auto_recovery_attempted,send_reminder,rule_based,False,Mapped session_timed_out -> send_reminder (assumed success rate 30%),2026-08-23T05:57:01.795989
pay_BJ774qH9u7ce4Z,409.13,incorrect_pin,4,escalated_manual_review,escalate_to_human,stopping_rule,False,"Stopping rule triggered: 4 attempts already made, avoiding further automated contact",2026-08-23T05:57:01.796027
pay_b4dXrdSfJbKukV,1338.09,card_declined,4,escalated_manual_review,escalate_to_human,stopping_rule,False,"Stopping rule triggered: 4 attempts already made, avoiding further automated contact",2026-08-23T05:57:01.796064
pay_EjH2CrDlEInCeL,90.72,upi_collect_expired,2,auto_recovery_attempted,resend_collect_request,rule_based,False,Mapped upi_collect_expired -> resend_collect_request (assumed success rate 50%),2026-08-23T05:57:01.796098
pay_OwariMAsWdW1n6,269.49,upi_collect_expired,2,auto_recovery_attempted,resend_collect_request,rule_based,True,Mapped upi_collect_expired -> resend_collect_request (assumed success rate 50%),2026-08-23T05:57:01.796138
pay_asmHZ1GYvG6Knz,1438.15,issuer_unavailable,4,escalated_manual_review,escalate_to_human,stopping_rule,False,"Stopping rule triggered: 4 attempts already made, avoiding further automated contact",2026-08-23T05:57:01.796177
pay_bGjEKtYXgJ95qT,527.14,incorrect_pin,4,escalated_manual_review,escalate_to_human,stopping_rule,False,"Stopping rule triggered: 4 attempts already made, avoiding further automated contact",2026-08-23T05:57:01.796258
pay_iQqAK1lAMcFqqN,231.13,issuer_unavailable,3,auto_recovery_attempted,retry_later_2h,rule_based,False,Mapped issuer_unavailable -> retry_later_2h (assumed success rate 55%),2026-08-23T05:57:01.796314
pay_sYbew0nixxYmQl,1602.77,upi_collect_expired,4,escalated_manual_review,escalate_to_human,stopping_rule,False,"Stopping rule triggered: 4 attempts already made, avoiding further automated contact",2026-08-23T05:57:01.796358
pay_dO16wERINUGTkU,1536.94,insufficient_funds,2,auto_recovery_attempted,retry_later_24h,rule_based,False,Mapped insufficient_funds -> retry_later_24h (assumed success rate 45%),2026-08-23T05:57:01.796394
pay_vP1rD9PWzv8iOR,2068.94,upi_collect_expired,1,auto_recovery_attempted,resend_collect_request,rule_based,True,Mapped upi_collect_expired -> resend_collect_request (assumed success rate 50%),2026-08-23T05:57:01.796433
pay_2Hln291zmMzcK7,2372.89,bank_technical_error,2,auto_recovery_attempted,retry_immediately,rule_based,False,Mapped bank_technical_error -> retry_immediately (assumed success rate 65%),2026-08-23T05:57:01.796472
pay_6rtORv0iLZTbZO,1827.48,incorrect_otp,3,auto_recovery_attempted,send_reminder,rule_based,False,Mapped incorrect_otp -> send_reminder (assumed success rate 30%),2026-08-23T05:57:01.796510
pay_f9bSJtbCmSBjTE,3971.64,bank_technical_error,4,escalated_manual_review,escalate_to_human,stopping_rule,False,"Stopping rule triggered: 4 attempts already made, avoiding further automated contact",2026-08-23T05:57:01.796558
pay_4i7g33WXzXe48s,2176.28,issuer_unavailable,4,escalated_manual_review,escalate_to_human,stopping_rule,False,"Stopping rule triggered: 4 attempts already made, avoiding further automated contact",2026-08-23T05:57:01.796597
pay_mVNyfssusNJ3CG,3748.92,issuer_unavailable,4,escalated_manual_review,escalate_to_human,stopping_rule,False,"Stopping rule triggered: 4 attempts already made, avoiding further automated contact",2026-08-23T05:57:01.796633
pay_S5DInwSKjgxiI4,723.48,card_declined,1,auto_recovery_attempted,send_reminder,rule_based,True,Mapped card_declined -> send_reminder (assumed success rate 30%),2026-08-23T05:57:01.796668
pay_dfhONczWkZPrXG,1483.17,upi_collect_expired,2,auto_recovery_attempted,resend_collect_request,rule_based,False,Mapped upi_collect_expired -> resend_collect_request (assumed success rate 50%),2026-08-23T05:57:01.796707
pay_LVaIE9nCogT2ma,4883.5,incorrect_otp,2,auto_recovery_attempted,send_reminder,rule_based,False,Mapped incorrect_otp -> send_reminder (assumed success rate 30%),2026-08-23T05:57:01.796746
pay_dBsBubnbh6gtyW,61.77,payment_declined,1,auto_recovery_attempted,send_reminder,rule_based,False,Mapped payment_declined -> send_reminder (assumed success rate 30%),2026-08-23T05:57:01.796783
pay_4ZuoDaQwMazqKa,6263.68,incorrect_pin,4,escalated_manual_review,escalate_to_human,stopping_rule,False,"Stopping rule triggered: 4 attempts already made, avoiding further automated contact",2026-08-23T05:57:01.796820
pay_gd1GQcwtPPv4FP,2972.67,upi_collect_expired,4,escalated_manual_review,escalate_to_human,stopping_rule,False,"Stopping rule triggered: 4 attempts already made, avoiding further automated contact",2026-08-23T05:57:01.796856
pay_XIaDUfLSL713ay,504.81,card_declined,4,escalated_manual_review,escalate_to_human,stopping_rule,False,"Stopping rule triggered: 4 attempts already made, avoiding further automated contact",2026-08-23T05:57:01.796892
pay_nfPawXTYEKsjGA,552.79,card_declined,3,auto_recovery_attempted,send_reminder,rule_based,False,Mapped card_declined -> send_reminder (assumed success rate 30%),2026-08-23T05:57:01.796930
pay_ZO8PWO9LJj8wMI,1685.11,upi_collect_expired,1,auto_recovery_attempted,resend_collect_request,rule_based,False,Mapped upi_collect_expired -> resend_collect_request (assumed success rate 50%),2026-08-23T05:57:01.796969
pay_WGsYjLCtj3dxv2,7457.1,wallet_service_down,4,escalated_manual_review,escalate_to_human,stopping_rule,False,"Stopping rule triggered: 4 attempts already made, avoiding further automated contact",2026-08-23T05:57:01.797008
pay_s8HxnGNhRvG35t,4836.22,card_declined,1,auto_recovery_attempted,send_reminder,rule_based,False,Mapped card_declined -> send_reminder (assumed success rate 30%),2026-08-23T05:57:01.797050
pay_Fsr27ZUbY7lGUH,3920.07,payment_declined,2,auto_recovery_attempted,send_reminder,rule_based,True,Mapped payment_declined -> send_reminder (assumed success rate 30%),2026-08-23T05:57:01.797091
pay_cWIrIlAQjRY5hf,10575.96,issuer_unavailable,4,escalated_manual_review,escalate_to_human,stopping_rule,False,"Stopping rule triggered: 4 attempts already made, avoiding further automated contact",2026-08-23T05:57:01.797128
pay_swmR8Ot78DCGeL,723.01,bank_technical_error,2,auto_recovery_attempted,retry_immediately,rule_based,False,Mapped bank_technical_error -> retry_immediately (assumed success rate 65%),2026-08-23T05:57:01.797164
pay_FywO6CBagFT3xO,901.56,card_declined,3,auto_recovery_attempted,send_reminder,rule_based,True,Mapped card_declined -> send_reminder (assumed success rate 30%),2026-08-23T05:57:01.797203
pay_NXaOMlNtSZOVpp,360.73,issuer_unavailable,1,auto_recovery_attempted,retry_later_2h,rule_based,True,Mapped issuer_unavailable -> retry_later_2h (assumed success rate 55%),2026-08-23T05:57:01.797263
pay_ZOyvyPXcKYnFwq,1391.02,wallet_service_down,1,auto_recovery_attempted,retry_later_2h,rule_based,False,Mapped wallet_service_down -> retry_later_2h (assumed success rate 55%),2026-08-23T05:57:01.797318
pay_3zsXQUKBHOx952,647.67,payment_declined,1,auto_recovery_attempted,send_reminder,rule_based,False,Mapped payment_declined -> send_reminder (assumed success rate 30%),2026-08-23T05:57:01.797361
pay_SQSa4VfhMxPyd6,456.15,insufficient_balance,2,auto_recovery_attempted,send_reminder,rule_based,False,Mapped insufficient_balance -> send_reminder (assumed success rate 30%),2026-08-23T05:57:01.797739
pay_iFtFVeytH81JXf,313.8,insufficient_funds,4,escalated_manual_review,escalate_to_human,stopping_rule,False,"Stopping rule triggered: 4 attempts already made, avoiding further automated contact",2026-08-23T05:57:01.797825
pay_Y5cqn0my2Hgxpw,1637.61,issuer_unavailable,1,auto_recovery_attempted,retry_later_2h,rule_based,False,Mapped issuer_unavailable -> retry_later_2h (assumed success rate 55%),2026-08-23T05:57:01.797870
pay_3XesaraQtYSBj5,723.89,incorrect_pin,4,escalated_manual_review,escalate_to_human,stopping_rule,False,"Stopping rule triggered: 4 attempts already made, avoiding further automated contact",2026-08-23T05:57:01.797913
pay_ZwnMvk9gNDmGIB,1470.18,bank_technical_error,4,escalated_manual_review,escalate_to_human,stopping_rule,False,"Stopping rule triggered: 4 attempts already made, avoiding further automated contact",2026-08-23T05:57:01.797951
pay_5E8Lcch0AxI3h9,2295.67,payment_declined,1,auto_recovery_attempted,send_reminder,rule_based,False,Mapped payment_declined -> send_reminder (assumed success rate 30%),2026-08-23T05:57:01.797987
pay_JwKY33gsaVKlZY,334.7,issuer_unavailable,3,auto_recovery_attempted,retry_later_2h,rule_based,True,Mapped issuer_unavailable -> retry_later_2h (assumed success rate 55%),2026-08-23T05:57:01.798027
pay_PSEeMYJJbKrhXf,2704.84,insufficient_funds,4,escalated_manual_review,escalate_to_human,stopping_rule,False,"Stopping rule triggered: 4 attempts already made, avoiding further automated contact",2026-08-23T05:57:01.798088
pay_oXdJrNeowTs1ke,2959.64,issuer_unavailable,3,auto_recovery_attempted,retry_later_2h,rule_based,True,Mapped issuer_unavailable -> retry_later_2h (assumed success rate 55%),2026-08-23T05:57:01.798126
pay_j9LcrjbeUsPMMS,8085.72,payment_declined,3,auto_recovery_attempted,send_reminder,rule_based,False,Mapped payment_declined -> send_reminder (assumed success rate 30%),2026-08-23T05:57:01.798169
pay_gPq98Hfy3sUsBb,676.6,card_declined,3,auto_recovery_attempted,send_reminder,rule_based,False,Mapped card_declined -> send_reminder (assumed success rate 30%),2026-08-23T05:57:01.798211
pay_Lbocfioo8tcwyd,252.77,issuer_unavailable,2,auto_recovery_attempted,retry_later_2h,rule_based,False,Mapped issuer_unavailable -> retry_later_2h (assumed success rate 55%),2026-08-23T05:57:01.798286
pay_wX2EmQNYxnU79R,879.54,issuer_unavailable,3,auto_recovery_attempted,retry_later_2h,rule_based,False,Mapped issuer_unavailable -> retry_later_2h (assumed success rate 55%),2026-08-23T05:57:01.798338
pay_nOMXa8nsL9xqFq,2378.07,session_timed_out,1,auto_recovery_attempted,send_reminder,rule_based,True,Mapped session_timed_out -> send_reminder (assumed success rate 30%),2026-08-23T05:57:01.798380
pay_DXudJOqLAje6dU,2674.32,issuer_unavailable,4,escalated_manual_review,escalate_to_human,stopping_rule,False,"Stopping rule triggered: 4 attempts already made, avoiding further automated contact",2026-08-23T05:57:01.798424
pay_sLSJHvlFsNG53W,3252.14,payment_declined,3,auto_recovery_attempted,send_reminder,rule_based,False,Mapped payment_declined -> send_reminder (assumed success rate 30%),2026-08-23T05:57:01.798462
pay_zxlqQ2DBwOAWx5,201.75,payment_declined,3,auto_recovery_attempted,send_reminder,rule_based,True,Mapped payment_declined -> send_reminder (assumed success rate 30%),2026-08-23T05:57:01.798501
pay_ArBBiu1mRdiBv8,263.31,insufficient_balance,4,escalated_manual_review,escalate_to_human,stopping_rule,False,"Stopping rule triggered: 4 attempts already made, avoiding further automated contact",2026-08-23T05:57:01.798539
pay_SaKUsO3TPWYtSQ,475.58,incorrect_pin,4,escalated_manual_review,escalate_to_human,stopping_rule,False,"Stopping rule triggered: 4 attempts already made, avoiding further automated contact",2026-08-23T05:57:01.798574
pay_Fd5l22PhAUfL5t,1458.52,incorrect_otp,4,escalated_manual_review,escalate_to_human,stopping_rule,False,"Stopping rule triggered: 4 attempts already made, avoiding further automated contact",2026-08-23T05:57:01.798609
pay_whUSdRgzxzqGxZ,2917.85,payment_declined,3,auto_recovery_attempted,send_reminder,rule_based,False,Mapped payment_declined -> send_reminder (assumed success rate 30%),2026-08-23T05:57:01.798643
pay_wQ2hwZecpNuR7r,4732.76,issuer_unavailable,1,auto_recovery_attempted,retry_later_2h,rule_based,True,Mapped issuer_unavailable -> retry_later_2h (assumed success rate 55%),2026-08-23T05:57:01.798682
pay_tS3Ii92UOPA2JE,950.6,insufficient_funds,4,escalated_manual_review,escalate_to_human,stopping_rule,False,"Stopping rule triggered: 4 attempts already made, avoiding further automated contact",2026-08-23T05:57:01.798718
pay_Meg48vBk5FLlUV,4841.01,upi_collect_expired,4,escalated_manual_review,escalate_to_human,stopping_rule,False,"Stopping rule triggered: 4 attempts already made, avoiding further automated contact",2026-08-23T05:57:01.798751
pay_fkjnSR1VwBxwgd,1155.31,card_declined,3,auto_recovery_attempted,send_reminder,rule_based,False,Mapped card_declined -> send_reminder (assumed success rate 30%),2026-08-23T05:57:01.798784
pay_VcWQPCepFd09f1,1905.56,issuer_unavailable,1,auto_recovery_attempted,retry_later_2h,rule_based,True,Mapped issuer_unavailable -> retry_later_2h (assumed success rate 55%),2026-08-23T05:57:01.798821
pay_Oet2r2jgoll8RD,439.42,insufficient_funds,3,auto_recovery_attempted,retry_later_24h,rule_based,True,Mapped insufficient_funds -> retry_later_24h (assumed success rate 45%),2026-08-23T05:57:01.798859
pay_87tKI8Ewvpu1Bh,506.12,card_declined,4,escalated_manual_review,escalate_to_human,stopping_rule,False,"Stopping rule triggered: 4 attempts already made, avoiding further automated contact",2026-08-23T05:57:01.798898
pay_ag8MMNzhQG7wxS,468.04,issuer_unavailable,1,auto_recovery_attempted,retry_later_2h,rule_based,True,Mapped issuer_unavailable -> retry_later_2h (assumed success rate 55%),2026-08-23T05:57:01.798936
pay_Z06Wsz0f1HHzbW,2713.83,bank_technical_error,3,auto_recovery_attempted,retry_immediately,rule_based,False,Mapped bank_technical_error -> retry_immediately (assumed success rate 65%),2026-08-23T05:57:01.798974
pay_UaSqciXmdgyhyO,417.06,card_declined,2,auto_recovery_attempted,send_reminder,rule_based,False,Mapped card_declined -> send_reminder (assumed success rate 30%),2026-08-23T05:57:01.799011
pay_cufUPm8avlsh3U,482.33,incorrect_otp,3,auto_recovery_attempted,send_reminder,rule_based,True,Mapped incorrect_otp -> send_reminder (assumed success rate 30%),2026-08-23T05:57:01.799058
pay_1OYgAbdzTyEBFm,2037.77,bank_technical_error,2,auto_recovery_attempted,retry_immediately,rule_based,True,Mapped bank_technical_error -> retry_immediately (assumed success rate 65%),2026-08-23T05:57:01.799100
pay_YOHfMsBCiOaBQM,391.79,incorrect_pin,2,auto_recovery_attempted,send_reminder,rule_based,False,Mapped incorrect_pin -> send_reminder (assumed success rate 30%),2026-08-23T05:57:01.799139
pay_atdhV6dAPkYO8O,153.16,bank_technical_error,1,auto_recovery_attempted,retry_immediately,rule_based,True,Mapped bank_technical_error -> retry_immediately (assumed success rate 65%),2026-08-23T05:57:01.799177
pay_srbtZWQ0JEJghN,440.35,insufficient_funds,2,auto_recovery_attempted,retry_later_24h,rule_based,False,Mapped insufficient_funds -> retry_later_24h (assumed success rate 45%),2026-08-23T05:57:01.799215
pay_JVqKZw1YRckYM5,167.99,bank_technical_error,4,escalated_manual_review,escalate_to_human,stopping_rule,False,"Stopping rule triggered: 4 attempts already made, avoiding further automated contact",2026-08-23T05:57:01.799285
pay_m8QVXTLdXSuo2h,969.47,incorrect_otp,1,auto_recovery_attempted,send_reminder,rule_based,False,Mapped incorrect_otp -> send_reminder (assumed success rate 30%),2026-08-23T05:57:01.799333
pay_2lYrw41tFdO5ML,3025.68,upi_collect_expired,2,auto_recovery_attempted,resend_collect_request,rule_based,True,Mapped upi_collect_expired -> resend_collect_request (assumed success rate 50%),2026-08-23T05:57:01.799376
pay_BYzPeWZSjovJ8M,3625.1,incorrect_pin,3,auto_recovery_attempted,send_reminder,rule_based,True,Mapped incorrect_pin -> send_reminder (assumed success rate 30%),2026-08-23T05:57:01.799416
pay_rU60lwDcToNHGq,2881.05,emi_not_supported,3,auto_recovery_attempted,suggest_alt_method,rule_based,False,Mapped emi_not_supported -> suggest_alt_method (assumed success rate 40%),2026-08-23T05:57:01.799454
pay_p6nsAO0UtpbruL,4597.02,issuer_unavailable,2,auto_recovery_attempted,retry_later_2h,rule_based,True,Mapped issuer_unavailable -> retry_later_2h (assumed success rate 55%),2026-08-23T05:57:01.799492
pay_nPxZ6o5cfPCv1y,697.94,upi_collect_expired,3,auto_recovery_attempted,resend_collect_request,rule_based,True,Mapped upi_collect_expired -> resend_collect_request (assumed success rate 50%),2026-08-23T05:57:01.799531
pay_sba0QvqUYDXTLE,1877.33,incorrect_pin,1,auto_recovery_attempted,send_reminder,rule_based,False,Mapped incorrect_pin -> send_reminder (assumed success rate 30%),2026-08-23T05:57:01.799573
pay_cKQPunTKWivKrn,2046.18,incorrect_otp,2,auto_recovery_attempted,send_reminder,rule_based,False,Mapped incorrect_otp -> send_reminder (assumed success rate 30%),2026-08-23T05:57:01.799610
pay_sSFFlaqYTGXGqy,2741.04,insufficient_funds,3,auto_recovery_attempted,retry_later_24h,rule_based,False,Mapped insufficient_funds -> retry_later_24h (assumed success rate 45%),2026-08-23T05:57:01.799649
pay_JbVrW3viPVK8RK,421.55,incorrect_otp,4,escalated_manual_review,escalate_to_human,stopping_rule,False,"Stopping rule triggered: 4 attempts already made, avoiding further automated contact",2026-08-23T05:57:01.799686
pay_l1zBVERt0hMSLc,1120.51,incorrect_pin,3,auto_recovery_attempted,send_reminder,rule_based,False,Mapped incorrect_pin -> send_reminder (assumed success rate 30%),2026-08-23T05:57:01.799722
pay_o70ISanuCE2Kbk,1118.08,wallet_service_down,3,auto_recovery_attempted,retry_later_2h,rule_based,True,Mapped wallet_service_down -> retry_later_2h (assumed success rate 55%),2026-08-23T05:57:01.799761
pay_2zSi97e2RB3yeP,4259.6,wallet_service_down,2,auto_recovery_attempted,retry_later_2h,rule_based,True,Mapped wallet_service_down -> retry_later_2h (assumed success rate 55%),2026-08-23T05:57:01.799802
pay_ediuiB5Hjxs16A,240.24,incorrect_otp,2,auto_recovery_attempted,send_reminder,rule_based,False,Mapped incorrect_otp -> send_reminder (assumed success rate 30%),2026-08-23T05:57:01.799839
pay_I8EHmuFBfSuuuY,1838.89,card_declined,4,escalated_manual_review,escalate_to_human,stopping_rule,False,"Stopping rule triggered: 4 attempts already made, avoiding further automated contact",2026-08-23T05:57:01.799876
pay_6Jx3v5HaAS9wee,1898.8,payment_declined,3,auto_recovery_attempted,send_reminder,rule_based,False,Mapped payment_declined -> send_reminder (assumed success rate 30%),2026-08-23T05:57:01.799911
pay_ayZd6mPi2xjze4,4369.64,bank_technical_error,1,auto_recovery_attempted,retry_immediately,rule_based,True,Mapped bank_technical_error -> retry_immediately (assumed success rate 65%),2026-08-23T05:57:01.799947
pay_3SRCmF2AifAF3c,874.87,incorrect_pin,2,auto_recovery_attempted,send_reminder,rule_based,False,Mapped incorrect_pin -> send_reminder (assumed success rate 30%),2026-08-23T05:57:01.799987
pay_YdK6wPB6jFkrUu,452.96,issuer_unavailable,4,escalated_manual_review,escalate_to_human,stopping_rule,False,"Stopping rule triggered: 4 attempts already made, avoiding further automated contact",2026-08-23T05:57:01.800024
pay_lKxu436zFCjfLg,344.08,bank_technical_error,3,auto_recovery_attempted,retry_immediately,rule_based,True,Mapped bank_technical_error -> retry_immediately (assumed success rate 65%),2026-08-23T05:57:01.800072
pay_wxHdiEndcLUSLO,613.29,insufficient_funds,3,auto_recovery_attempted,retry_later_24h,rule_based,False,Mapped insufficient_funds -> retry_later_24h (assumed success rate 45%),2026-08-23T05:57:01.800112
pay_1Bmg5aRtEgMgMk,1181.29,insufficient_funds,4,escalated_manual_review,escalate_to_human,stopping_rule,False,"Stopping rule triggered: 4 attempts already made, avoiding further automated contact",2026-08-23T05:57:01.800151
pay_BkSeiXMa1FbBOK,8866.29,insufficient_funds,1,auto_recovery_attempted,retry_later_24h,rule_based,True,Mapped insufficient_funds -> retry_later_24h (assumed success rate 45%),2026-08-23T05:57:01.800186
pay_UdhOosQUKImidM,3400.45,payment_declined,3,auto_recovery_attempted,send_reminder,rule_based,False,Mapped payment_declined -> send_reminder (assumed success rate 30%),2026-08-23T05:57:01.800287
pay_upbLjZMuuyBQpi,4434.5,card_declined,4,escalated_manual_review,escalate_to_human,stopping_rule,False,"Stopping rule triggered: 4 attempts already made, avoiding further automated contact",2026-08-23T05:57:01.800340
pay_BypyXwy6Ht4T0r,215.82,upi_collect_expired,4,escalated_manual_review,escalate_to_human,stopping_rule,False,"Stopping rule triggered: 4 attempts already made, avoiding further automated contact",2026-08-23T05:57:01.800379
pay_aRau2qrgPRDJFk,161.66,incorrect_pin,1,auto_recovery_attempted,send_reminder,rule_based,True,Mapped incorrect_pin -> send_reminder (assumed success rate 30%),2026-08-23T05:57:01.800414
pay_j8QfhGiJdAXDeO,11748.14,bank_technical_error,1,auto_recovery_attempted,retry_immediately,rule_based,True,Mapped bank_technical_error -> retry_immediately (assumed success rate 65%),2026-08-23T05:57:01.800454
pay_fNC04uJqsXcp0C,539.51,session_timed_out,1,auto_recovery_attempted,send_reminder,rule_based,True,Mapped session_timed_out -> send_reminder (assumed success rate 30%),2026-08-23T05:57:01.800492
pay_voxcqp6FVKE1gS,6779.25,emi_not_supported,3,auto_recovery_attempted,suggest_alt_method,rule_based,False,Mapped emi_not_supported -> suggest_alt_method (assumed success rate 40%),2026-08-23T05:57:01.800531
pay_da41QRZg391Fqi,108.1,insufficient_balance,3,auto_recovery_attempted,send_reminder,rule_based,False,Mapped insufficient_balance -> send_reminder (assumed success rate 30%),2026-08-23T05:57:01.800575
pay_PmdqGow1blMOQL,3814.57,issuer_unavailable,1,auto_recovery_attempted,retry_later_2h,rule_based,False,Mapped issuer_unavailable -> retry_later_2h (assumed success rate 55%),2026-08-23T05:57:01.800613
pay_3x6N7smQnWjAf1,3930.05,bank_technical_error,3,auto_recovery_attempted,retry_immediately,rule_based,False,Mapped bank_technical_error -> retry_immediately (assumed success rate 65%),2026-08-23T05:57:01.800652
pay_ipflyHyaFNklqn,1174.1,insufficient_funds,2,auto_recovery_attempted,retry_later_24h,rule_based,True,Mapped insufficient_funds -> retry_later_24h (assumed success rate 45%),2026-08-23T05:57:01.800690
pay_g1sHDV1TCaH2LR,80.81,upi_collect_expired,4,escalated_manual_review,escalate_to_human,stopping_rule,False,"Stopping rule triggered: 4 attempts already made, avoiding further automated contact",2026-08-23T05:57:01.800728
pay_uJASEo9AcF30e4,300.11,wallet_service_down,2,auto_recovery_attempted,retry_later_2h,rule_based,True,Mapped wallet_service_down -> retry_later_2h (assumed success rate 55%),2026-08-23T05:57:01.800766
pay_tLkohfklsDHtIx,284.7,insufficient_funds,1,auto_recovery_attempted,retry_later_24h,rule_based,False,Mapped insufficient_funds -> retry_later_24h (assumed success rate 45%),2026-08-23T05:57:01.800805
pay_UDcyimhzMHyqrT,832.02,issuer_unavailable,4,escalated_manual_review,escalate_to_human,stopping_rule,False,"Stopping rule triggered: 4 attempts already made, avoiding further automated contact",2026-08-23T05:57:01.800843
pay_1JqMmu0qxaU4C8,5180.26,session_timed_out,2,auto_recovery_attempted,send_reminder,rule_based,True,Mapped session_timed_out -> send_reminder (assumed success rate 30%),2026-08-23T05:57:01.800877
pay_m6oNavX6ojrB7j,789.48,bank_technical_error,1,auto_recovery_attempted,retry_immediately,rule_based,False,Mapped bank_technical_error -> retry_immediately (assumed success rate 65%),2026-08-23T05:57:01.800916
pay_WhJu7hHuf1L7kM,4962.93,card_declined,4,escalated_manual_review,escalate_to_human,stopping_rule,False,"Stopping rule triggered: 4 attempts already made, avoiding further automated contact",2026-08-23T05:57:01.800953
pay_HUAfMsEbE7xRIm,740.46,insufficient_funds,2,auto_recovery_attempted,retry_later_24h,rule_based,True,Mapped insufficient_funds -> retry_later_24h (assumed success rate 45%),2026-08-23T05:57:01.800992
pay_VatNsbBZipHquw,1676.05,incorrect_pin,2,auto_recovery_attempted,send_reminder,rule_based,False,Mapped incorrect_pin -> send_reminder (assumed success rate 30%),2026-08-23T05:57:01.801029
pay_MYWTrjDNNLrP7s,5333.62,card_declined,3,auto_recovery_attempted,send_reminder,rule_based,True,Mapped card_declined -> send_reminder (assumed success rate 30%),2026-08-23T05:57:01.801082
pay_WgH9LPuRSCSJX3,79.69,emi_not_supported,2,auto_recovery_attempted,suggest_alt_method,rule_based,False,Mapped emi_not_supported -> suggest_alt_method (assumed success rate 40%),2026-08-23T05:57:01.801121
pay_T0g4lKpz3vBymx,2276.19,card_declined,2,auto_recovery_attempted,send_reminder,rule_based,False,Mapped card_declined -> send_reminder (assumed success rate 30%),2026-08-23T05:57:01.801161
pay_SitPyewAlZMwC7,2259.21,session_timed_out,2,auto_recovery_attempted,send_reminder,rule_based,False,Mapped session_timed_out -> send_reminder (assumed success rate 30%),2026-08-23T05:57:01.801197
pay_15QoL6vEywCfNg,1246.68,issuer_unavailable,2,auto_recovery_attempted,retry_later_2h,rule_based,True,Mapped issuer_unavailable -> retry_later_2h (assumed success rate 55%),2026-08-23T05:57:01.801251
pay_rhDy46vGN3Zl72,2497.29,bank_technical_error,4,escalated_manual_review,escalate_to_human,stopping_rule,False,"Stopping rule triggered: 4 attempts already made, avoiding further automated contact",2026-08-23T05:57:01.801312
pay_DydHV0L9hHyvs2,1795.86,issuer_unavailable,3,auto_recovery_attempted,retry_later_2h,rule_based,False,Mapped issuer_unavailable -> retry_later_2h (assumed success rate 55%),2026-08-23T05:57:01.801354
pay_N1qygH1ZwgXDt2,165.2,payment_declined,3,auto_recovery_attempted,send_reminder,rule_based,False,Mapped payment_declined -> send_reminder (assumed success rate 30%),2026-08-23T05:57:01.801398
pay_6ZigWw0h61MiAr,2092.59,insufficient_balance,1,auto_recovery_attempted,send_reminder,rule_based,False,Mapped insufficient_balance -> send_reminder (assumed success rate 30%),2026-08-23T05:57:01.801440
pay_jZfy06w2or3ozi,1483.53,session_timed_out,4,escalated_manual_review,escalate_to_human,stopping_rule,False,"Stopping rule triggered: 4 attempts already made, avoiding further automated contact",2026-08-23T05:57:01.801480
pay_ZJ2kvN5z1nj3OS,238.5,incorrect_otp,4,escalated_manual_review,escalate_to_human,stopping_rule,False,"Stopping rule triggered: 4 attempts already made, avoiding further automated contact",2026-08-23T05:57:01.801515
pay_U3swmSvWxC1ZUc,2596.0,upi_collect_expired,1,auto_recovery_attempted,resend_collect_request,rule_based,False,Mapped upi_collect_expired -> resend_collect_request (assumed success rate 50%),2026-08-23T05:57:01.801550
pay_ImIdh5SJhXsE5J,1692.09,incorrect_pin,1,auto_recovery_attempted,send_reminder,rule_based,False,Mapped incorrect_pin -> send_reminder (assumed success rate 30%),2026-08-23T05:57:01.801590
pay_RcTWAiRPFKm79f,1656.48,payment_declined,3,auto_recovery_attempted,send_reminder,rule_based,False,Mapped payment_declined -> send_reminder (assumed success rate 30%),2026-08-23T05:57:01.801629
pay_97X9bHja02PGTd,163.34,incorrect_pin,1,auto_recovery_attempted,send_reminder,rule_based,False,Mapped incorrect_pin -> send_reminder (assumed success rate 30%),2026-08-23T05:57:01.801669
pay_QAJ1rH0TNw4noX,338.85,incorrect_otp,1,auto_recovery_attempted,send_reminder,rule_based,False,Mapped incorrect_otp -> send_reminder (assumed success rate 30%),2026-08-23T05:57:01.801712
pay_44vXMDgX6wh1CI,1669.02,insufficient_funds,4,escalated_manual_review,escalate_to_human,stopping_rule,False,"Stopping rule triggered: 4 attempts already made, avoiding further automated contact",2026-08-23T05:57:01.801752
pay_WxWsi6PElUg8Md,742.04,bank_technical_error,1,auto_recovery_attempted,retry_immediately,rule_based,False,Mapped bank_technical_error -> retry_immediately (assumed success rate 65%),2026-08-23T05:57:01.801788
pay_1EfrJ7MhewbiOp,66.3,incorrect_otp,2,auto_recovery_attempted,send_reminder,rule_based,True,Mapped incorrect_otp -> send_reminder (assumed success rate 30%),2026-08-23T05:57:01.801827
pay_PKLMkXzFfAnQql,1838.75,issuer_unavailable,4,escalated_manual_review,escalate_to_human,stopping_rule,False,"Stopping rule triggered: 4 attempts already made, avoiding further automated contact",2026-08-23T05:57:01.801870
pay_zfKX8i36UcYcSD,822.04,incorrect_otp,4,escalated_manual_review,escalate_to_human,stopping_rule,False,"Stopping rule triggered: 4 attempts already made, avoiding further automated contact",2026-08-23T05:57:01.801906
pay_OLsi0FfKvkNUkp,669.65,issuer_unavailable,2,auto_recovery_attempted,retry_later_2h,rule_based,True,Mapped issuer_unavailable -> retry_later_2h (assumed success rate 55%),2026-08-23T05:57:01.801940
pay_UbvJSAYdDLyFzT,454.94,session_timed_out,3,auto_recovery_attempted,send_reminder,rule_based,False,Mapped session_timed_out -> send_reminder (assumed success rate 30%),2026-08-23T05:57:01.801979
pay_LCkLiDbLvmvrtS,1034.61,session_timed_out,2,auto_recovery_attempted,send_reminder,rule_based,False,Mapped session_timed_out -> send_reminder (assumed success rate 30%),2026-08-23T05:57:01.802018
pay_tX5hvzOdBRlSjm,1454.45,bank_technical_error,2,auto_recovery_attempted,retry_immediately,rule_based,True,Mapped bank_technical_error -> retry_immediately (assumed success rate 65%),2026-08-23T05:57:01.802068
pay_t0lb5e76mZvdxd,1542.21,incorrect_otp,4,escalated_manual_review,escalate_to_human,stopping_rule,False,"Stopping rule triggered: 4 attempts already made, avoiding further automated contact",2026-08-23T05:57:01.802108
pay_SakVdMMvmGsj1q,348.0,issuer_unavailable,4,escalated_manual_review,escalate_to_human,stopping_rule,False,"Stopping rule triggered: 4 attempts already made, avoiding further automated contact",2026-08-23T05:57:01.802146
pay_MiE6fOwIsR7tjs,4045.7,payment_declined,1,auto_recovery_attempted,send_reminder,rule_based,False,Mapped payment_declined -> send_reminder (assumed success rate 30%),2026-08-23T05:57:01.802194
pay_iPw8F7NwQiDYB0,496.59,payment_declined,2,auto_recovery_attempted,send_reminder,rule_based,True,Mapped payment_declined -> send_reminder (assumed success rate 30%),2026-08-23T05:57:01.802250
pay_rsvaSEG7KAtAOs,1644.49,card_declined,1,auto_recovery_attempted,send_reminder,rule_based,True,Mapped card_declined -> send_reminder (assumed success rate 30%),2026-08-23T05:57:01.802326
pay_qx4b3TbbnkECuv,82.13,insufficient_balance,2,auto_recovery_attempted,send_reminder,rule_based,False,Mapped insufficient_balance -> send_reminder (assumed success rate 30%),2026-08-23T05:57:01.802371
pay_D6nGcpnWjBW9Ao,1289.5,bank_technical_error,3,auto_recovery_attempted,retry_immediately,rule_based,True,Mapped bank_technical_error -> retry_immediately (assumed success rate 65%),2026-08-23T05:57:01.802412
pay_DOI55T4GWEYnGT,114.78,wallet_service_down,1,auto_recovery_attempted,retry_later_2h,rule_based,False,Mapped wallet_service_down -> retry_later_2h (assumed success rate 55%),2026-08-23T05:57:01.802453
pay_n7u3h7OQmZylgd,253.13,card_declined,1,auto_recovery_attempted,send_reminder,rule_based,True,Mapped card_declined -> send_reminder (assumed success rate 30%),2026-08-23T05:57:01.802492
pay_qTwzRuw46rbiH2,492.56,payment_declined,1,auto_recovery_attempted,send_reminder,rule_based,False,Mapped payment_declined -> send_reminder (assumed success rate 30%),2026-08-23T05:57:01.802531
pay_pkL5wzomsrLHps,6827.14,incorrect_pin,3,auto_recovery_attempted,send_reminder,rule_based,False,Mapped incorrect_pin -> send_reminder (assumed success rate 30%),2026-08-23T05:57:01.802570
pay_LIo0ZXBydtaRg7,2613.65,incorrect_pin,2,auto_recovery_attempted,send_reminder,rule_based,False,Mapped incorrect_pin -> send_reminder (assumed success rate 30%),2026-08-23T05:57:01.802608
pay_oLObPNi355vmPC,388.81,insufficient_funds,1,auto_recovery_attempted,retry_later_24h,rule_based,False,Mapped insufficient_funds -> retry_later_24h (assumed success rate 45%),2026-08-23T05:57:01.802645
pay_046h2RKlUhEuLB,2409.16,session_timed_out,1,auto_recovery_attempted,send_reminder,rule_based,False,Mapped session_timed_out -> send_reminder (assumed success rate 30%),2026-08-23T05:57:01.802682
pay_BlLg0mVFBahRd0,4625.22,bank_technical_error,4,escalated_manual_review,escalate_to_human,stopping_rule,False,"Stopping rule triggered: 4 attempts already made, avoiding further automated contact",2026-08-23T05:57:01.802721
pay_D3saAgmJKHb5S6,5448.52,insufficient_funds,4,escalated_manual_review,escalate_to_human,stopping_rule,False,"Stopping rule triggered: 4 attempts already made, avoiding further automated contact",2026-08-23T05:57:01.802756
pay_08MRHsrNgrckEk,263.41,incorrect_otp,1,auto_recovery_attempted,send_reminder,rule_based,False,Mapped incorrect_otp -> send_reminder (assumed success rate 30%),2026-08-23T05:57:01.802791
pay_BpNTSG2SNreCzt,718.33,session_timed_out,3,auto_recovery_attempted,send_reminder,rule_based,False,Mapped session_timed_out -> send_reminder (assumed success rate 30%),2026-08-23T05:57:01.802829
pay_JrX4CiACQnsSHc,184.3,bank_technical_error,2,auto_recovery_attempted,retry_immediately,rule_based,True,Mapped bank_technical_error -> retry_immediately (assumed success rate 65%),2026-08-23T05:57:01.802866
pay_iPSqdVJgfqqxG6,895.8,upi_collect_expired,3,auto_recovery_attempted,resend_collect_request,rule_based,False,Mapped upi_collect_expired -> resend_collect_request (assumed success rate 50%),2026-08-23T05:57:01.802902
pay_LeM1GrEvoVmLFC,1106.99,incorrect_pin,2,auto_recovery_attempted,send_reminder,rule_based,False,Mapped incorrect_pin -> send_reminder (assumed success rate 30%),2026-08-23T05:57:01.802939
pay_Yl14Yomd22OvIq,473.21,issuer_unavailable,1,auto_recovery_attempted,retry_later_2h,rule_based,False,Mapped issuer_unavailable -> retry_later_2h (assumed success rate 55%),2026-08-23T05:57:01.802979
pay_FO3v6ChKRfGSFu,1113.8,insufficient_funds,3,auto_recovery_attempted,retry_later_24h,rule_based,False,Mapped insufficient_funds -> retry_later_24h (assumed success rate 45%),2026-08-23T05:57:01.803019
pay_F0QUDSkhRq6Rg6,3868.99,insufficient_funds,3,auto_recovery_attempted,retry_later_24h,rule_based,False,Mapped insufficient_funds -> retry_later_24h (assumed success rate 45%),2026-08-23T05:57:01.803070
pay_OVVekPWkZTgWcd,661.85,card_declined,2,auto_recovery_attempted,send_reminder,rule_based,False,Mapped card_declined -> send_reminder (assumed success rate 30%),2026-08-23T05:57:01.803111
pay_XYoASd7ojwNiCb,717.08,incorrect_otp,4,escalated_manual_review,escalate_to_human,stopping_rule,False,"Stopping rule triggered: 4 attempts already made, avoiding further automated contact",2026-08-23T05:57:01.803149
pay_Iumlg3qyRZwveY,79.25,session_timed_out,4,escalated_manual_review,escalate_to_human,stopping_rule,False,"Stopping rule triggered: 4 attempts already made, avoiding further automated contact",2026-08-23T05:57:01.803184
pay_CiXE6ghnxEAVNL,310.33,payment_declined,2,auto_recovery_attempted,send_reminder,rule_based,False,Mapped payment_declined -> send_reminder (assumed success rate 30%),2026-08-23T05:57:01.803218
pay_oVerlyHSIAgQnr,7088.38,payment_declined,2,auto_recovery_attempted,send_reminder,rule_based,False,Mapped payment_declined -> send_reminder (assumed success rate 30%),2026-08-23T05:57:01.803284
pay_3ip2TEKDzQeGk9,5559.15,payment_declined,1,auto_recovery_attempted,send_reminder,rule_based,True,Mapped payment_declined -> send_reminder (assumed success rate 30%),2026-08-23T05:57:01.803340
pay_Bbq7cxjyc44r0u,612.23,incorrect_otp,3,auto_recovery_attempted,send_reminder,rule_based,True,Mapped incorrect_otp -> send_reminder (assumed success rate 30%),2026-08-23T05:57:01.803383
pay_AnQqXyNGEWPh5M,122.19,incorrect_pin,3,auto_recovery_attempted,send_reminder,rule_based,False,Mapped incorrect_pin -> send_reminder (assumed success rate 30%),2026-08-23T05:57:01.803425
pay_8314dlS7u26tFx,102.31,issuer_unavailable,4,escalated_manual_review,escalate_to_human,stopping_rule,False,"Stopping rule triggered: 4 attempts already made, avoiding further automated contact",2026-08-23T05:57:01.803464
pay_yVE7nXnfdaoDQP,528.87,insufficient_funds,1,auto_recovery_attempted,retry_later_24h,rule_based,False,Mapped insufficient_funds -> retry_later_24h (assumed success rate 45%),2026-08-23T05:57:01.803500
pay_rAMc3xzIVCHLmW,100.01,upi_collect_expired,4,escalated_manual_review,escalate_to_human,stopping_rule,False,"Stopping rule triggered: 4 attempts already made, avoiding further automated contact",2026-08-23T05:57:01.803539
pay_wk1cFptp8UfdtW,8569.0,issuer_unavailable,1,auto_recovery_attempted,retry_later_2h,rule_based,False,Mapped issuer_unavailable -> retry_later_2h (assumed success rate 55%),2026-08-23T05:57:01.803575
pay_VLAIEsQNRdgiHu,538.88,session_timed_out,4,escalated_manual_review,escalate_to_human,stopping_rule,False,"Stopping rule triggered: 4 attempts already made, avoiding further automated contact",2026-08-23T05:57:01.803613
pay_yQwBOihrCG6bGu,5465.07,card_declined,3,auto_recovery_attempted,send_reminder,rule_based,True,Mapped card_declined -> send_reminder (assumed success rate 30%),2026-08-23T05:57:01.803651
pay_vH0wxkCk1h6Fgw,464.28,incorrect_pin,3,auto_recovery_attempted,send_reminder,rule_based,False,Mapped incorrect_pin -> send_reminder (assumed success rate 30%),2026-08-23T05:57:01.803692
pay_hIZCwtDWex79Ii,3315.24,insufficient_funds,4,escalated_manual_review,escalate_to_human,stopping_rule,False,"Stopping rule triggered: 4 attempts already made, avoiding further automated contact",2026-08-23T05:57:01.803733
pay_F5h7TB4NyG9RLN,3747.16,payment_declined,3,auto_recovery_attempted,send_reminder,rule_based,False,Mapped payment_declined -> send_reminder (assumed success rate 30%),2026-08-23T05:57:01.803773
pay_oQ3gJxRcUThcex,2912.1,bank_technical_error,2,auto_recovery_attempted,retry_immediately,rule_based,False,Mapped bank_technical_error -> retry_immediately (assumed success rate 65%),2026-08-23T05:57:01.803811
pay_o4rQLUWdcG13sC,2369.94,payment_declined,4,escalated_manual_review,escalate_to_human,stopping_rule,False,"Stopping rule triggered: 4 attempts already made, avoiding further automated contact",2026-08-23T05:57:01.803850
pay_E8Cz49nZiBHppR,2047.96,wallet_service_down,3,auto_recovery_attempted,retry_later_2h,rule_based,False,Mapped wallet_service_down -> retry_later_2h (assumed success rate 55%),2026-08-23T05:57:01.803886
pay_u4m5sv1MFUTaRg,3033.85,incorrect_otp,4,escalated_manual_review,escalate_to_human,stopping_rule,False,"Stopping rule triggered: 4 attempts already made, avoiding further automated contact",2026-08-23T05:57:01.803923
pay_hTKaEmNRDk0avK,3582.78,card_declined,1,auto_recovery_attempted,send_reminder,rule_based,False,Mapped card_declined -> send_reminder (assumed success rate 30%),2026-08-23T05:57:01.803959
pay_kF0z32qO1C2Swb,1737.2,session_timed_out,3,auto_recovery_attempted,send_reminder,rule_based,False,Mapped session_timed_out -> send_reminder (assumed success rate 30%),2026-08-23T05:57:01.803997
pay_nTkj9r6poRLfLN,801.51,issuer_unavailable,3,auto_recovery_attempted,retry_later_2h,rule_based,True,Mapped issuer_unavailable -> retry_later_2h (assumed success rate 55%),2026-08-23T05:57:01.804042
pay_Izn3SJIKhQC5M0,434.49,insufficient_balance,4,escalated_manual_review,escalate_to_human,stopping_rule,False,"Stopping rule triggered: 4 attempts already made, avoiding further automated contact",2026-08-23T05:57:01.804101
pay_SpdjZaHGq17UWI,754.47,insufficient_funds,3,auto_recovery_attempted,retry_later_24h,rule_based,True,Mapped insufficient_funds -> retry_later_24h (assumed success rate 45%),2026-08-23T05:57:01.804145
pay_aVCKxDLCQDpDmV,707.41,incorrect_pin,3,auto_recovery_attempted,send_reminder,rule_based,True,Mapped incorrect_pin -> send_reminder (assumed success rate 30%),2026-08-23T05:57:01.804185
pay_AED2cBHOBteGRE,1720.48,insufficient_funds,3,auto_recovery_attempted,retry_later_24h,rule_based,False,Mapped insufficient_funds -> retry_later_24h (assumed success rate 45%),2026-08-23T05:57:01.804273
pay_62bhJfX2FJdUN9,2121.06,upi_collect_expired,3,auto_recovery_attempted,resend_collect_request,rule_based,False,Mapped upi_collect_expired -> resend_collect_request (assumed success rate 50%),2026-08-23T05:57:01.804329
pay_wUSVLLywoGMeeH,2953.14,insufficient_funds,1,auto_recovery_attempted,retry_later_24h,rule_based,False,Mapped insufficient_funds -> retry_later_24h (assumed success rate 45%),2026-08-23T05:57:01.804372
pay_13dGaKkCmS3RO7,1002.17,incorrect_otp,2,auto_recovery_attempted,send_reminder,rule_based,False,Mapped incorrect_otp -> send_reminder (assumed success rate 30%),2026-08-23T05:57:01.804414
pay_zZ42vliOeI4zCq,594.03,upi_collect_expired,3,auto_recovery_attempted,resend_collect_request,rule_based,False,Mapped upi_collect_expired -> resend_collect_request (assumed success rate 50%),2026-08-23T05:57:01.804453
pay_RU0djZwHHq3awg,1685.14,upi_collect_expired,3,auto_recovery_attempted,resend_collect_request,rule_based,False,Mapped upi_collect_expired -> resend_collect_request (assumed success rate 50%),2026-08-23T05:57:01.804497
pay_zz6326C4w4VIwT,1008.81,card_declined,1,auto_recovery_attempted,send_reminder,rule_based,False,Mapped card_declined -> send_reminder (assumed success rate 30%),2026-08-23T05:57:01.804537
pay_T2OXiYQPFyUNJZ,4104.14,upi_collect_expired,3,auto_recovery_attempted,resend_collect_request,rule_based,False,Mapped upi_collect_expired -> resend_collect_request (assumed success rate 50%),2026-08-23T05:57:01.804576
pay_I7acuxqA3451YB,3788.41,issuer_unavailable,3,auto_recovery_attempted,retry_later_2h,rule_based,True,Mapped issuer_unavailable -> retry_later_2h (assumed success rate 55%),2026-08-23T05:57:01.804616
pay_1tiOAOE0MhQJnw,1903.34,insufficient_balance,4,escalated_manual_review,escalate_to_human,stopping_rule,False,"Stopping rule triggered: 4 attempts already made, avoiding further automated contact",2026-08-23T05:57:01.804656
pay_aCAmY7dNqKNP8l,674.84,incorrect_otp,3,auto_recovery_attempted,send_reminder,rule_based,False,Mapped incorrect_otp -> send_reminder (assumed success rate 30%),2026-08-23T05:57:01.804694
pay_6FOiCFPZz5ZzaU,1754.56,card_declined,3,auto_recovery_attempted,send_reminder,rule_based,True,Mapped card_declined -> send_reminder (assumed success rate 30%),2026-08-23T05:57:01.804733
pay_iWzvMFpIfsN7FU,853.75,session_timed_out,1,auto_recovery_attempted,send_reminder,rule_based,False,Mapped session_timed_out -> send_reminder (assumed success rate 30%),2026-08-23T05:57:01.804772
pay_TbYBzPsmev1iqw,3741.94,card_declined,2,auto_recovery_attempted,send_reminder,rule_based,False,Mapped card_declined -> send_reminder (assumed success rate 30%),2026-08-23T05:57:01.804809
pay_KHjWzAinM0mOWe,1887.69,incorrect_otp,3,auto_recovery_attempted,send_reminder,rule_based,True,Mapped incorrect_otp -> send_reminder (assumed success rate 30%),2026-08-23T05:57:01.804845
pay_hGdmx3XSMuhivT,251.85,upi_collect_expired,3,auto_recovery_attempted,resend_collect_request,rule_based,False,Mapped upi_collect_expired -> resend_collect_request (assumed success rate 50%),2026-08-23T05:57:01.804883
pay_0yjjKC7ZD7Af99,4448.93,session_timed_out,1,auto_recovery_attempted,send_reminder,rule_based,False,Mapped session_timed_out -> send_reminder (assumed success rate 30%),2026-08-23T05:57:01.804920
pay_XfT8r0a6kOzgI1,1554.44,upi_collect_expired,1,auto_recovery_attempted,resend_collect_request,rule_based,True,Mapped upi_collect_expired -> resend_collect_request (assumed success rate 50%),2026-08-23T05:57:01.804958
pay_wTfiaCIyrHXvUA,1324.06,insufficient_funds,2,auto_recovery_attempted,retry_later_24h,rule_based,True,Mapped insufficient_funds -> retry_later_24h (assumed success rate 45%),2026-08-23T05:57:01.804997
pay_Za09J4hU4lLBV9,4170.26,session_timed_out,1,auto_recovery_attempted,send_reminder,rule_based,False,Mapped session_timed_out -> send_reminder (assumed success rate 30%),2026-08-23T05:57:01.805040
pay_J9t2T2cGYidnTk,1249.45,payment_declined,3,auto_recovery_attempted,send_reminder,rule_based,False,Mapped payment_declined -> send_reminder (assumed success rate 30%),2026-08-23T05:57:01.805085
pay_BsQpGRtH4HzO1L,325.54,issuer_unavailable,2,auto_recovery_attempted,retry_later_2h,rule_based,False,Mapped issuer_unavailable -> retry_later_2h (assumed success rate 55%),2026-08-23T05:57:01.805124
pay_nlt5t776gyLVjN,1835.09,card_declined,3,auto_recovery_attempted,send_reminder,rule_based,False,Mapped card_declined -> send_reminder (assumed success rate 30%),2026-08-23T05:57:01.805162
pay_2mshG7ezGgNLKC,705.88,upi_collect_expired,1,auto_recovery_attempted,resend_collect_request,rule_based,False,Mapped upi_collect_expired -> resend_collect_request (assumed success rate 50%),2026-08-23T05:57:01.805199
pay_xUhq3kvZItqBBk,2612.92,issuer_unavailable,1,auto_recovery_attempted,retry_later_2h,rule_based,False,Mapped issuer_unavailable -> retry_later_2h (assumed success rate 55%),2026-08-23T05:57:01.805261
pay_cICsmAAaktDeqW,894.14,payment_declined,3,auto_recovery_attempted,send_reminder,rule_based,False,Mapped payment_declined -> send_reminder (assumed success rate 30%),2026-08-23T05:57:01.805316
pay_0D3lIEJTlnEm9B,2984.65,issuer_unavailable,2,auto_recovery_attempted,retry_later_2h,rule_based,False,Mapped issuer_unavailable -> retry_later_2h (assumed success rate 55%),2026-08-23T05:57:01.805360
pay_hneVxJvRqXbKXT,4024.75,payment_declined,2,auto_recovery_attempted,send_reminder,rule_based,False,Mapped payment_declined -> send_reminder (assumed success rate 30%),2026-08-23T05:57:01.805400
pay_AkZxYOq9YNhXrx,1622.86,insufficient_balance,4,escalated_manual_review,escalate_to_human,stopping_rule,False,"Stopping rule triggered: 4 attempts already made, avoiding further automated contact",2026-08-23T05:57:01.805442
pay_nFVdgdFmiPZpG3,529.46,bank_technical_error,1,auto_recovery_attempted,retry_immediately,rule_based,True,Mapped bank_technical_error -> retry_immediately (assumed success rate 65%),2026-08-23T05:57:01.805477
pay_rTWCYpAOgArmX9,1137.91,payment_declined,2,auto_recovery_attempted,send_reminder,rule_based,True,Mapped payment_declined -> send_reminder (assumed success rate 30%),2026-08-23T05:57:01.805516
pay_dfebXfHySMoW1F,61.42,bank_technical_error,3,auto_recovery_attempted,retry_immediately,rule_based,False,Mapped bank_technical_error -> retry_immediately (assumed success rate 65%),2026-08-23T05:57:01.805553
pay_KeaRZIXIJpVxrD,4547.91,bank_technical_error,3,auto_recovery_attempted,retry_immediately,rule_based,True,Mapped bank_technical_error -> retry_immediately (assumed success rate 65%),2026-08-23T05:57:01.805590
pay_KdsMMnJNyEgFpj,2971.82,incorrect_otp,2,auto_recovery_attempted,send_reminder,rule_based,False,Mapped incorrect_otp -> send_reminder (assumed success rate 30%),2026-08-23T05:57:01.805628
pay_g9xrIOw817mxJa,523.61,issuer_unavailable,4,escalated_manual_review,escalate_to_human,stopping_rule,False,"Stopping rule triggered: 4 attempts already made, avoiding further automated contact",2026-08-23T05:57:01.805666
pay_38htM7mWcteNsL,3829.18,incorrect_pin,1,auto_recovery_attempted,send_reminder,rule_based,True,Mapped incorrect_pin -> send_reminder (assumed success rate 30%),2026-08-23T05:57:01.805701
pay_N316WIfUa9Z9Y4,4639.02,wallet_service_down,2,auto_recovery_attempted,retry_later_2h,rule_based,True,Mapped wallet_service_down -> retry_later_2h (assumed success rate 55%),2026-08-23T05:57:01.805739
pay_aMRhjYXY5Z5SUU,760.7,issuer_unavailable,3,auto_recovery_attempted,retry_later_2h,rule_based,True,Mapped issuer_unavailable -> retry_later_2h (assumed success rate 55%),2026-08-23T05:57:01.805777
pay_L14du0Rmx3l1lO,839.69,upi_collect_expired,3,auto_recovery_attempted,resend_collect_request,rule_based,True,Mapped upi_collect_expired -> resend_collect_request (assumed success rate 50%),2026-08-23T05:57:01.805816
pay_9VSwAHKDF0kpQ0,1091.96,emi_not_supported,2,auto_recovery_attempted,suggest_alt_method,rule_based,False,Mapped emi_not_supported -> suggest_alt_method (assumed success rate 40%),2026-08-23T05:57:01.805853
pay_plaGR6ZypssHCD,193.99,incorrect_otp,4,escalated_manual_review,escalate_to_human,stopping_rule,False,"Stopping rule triggered: 4 attempts already made, avoiding further automated contact",2026-08-23T05:57:01.805893
pay_cvNLYMMGjCpTbT,1027.32,insufficient_funds,3,auto_recovery_attempted,retry_later_24h,rule_based,True,Mapped insufficient_funds -> retry_later_24h (assumed success rate 45%),2026-08-23T05:57:01.805927
pay_tNS1Trk4QgNerj,4057.89,session_timed_out,1,auto_recovery_attempted,send_reminder,rule_based,False,Mapped session_timed_out -> send_reminder (assumed success rate 30%),2026-08-23T05:57:01.805964
pay_xM3NhIOWKhwawT,872.02,upi_collect_expired,4,escalated_manual_review,escalate_to_human,stopping_rule,False,"Stopping rule triggered: 4 attempts already made, avoiding further automated contact",2026-08-23T05:57:01.806003
pay_BWF6KZwWsoDJ7t,2824.98,issuer_unavailable,2,auto_recovery_attempted,retry_later_2h,rule_based,False,Mapped issuer_unavailable -> retry_later_2h (assumed success rate 55%),2026-08-23T05:57:01.806044
pay_mp0ZkrTmR7LSI3,1341.44,bank_technical_error,2,auto_recovery_attempted,retry_immediately,rule_based,True,Mapped bank_technical_error -> retry_immediately (assumed success rate 65%),2026-08-23T05:57:01.806087
pay_jyE8YFA4AOEZq6,2816.39,insufficient_funds,3,auto_recovery_attempted,retry_later_24h,rule_based,False,Mapped insufficient_funds -> retry_later_24h (assumed success rate 45%),2026-08-23T05:57:01.806126
pay_s3FZamcZyc6PKM,463.63,wallet_service_down,2,auto_recovery_attempted,retry_later_2h,rule_based,False,Mapped wallet_service_down -> retry_later_2h (assumed success rate 55%),2026-08-23T05:57:01.806163
pay_McP5mK7ltAUD5a,2012.86,upi_collect_expired,3,auto_recovery_attempted,resend_collect_request,rule_based,True,Mapped upi_collect_expired -> resend_collect_request (assumed success rate 50%),2026-08-23T05:57:01.806203
pay_mHdHsiyGppAFKl,2142.71,card_declined,2,auto_recovery_attempted,send_reminder,rule_based,False,Mapped card_declined -> send_reminder (assumed success rate 30%),2026-08-23T05:57:01.806266
pay_ruKtGOQRodjafa,335.14,payment_declined,2,auto_recovery_attempted,send_reminder,rule_based,False,Mapped payment_declined -> send_reminder (assumed success rate 30%),2026-08-23T05:57:01.806320
pay_XxmitQdUuuxEKY,652.74,payment_declined,2,auto_recovery_attempted,send_reminder,rule_based,False,Mapped payment_declined -> send_reminder (assumed success rate 30%),2026-08-23T05:57:01.806361
pay_DLhBTLx88BI6aE,949.91,wallet_service_down,1,auto_recovery_attempted,retry_later_2h,rule_based,True,Mapped wallet_service_down -> retry_later_2h (assumed success rate 55%),2026-08-23T05:57:01.806400
pay_GgG8Xp6dldh0Lt,1395.03,payment_declined,2,auto_recovery_attempted,send_reminder,rule_based,False,Mapped payment_declined -> send_reminder (assumed success rate 30%),2026-08-23T05:57:01.806439
pay_ihTVRLrSGromup,4901.74,bank_technical_error,2,auto_recovery_attempted,retry_immediately,rule_based,True,Mapped bank_technical_error -> retry_immediately (assumed success rate 65%),2026-08-23T05:57:01.806475
pay_KmSHt406wNbk3b,629.96,incorrect_otp,4,escalated_manual_review,escalate_to_human,stopping_rule,False,"Stopping rule triggered: 4 attempts already made, avoiding further automated contact",2026-08-23T05:57:01.806514
pay_rPhN2NCw3WW1C7,1274.58,payment_declined,1,auto_recovery_attempted,send_reminder,rule_based,True,Mapped payment_declined -> send_reminder (assumed success rate 30%),2026-08-23T05:57:01.806551
pay_VtzUpReEETOXOG,3852.71,wallet_service_down,3,auto_recovery_attempted,retry_later_2h,rule_based,True,Mapped wallet_service_down -> retry_later_2h (assumed success rate 55%),2026-08-23T05:57:01.806588
pay_x4mzHuMnQrzKFx,1345.84,upi_collect_expired,1,auto_recovery_attempted,resend_collect_request,rule_based,False,Mapped upi_collect_expired -> resend_collect_request (assumed success rate 50%),2026-08-23T05:57:01.806625
pay_HcF2U1F4WrzCmN,1835.45,incorrect_otp,4,escalated_manual_review,escalate_to_human,stopping_rule,False,"Stopping rule triggered: 4 attempts already made, avoiding further automated contact",2026-08-23T05:57:01.806663
pay_pOCK7pOYZcfJSe,273.02,insufficient_balance,3,auto_recovery_attempted,send_reminder,rule_based,False,Mapped insufficient_balance -> send_reminder (assumed success rate 30%),2026-08-23T05:57:01.806699
pay_35cazSFZbFpqHR,4297.97,issuer_unavailable,3,auto_recovery_attempted,retry_later_2h,rule_based,True,Mapped issuer_unavailable -> retry_later_2h (assumed success rate 55%),2026-08-23T05:57:01.806737
pay_8DWz0hnJPpitmP,4160.54,issuer_unavailable,4,escalated_manual_review,escalate_to_human,stopping_rule,False,"Stopping rule triggered: 4 attempts already made, avoiding further automated contact",2026-08-23T05:57:01.806774
pay_w1ZEz6hMgb1CkD,910.11,insufficient_balance,3,auto_recovery_attempted,send_reminder,rule_based,False,Mapped insufficient_balance -> send_reminder (assumed success rate 30%),2026-08-23T05:57:01.806808
pay_SuzXMsTnod6BV7,1118.11,session_timed_out,3,auto_recovery_attempted,send_reminder,rule_based,True,Mapped session_timed_out -> send_reminder (assumed success rate 30%),2026-08-23T05:57:01.806844
pay_shu2IEZhwXQp4W,1609.64,upi_collect_expired,1,auto_recovery_attempted,resend_collect_request,rule_based,True,Mapped upi_collect_expired -> resend_collect_request (assumed success rate 50%),2026-08-23T05:57:01.806881
pay_xVNXm7lKYwkKkh,2140.73,bank_technical_error,1,auto_recovery_attempted,retry_immediately,rule_based,True,Mapped bank_technical_error -> retry_immediately (assumed success rate 65%),2026-08-23T05:57:01.806920
pay_hNsMMMfuyGXLFe,2765.67,issuer_unavailable,3,auto_recovery_attempted,retry_later_2h,rule_based,True,Mapped issuer_unavailable -> retry_later_2h (assumed success rate 55%),2026-08-23T05:57:01.806960
pay_bgJJji57sh1Oz6,3827.91,payment_declined,1,auto_recovery_attempted,send_reminder,rule_based,True,Mapped payment_declined -> send_reminder (assumed success rate 30%),2026-08-23T05:57:01.806999
pay_VTr0oSIR0mHHAD,1869.67,upi_collect_expired,3,auto_recovery_attempted,resend_collect_request,rule_based,True,Mapped upi_collect_expired -> resend_collect_request (assumed success rate 50%),2026-08-23T05:57:01.807045
pay_BiiDhqqD0ZJbfV,919.99,emi_not_supported,3,auto_recovery_attempted,suggest_alt_method,rule_based,False,Mapped emi_not_supported -> suggest_alt_method (assumed success rate 40%),2026-08-23T05:57:01.807090
pay_24D6JZllpnPikv,489.48,emi_not_supported,1,auto_recovery_attempted,suggest_alt_method,rule_based,True,Mapped emi_not_supported -> suggest_alt_method (assumed success rate 40%),2026-08-23T05:57:01.807129
pay_qRqNKspWhzIrXb,4033.71,insufficient_funds,4,escalated_manual_review,escalate_to_human,stopping_rule,False,"Stopping rule triggered: 4 attempts already made, avoiding further automated contact",2026-08-23T05:57:01.807191
pay_s4c7TTDt2ttM4F,238.63,payment_declined,2,auto_recovery_attempted,send_reminder,rule_based,False,Mapped payment_declined -> send_reminder (assumed success rate 30%),2026-08-23T05:57:01.807232
pay_ufQFnnM7wJDrGw,798.57,payment_declined,2,auto_recovery_attempted,send_reminder,rule_based,False,Mapped payment_declined -> send_reminder (assumed success rate 30%),2026-08-23T05:57:01.807304
pay_UCCDPI1w9e6M7y,286.87,bank_technical_error,3,auto_recovery_attempted,retry_immediately,rule_based,True,Mapped bank_technical_error -> retry_immediately (assumed success rate 65%),2026-08-23T05:57:01.807349
pay_hx4raQTJlLtiQb,2422.33,incorrect_otp,4,escalated_manual_review,escalate_to_human,stopping_rule,False,"Stopping rule triggered: 4 attempts already made, avoiding further automated contact",2026-08-23T05:57:01.807389
pay_FsOLvlrcaIklnp,1135.33,upi_collect_expired,3,auto_recovery_attempted,resend_collect_request,rule_based,False,Mapped upi_collect_expired -> resend_collect_request (assumed success rate 50%),2026-08-23T05:57:01.807427
pay_boI7e3AHCesYRw,3363.07,card_declined,4,escalated_manual_review,escalate_to_human,stopping_rule,False,"Stopping rule triggered: 4 attempts already made, avoiding further automated contact",2026-08-23T05:57:01.807467
pay_YiemYgPhohIsy1,6007.42,issuer_unavailable,2,auto_recovery_attempted,retry_later_2h,rule_based,True,Mapped issuer_unavailable -> retry_later_2h (assumed success rate 55%),2026-08-23T05:57:01.807506
pay_xbHkGxlIrlZ9wT,3067.99,upi_collect_expired,3,auto_recovery_attempted,resend_collect_request,rule_based,True,Mapped upi_collect_expired -> resend_collect_request (assumed success rate 50%),2026-08-23T05:57:01.807545
pay_6EoEKYBTF4blgX,1076.52,upi_collect_expired,4,escalated_manual_review,escalate_to_human,stopping_rule,False,"Stopping rule triggered: 4 attempts already made, avoiding further automated contact",2026-08-23T05:57:01.807584
pay_VgPswwWOnaPdTh,2113.0,wallet_service_down,1,auto_recovery_attempted,retry_later_2h,rule_based,True,Mapped wallet_service_down -> retry_later_2h (assumed success rate 55%),2026-08-23T05:57:01.807620
pay_gt4U2rhJVGfNrp,939.42,incorrect_otp,3,auto_recovery_attempted,send_reminder,rule_based,True,Mapped incorrect_otp -> send_reminder (assumed success rate 30%),2026-08-23T05:57:01.807659
pay_7nfVOSAFtu7t22,2077.14,card_declined,3,auto_recovery_attempted,send_reminder,rule_based,True,Mapped card_declined -> send_reminder (assumed success rate 30%),2026-08-23T05:57:01.807697
pay_mhTLKt9yyMrP1U,222.79,upi_collect_expired,1,auto_recovery_attempted,resend_collect_request,rule_based,True,Mapped upi_collect_expired -> resend_collect_request (assumed success rate 50%),2026-08-23T05:57:01.807735
pay_Gf2Q75a0CIXVKH,3422.39,issuer_unavailable,4,escalated_manual_review,escalate_to_human,stopping_rule,False,"Stopping rule triggered: 4 attempts already made, avoiding further automated contact",2026-08-23T05:57:01.807771
pay_CPTJmKkD0ODv5k,260.67,insufficient_funds,1,auto_recovery_attempted,retry_later_24h,rule_based,True,Mapped insufficient_funds -> retry_later_24h (assumed success rate 45%),2026-08-23T05:57:01.807808
pay_cCEjcW4gRzELDW,733.1,insufficient_funds,3,auto_recovery_attempted,retry_later_24h,rule_based,True,Mapped insufficient_funds -> retry_later_24h (assumed success rate 45%),2026-08-23T05:57:01.807846
pay_zIfsSCf8XlNelu,1282.59,wallet_service_down,4,escalated_manual_review,escalate_to_human,stopping_rule,False,"Stopping rule triggered: 4 attempts already made, avoiding further automated contact",2026-08-23T05:57:01.807883
pay_RfQmCg8hetP32u,643.92,card_declined,3,auto_recovery_attempted,send_reminder,rule_based,False,Mapped card_declined -> send_reminder (assumed success rate 30%),2026-08-23T05:57:01.807918
pay_NTPCXLVz8wh8uJ,3512.13,issuer_unavailable,1,auto_recovery_attempted,retry_later_2h,rule_based,True,Mapped issuer_unavailable -> retry_later_2h (assumed success rate 55%),2026-08-23T05:57:01.807958
pay_PeG4LnLOsY6u4Y,303.13,payment_declined,2,auto_recovery_attempted,send_reminder,rule_based,False,Mapped payment_declined -> send_reminder (assumed success rate 30%),2026-08-23T05:57:01.808001
pay_ALWmFiE9jPeDP9,642.91,issuer_unavailable,4,escalated_manual_review,escalate_to_human,stopping_rule,False,"Stopping rule triggered: 4 attempts already made, avoiding further automated contact",2026-08-23T05:57:01.808046
pay_j88AalImwRHjol,1358.14,insufficient_funds,4,escalated_manual_review,escalate_to_human,stopping_rule,False,"Stopping rule triggered: 4 attempts already made, avoiding further automated contact",2026-08-23T05:57:01.808087
pay_K1wjvo5B1UnF9g,3718.32,card_declined,1,auto_recovery_attempted,send_reminder,rule_based,False,Mapped card_declined -> send_reminder (assumed success rate 30%),2026-08-23T05:57:01.808121
pay_dV8FgQkb7wa4CR,1803.15,wallet_service_down,4,escalated_manual_review,escalate_to_human,stopping_rule,False,"Stopping rule triggered: 4 attempts already made, avoiding further automated contact",2026-08-23T05:57:01.808159
pay_ikx3sgx3XB3NHS,1318.4,session_timed_out,3,auto_recovery_attempted,send_reminder,rule_based,False,Mapped session_timed_out -> send_reminder (assumed success rate 30%),2026-08-23T05:57:01.808194
pay_YLW3CZsViHzHEH,2662.91,issuer_unavailable,4,escalated_manual_review,escalate_to_human,stopping_rule,False,"Stopping rule triggered: 4 attempts already made, avoiding further automated contact",2026-08-23T05:57:01.808285
pay_pdzgXuJDySnSps,1945.43,payment_declined,4,escalated_manual_review,escalate_to_human,stopping_rule,False,"Stopping rule triggered: 4 attempts already made, avoiding further automated contact",2026-08-23T05:57:01.808333
pay_hiChi8QVKIiZbG,65.13,session_timed_out,4,escalated_manual_review,escalate_to_human,stopping_rule,False,"Stopping rule triggered: 4 attempts already made, avoiding further automated contact",2026-08-23T05:57:01.808375
pay_7pttKHcdiSuK6I,1217.4,bank_technical_error,4,escalated_manual_review,escalate_to_human,stopping_rule,False,"Stopping rule triggered: 4 attempts already made, avoiding further automated contact",2026-08-23T05:57:01.808413
pay_DBbp1Wc0fTodsW,237.81,wallet_service_down,1,auto_recovery_attempted,retry_later_2h,rule_based,True,Mapped wallet_service_down -> retry_later_2h (assumed success rate 55%),2026-08-23T05:57:01.808449
pay_5PGfwGd63rPj6l,221.63,wallet_service_down,1,auto_recovery_attempted,retry_later_2h,rule_based,False,Mapped wallet_service_down -> retry_later_2h (assumed success rate 55%),2026-08-23T05:57:01.808491
pay_GICjkVkFne9vLh,2341.96,wallet_service_down,2,auto_recovery_attempted,retry_later_2h,rule_based,False,Mapped wallet_service_down -> retry_later_2h (assumed success rate 55%),2026-08-23T05:57:01.808529
pay_f3VnRixxTTYvf6,1035.33,wallet_service_down,4,escalated_manual_review,escalate_to_human,stopping_rule,False,"Stopping rule triggered: 4 attempts already made, avoiding further automated contact",2026-08-23T05:57:01.808567
pay_I1TvbnA8RJx8xm,1479.52,incorrect_pin,4,escalated_manual_review,escalate_to_human,stopping_rule,False,"Stopping rule triggered: 4 attempts already made, avoiding further automated contact",2026-08-23T05:57:01.808605
pay_b4cgSX9QqU3rnx,3223.35,bank_technical_error,1,auto_recovery_attempted,retry_immediately,rule_based,True,Mapped bank_technical_error -> retry_immediately (assumed success rate 65%),2026-08-23T05:57:01.808641
pay_vvC4R18OmLcrOj,1794.28,insufficient_funds,3,auto_recovery_attempted,retry_later_24h,rule_based,False,Mapped insufficient_funds -> retry_later_24h (assumed success rate 45%),2026-08-23T05:57:01.808680
pay_ag94abaOBSGZfx,1350.81,issuer_unavailable,3,auto_recovery_attempted,retry_later_2h,rule_based,False,Mapped issuer_unavailable -> retry_later_2h (assumed success rate 55%),2026-08-23T05:57:01.808718
pay_4S6PB2UESJpSYr,844.18,wallet_service_down,2,auto_recovery_attempted,retry_later_2h,rule_based,True,Mapped wallet_service_down -> retry_later_2h (assumed success rate 55%),2026-08-23T05:57:01.808756
pay_rP6kDc5sWYr9jd,2453.79,issuer_unavailable,1,auto_recovery_attempted,retry_later_2h,rule_based,True,Mapped issuer_unavailable -> retry_later_2h (assumed success rate 55%),2026-08-23T05:57:01.808794
pay_mYT6BK6LfRIbR9,1344.49,upi_collect_expired,2,auto_recovery_attempted,resend_collect_request,rule_based,False,Mapped upi_collect_expired -> resend_collect_request (assumed success rate 50%),2026-08-23T05:57:01.808832
pay_wVVE5lj8JkWvS2,1632.14,insufficient_funds,4,escalated_manual_review,escalate_to_human,stopping_rule,False,"Stopping rule triggered: 4 attempts already made, avoiding further automated contact",2026-08-23T05:57:01.808873
pay_n0YJQNzjKgaLhG,183.59,incorrect_otp,3,auto_recovery_attempted,send_reminder,rule_based,False,Mapped incorrect_otp -> send_reminder (assumed success rate 30%),2026-08-23T05:57:01.808908
pay_9vM1V2Wh5QWD0v,1498.16,bank_technical_error,1,auto_recovery_attempted,retry_immediately,rule_based,True,Mapped bank_technical_error -> retry_immediately (assumed success rate 65%),2026-08-23T05:57:01.808948
pay_Sm4BkEKmQfPsqE,334.01,issuer_unavailable,2,auto_recovery_attempted,retry_later_2h,rule_based,True,Mapped issuer_unavailable -> retry_later_2h (assumed success rate 55%),2026-08-23T05:57:01.808985
pay_Qz5sfzsoFice9c,2670.07,payment_declined,3,auto_recovery_attempted,send_reminder,rule_based,False,Mapped payment_declined -> send_reminder (assumed success rate 30%),2026-08-23T05:57:01.809023
pay_aFGsa3K0e48omK,1362.82,payment_declined,3,auto_recovery_attempted,send_reminder,rule_based,False,Mapped payment_declined -> send_reminder (assumed success rate 30%),2026-08-23T05:57:01.809074
pay_S85NFyf92FZyBN,1237.21,insufficient_funds,3,auto_recovery_attempted,retry_later_24h,rule_based,False,Mapped insufficient_funds -> retry_later_24h (assumed success rate 45%),2026-08-23T05:57:01.809114
pay_g2uMa1vIqNenkC,2725.95,insufficient_funds,3,auto_recovery_attempted,retry_later_24h,rule_based,True,Mapped insufficient_funds -> retry_later_24h (assumed success rate 45%),2026-08-23T05:57:01.809154
pay_bj1VwTiSHt37bs,630.64,issuer_unavailable,3,auto_recovery_attempted,retry_later_2h,rule_based,True,Mapped issuer_unavailable -> retry_later_2h (assumed success rate 55%),2026-08-23T05:57:01.809192
pay_9y6Qydn1J5Bddl,1297.94,session_timed_out,1,auto_recovery_attempted,send_reminder,rule_based,False,Mapped session_timed_out -> send_reminder (assumed success rate 30%),2026-08-23T05:57:01.809229
pay_pZmDHXJc95pqnV,1447.13,payment_declined,4,escalated_manual_review,escalate_to_human,stopping_rule,False,"Stopping rule triggered: 4 attempts already made, avoiding further automated contact",2026-08-23T05:57:01.809300
pay_IYFpByPxddKGLj,367.89,upi_collect_expired,1,auto_recovery_attempted,resend_collect_request,rule_based,True,Mapped upi_collect_expired -> resend_collect_request (assumed success rate 50%),2026-08-23T05:57:01.809340
pay_krAinmPw8Fj7yt,1924.98,bank_technical_error,3,auto_recovery_attempted,retry_immediately,rule_based,True,Mapped bank_technical_error -> retry_immediately (assumed success rate 65%),2026-08-23T05:57:01.809380
pay_G6lLSyO4VlyOPQ,2243.89,upi_collect_expired,1,auto_recovery_attempted,resend_collect_request,rule_based,False,Mapped upi_collect_expired -> resend_collect_request (assumed success rate 50%),2026-08-23T05:57:01.809422
pay_kouKWGB5ToMoyb,85.51,wallet_service_down,1,auto_recovery_attempted,retry_later_2h,rule_based,False,Mapped wallet_service_down -> retry_later_2h (assumed success rate 55%),2026-08-23T05:57:01.809462
pay_sgXquJYOs7kZyn,545.17,issuer_unavailable,3,auto_recovery_attempted,retry_later_2h,rule_based,True,Mapped issuer_unavailable -> retry_later_2h (assumed success rate 55%),2026-08-23T05:57:01.809500
pay_y4thmTbpOY4kRB,5786.79,payment_declined,1,auto_recovery_attempted,send_reminder,rule_based,False,Mapped payment_declined -> send_reminder (assumed success rate 30%),2026-08-23T05:57:01.809539
pay_t80BapZo8ywF5X,253.39,issuer_unavailable,3,auto_recovery_attempted,retry_later_2h,rule_based,True,Mapped issuer_unavailable -> retry_later_2h (assumed success rate 55%),2026-08-23T05:57:01.809576
pay_B7GHeXxUoAkzn8,341.13,insufficient_funds,3,auto_recovery_attempted,retry_later_24h,rule_based,True,Mapped insufficient_funds -> retry_later_24h (assumed success rate 45%),2026-08-23T05:57:01.809612
pay_8p0OpHNYIs9A9L,3762.27,emi_not_supported,4,escalated_manual_review,escalate_to_human,stopping_rule,False,"Stopping rule triggered: 4 attempts already made, avoiding further automated contact",2026-08-23T05:57:01.809648
pay_1i5eKGcaXOZApe,203.95,card_declined,3,auto_recovery_attempted,send_reminder,rule_based,False,Mapped card_declined -> send_reminder (assumed success rate 30%),2026-08-23T05:57:01.809682
pay_C7fIF8zePu3pI8,2257.98,insufficient_balance,1,auto_recovery_attempted,send_reminder,rule_based,True,Mapped insufficient_balance -> send_reminder (assumed success rate 30%),2026-08-23T05:57:01.809720
pay_GUnG7ubXv7B3vF,7754.75,session_timed_out,2,auto_recovery_attempted,send_reminder,rule_based,True,Mapped session_timed_out -> send_reminder (assumed success rate 30%),2026-08-23T05:57:01.809756
pay_XVB6V6QQByTh0u,1635.07,incorrect_pin,2,auto_recovery_attempted,send_reminder,rule_based,False,Mapped incorrect_pin -> send_reminder (assumed success rate 30%),2026-08-23T05:57:01.809793
pay_Uj1uAGOSR6WcNN,2563.6,issuer_unavailable,4,escalated_manual_review,escalate_to_human,stopping_rule,False,"Stopping rule triggered: 4 attempts already made, avoiding further automated contact",2026-08-23T05:57:01.809832
pay_7UmjRAlR1B6qQF,963.94,wallet_service_down,3,auto_recovery_attempted,retry_later_2h,rule_based,True,Mapped wallet_service_down -> retry_later_2h (assumed success rate 55%),2026-08-23T05:57:01.809866
pay_430oPL7a8yOV1V,873.02,incorrect_otp,2,auto_recovery_attempted,send_reminder,rule_based,False,Mapped incorrect_otp -> send_reminder (assumed success rate 30%),2026-08-23T05:57:01.809904
pay_5C7tsi0jumCaQr,4096.64,incorrect_pin,3,auto_recovery_attempted,send_reminder,rule_based,True,Mapped incorrect_pin -> send_reminder (assumed success rate 30%),2026-08-23T05:57:01.809942
pay_Wf9JIlPsil6HZn,1587.37,issuer_unavailable,3,auto_recovery_attempted,retry_later_2h,rule_based,True,Mapped issuer_unavailable -> retry_later_2h (assumed success rate 55%),2026-08-23T05:57:01.809979
pay_TF2Yy65iqIaDkB,1979.3,insufficient_funds,3,auto_recovery_attempted,retry_later_24h,rule_based,True,Mapped insufficient_funds -> retry_later_24h (assumed success rate 45%),2026-08-23T05:57:01.810016
pay_mN5AGeqdvX2VI2,1860.87,insufficient_balance,1,auto_recovery_attempted,send_reminder,rule_based,False,Mapped insufficient_balance -> send_reminder (assumed success rate 30%),2026-08-23T05:57:01.810070
pay_6oJA3PUEwt8WJB,545.26,insufficient_balance,4,escalated_manual_review,escalate_to_human,stopping_rule,False,"Stopping rule triggered: 4 attempts already made, avoiding further automated contact",2026-08-23T05:57:01.810111
pay_P2zPlQCW3ERJc6,693.55,issuer_unavailable,1,auto_recovery_attempted,retry_later_2h,rule_based,False,Mapped issuer_unavailable -> retry_later_2h (assumed success rate 55%),2026-08-23T05:57:01.810151
pay_r5itxjX1J5TrkT,766.27,card_declined,3,auto_recovery_attempted,send_reminder,rule_based,False,Mapped card_declined -> send_reminder (assumed success rate 30%),2026-08-23T05:57:01.810191
pay_fTtvMwpmZ1msCu,1509.32,insufficient_funds,1,auto_recovery_attempted,retry_later_24h,rule_based,False,Mapped insufficient_funds -> retry_later_24h (assumed success rate 45%),2026-08-23T05:57:01.810229
pay_OcYtQpB6ZF3zGq,2989.09,wallet_service_down,1,auto_recovery_attempted,retry_later_2h,rule_based,True,Mapped wallet_service_down -> retry_later_2h (assumed success rate 55%),2026-08-23T05:57:01.810303
pay_R071qFfMseWzLZ,3191.59,insufficient_balance,4,escalated_manual_review,escalate_to_human,stopping_rule,False,"Stopping rule triggered: 4 attempts already made, avoiding further automated contact",2026-08-23T05:57:01.810347
pay_pJKpkFZsxdsQ1U,2089.55,insufficient_balance,2,auto_recovery_attempted,send_reminder,rule_based,True,Mapped insufficient_balance -> send_reminder (assumed success rate 30%),2026-08-23T05:57:01.810384
pay_qBr4eSHPuvcvlV,6094.72,payment_declined,4,escalated_manual_review,escalate_to_human,stopping_rule,False,"Stopping rule triggered: 4 attempts already made, avoiding further automated contact",2026-08-23T05:57:01.810424
pay_iZhCu2nyKgLIc0,442.37,session_timed_out,3,auto_recovery_attempted,send_reminder,rule_based,False,Mapped session_timed_out -> send_reminder (assumed success rate 30%),2026-08-23T05:57:01.810460
pay_5Agp3xlJIxuXtR,807.65,incorrect_otp,2,auto_recovery_attempted,send_reminder,rule_based,False,Mapped incorrect_otp -> send_reminder (assumed success rate 30%),2026-08-23T05:57:01.810500
pay_0DwGZFMheZnZ7m,1031.7,issuer_unavailable,1,auto_recovery_attempted,retry_later_2h,rule_based,False,Mapped issuer_unavailable -> retry_later_2h (assumed success rate 55%),2026-08-23T05:57:01.810537
pay_amG6nu9wNAgN46,1939.7,upi_collect_expired,2,auto_recovery_attempted,resend_collect_request,rule_based,True,Mapped upi_collect_expired -> resend_collect_request (assumed success rate 50%),2026-08-23T05:57:01.810575
pay_nwdil5OkNRSyZN,3498.78,insufficient_funds,1,auto_recovery_attempted,retry_later_24h,rule_based,True,Mapped insufficient_funds -> retry_later_24h (assumed success rate 45%),2026-08-23T05:57:01.810611
pay_vhOvuuzF0Dtvkj,1249.48,upi_collect_expired,2,auto_recovery_attempted,resend_collect_request,rule_based,True,Mapped upi_collect_expired -> resend_collect_request (assumed success rate 50%),2026-08-23T05:57:01.810647
pay_6s7pz7UCLXqpg1,1981.98,incorrect_pin,1,auto_recovery_attempted,send_reminder,rule_based,False,Mapped incorrect_pin -> send_reminder (assumed success rate 30%),2026-08-23T05:57:01.810685
pay_gUULAfTnBr0XnY,701.74,insufficient_balance,2,auto_recovery_attempted,send_reminder,rule_based,False,Mapped insufficient_balance -> send_reminder (assumed success rate 30%),2026-08-23T05:57:01.810723
pay_jC3rPWYdhvQtrS,4073.99,session_timed_out,1,auto_recovery_attempted,send_reminder,rule_based,False,Mapped session_timed_out -> send_reminder (assumed success rate 30%),2026-08-23T05:57:01.810760
pay_pwfcbX3cTy8gJ9,1035.43,incorrect_pin,3,auto_recovery_attempted,send_reminder,rule_based,False,Mapped incorrect_pin -> send_reminder (assumed success rate 30%),2026-08-23T05:57:01.810797
pay_l8MhYAe7k4FOrW,8733.46,upi_collect_expired,3,auto_recovery_attempted,resend_collect_request,rule_based,False,Mapped upi_collect_expired -> resend_collect_request (assumed success rate 50%),2026-08-23T05:57:01.810835
pay_ObsdCrzH97wCiH,6168.9,card_declined,4,escalated_manual_review,escalate_to_human,stopping_rule,False,"Stopping rule triggered: 4 attempts already made, avoiding further automated contact",2026-08-23T05:57:01.810873
pay_aAPRRUgj1og67q,571.51,payment_declined,3,auto_recovery_attempted,send_reminder,rule_based,False,Mapped payment_declined -> send_reminder (assumed success rate 30%),2026-08-23T05:57:01.810911
pay_C3iYBL7U6aEI9k,982.89,insufficient_funds,4,escalated_manual_review,escalate_to_human,stopping_rule,False,"Stopping rule triggered: 4 attempts already made, avoiding further automated contact",2026-08-23T05:57:01.810952
pay_QuqgAdsVWJeHYm,580.51,insufficient_funds,2,auto_recovery_attempted,retry_later_24h,rule_based,True,Mapped insufficient_funds -> retry_later_24h (assumed success rate 45%),2026-08-23T05:57:01.810986
pay_rr7DIFnK6BoVQh,2263.53,bank_technical_error,4,escalated_manual_review,escalate_to_human,stopping_rule,False,"Stopping rule triggered: 4 attempts already made, avoiding further automated contact",2026-08-23T05:57:01.811025
pay_qZxosGCrnEUSEW,1075.89,wallet_service_down,2,auto_recovery_attempted,retry_later_2h,rule_based,True,Mapped wallet_service_down -> retry_later_2h (assumed success rate 55%),2026-08-23T05:57:01.811071
pay_aqgM035TatTmtz,437.57,card_declined,4,escalated_manual_review,escalate_to_human,stopping_rule,False,"Stopping rule triggered: 4 attempts already made, avoiding further automated contact",2026-08-23T05:57:01.811112
pay_ONMULHvbHZZ5QV,507.31,insufficient_balance,2,auto_recovery_attempted,send_reminder,rule_based,True,Mapped insufficient_balance -> send_reminder (assumed success rate 30%),2026-08-23T05:57:01.811148
pay_dad4akdqQwgHbY,3836.17,incorrect_otp,4,escalated_manual_review,escalate_to_human,stopping_rule,False,"Stopping rule triggered: 4 attempts already made, avoiding further automated contact",2026-08-23T05:57:01.811186
pay_1rVi7CdudUIjfi,129.75,insufficient_funds,2,auto_recovery_attempted,retry_later_24h,rule_based,True,Mapped insufficient_funds -> retry_later_24h (assumed success rate 45%),2026-08-23T05:57:01.811223
pay_LmxHcbUOod1rf9,270.36,payment_declined,1,auto_recovery_attempted,send_reminder,rule_based,True,Mapped payment_declined -> send_reminder (assumed success rate 30%),2026-08-23T05:57:01.811293
pay_HD6iBXQTYz86xD,4370.33,card_declined,2,auto_recovery_attempted,send_reminder,rule_based,True,Mapped card_declined -> send_reminder (assumed success rate 30%),2026-08-23T05:57:01.811338
pay_ErSmCGvYlHNJvH,945.11,payment_declined,1,auto_recovery_attempted,send_reminder,rule_based,True,Mapped payment_declined -> send_reminder (assumed success rate 30%),2026-08-23T05:57:01.811378
pay_PUCp3d7ufxrDlT,715.24,card_declined,4,escalated_manual_review,escalate_to_human,stopping_rule,False,"Stopping rule triggered: 4 attempts already made, avoiding further automated contact",2026-08-23T05:57:01.811416
pay_Vn1YMLIWKkWOvn,990.34,card_declined,3,auto_recovery_attempted,send_reminder,rule_based,True,Mapped card_declined -> send_reminder (assumed success rate 30%),2026-08-23T05:57:01.811457
pay_HVtOJpp5jUDt0e,1673.54,payment_declined,3,auto_recovery_attempted,send_reminder,rule_based,False,Mapped payment_declined -> send_reminder (assumed success rate 30%),2026-08-23T05:57:01.811496
pay_tEVnE0p1IrzW82,1608.71,incorrect_pin,3,auto_recovery_attempted,send_reminder,rule_based,True,Mapped incorrect_pin -> send_reminder (assumed success rate 30%),2026-08-23T05:57:01.811534
pay_mJyYjueAFBlDM7,2166.59,incorrect_pin,2,auto_recovery_attempted,send_reminder,rule_based,False,Mapped incorrect_pin -> send_reminder (assumed success rate 30%),2026-08-23T05:57:01.811573
pay_vEWKpTwh046ovc,398.09,upi_collect_expired,1,auto_recovery_attempted,resend_collect_request,rule_based,True,Mapped upi_collect_expired -> resend_collect_request (assumed success rate 50%),2026-08-23T05:57:01.811611
pay_hafT8JQPYBPYDc,4451.76,insufficient_funds,4,escalated_manual_review,escalate_to_human,stopping_rule,False,"Stopping rule triggered: 4 attempts already made, avoiding further automated contact",2026-08-23T05:57:01.811650
pay_hc5zBJDSNF3Uc2,736.9,insufficient_funds,4,escalated_manual_review,escalate_to_human,stopping_rule,False,"Stopping rule triggered: 4 attempts already made, avoiding further automated contact",2026-08-23T05:57:01.811687
pay_HTbClVVGKizPrm,4243.01,incorrect_otp,2,auto_recovery_attempted,send_reminder,rule_based,False,Mapped incorrect_otp -> send_reminder (assumed success rate 30%),2026-08-23T05:57:01.811727
pay_4bz76q3obruHhs,844.18,issuer_unavailable,2,auto_recovery_attempted,retry_later_2h,rule_based,True,Mapped issuer_unavailable -> retry_later_2h (assumed success rate 55%),2026-08-23T05:57:01.811767
pay_J3suKARSucqh53,7085.8,issuer_unavailable,2,auto_recovery_attempted,retry_later_2h,rule_based,True,Mapped issuer_unavailable -> retry_later_2h (assumed success rate 55%),2026-08-23T05:57:01.811806
pay_3HecQVSjHvZBkK,2036.21,card_declined,1,auto_recovery_attempted,send_reminder,rule_based,False,Mapped card_declined -> send_reminder (assumed success rate 30%),2026-08-23T05:57:01.811843
pay_2hVARqux427P7K,2906.17,payment_declined,3,auto_recovery_attempted,send_reminder,rule_based,False,Mapped payment_declined -> send_reminder (assumed success rate 30%),2026-08-23T05:57:01.811882
pay_8UhPdMKcOHOU5V,323.2,card_declined,1,auto_recovery_attempted,send_reminder,rule_based,False,Mapped card_declined -> send_reminder (assumed success rate 30%),2026-08-23T05:57:01.811918
pay_T7Vc4UnqYyGW10,931.64,session_timed_out,2,auto_recovery_attempted,send_reminder,rule_based,True,Mapped session_timed_out -> send_reminder (assumed success rate 30%),2026-08-23T05:57:01.811956
pay_mze8t4x5XlLKZG,1248.73,payment_declined,3,auto_recovery_attempted,send_reminder,rule_based,True,Mapped payment_declined -> send_reminder (assumed success rate 30%),2026-08-23T05:57:01.811994
pay_KylhQFMZVSNNSO,2344.96,insufficient_funds,1,auto_recovery_attempted,retry_later_24h,rule_based,False,Mapped insufficient_funds -> retry_later_24h (assumed success rate 45%),2026-08-23T05:57:01.812039
pay_DiDCTF9ln2hZ01,407.83,issuer_unavailable,4,escalated_manual_review,escalate_to_human,stopping_rule,False,"Stopping rule triggered: 4 attempts already made, avoiding further automated contact",2026-08-23T05:57:01.812086
pay_FLgOXPEDxRM851,1290.35,bank_technical_error,2,auto_recovery_attempted,retry_immediately,rule_based,False,Mapped bank_technical_error -> retry_immediately (assumed success rate 65%),2026-08-23T05:57:01.812123
pay_tDzjIVKlw9hBWk,141.6,payment_declined,4,escalated_manual_review,escalate_to_human,stopping_rule,False,"Stopping rule triggered: 4 attempts already made, avoiding further automated contact",2026-08-23T05:57:01.812171
pay_nSWA3u1Np0oo1n,1638.15,card_declined,2,auto_recovery_attempted,send_reminder,rule_based,False,Mapped card_declined -> send_reminder (assumed success rate 30%),2026-08-23T05:57:01.812233
pay_Xizy110d7oaDeb,5092.22,insufficient_funds,4,escalated_manual_review,escalate_to_human,stopping_rule,False,"Stopping rule triggered: 4 attempts already made, avoiding further automated contact",2026-08-23T05:57:01.812306
pay_GPRhFynNKoHxIe,2768.25,payment_declined,4,escalated_manual_review,escalate_to_human,stopping_rule,False,"Stopping rule triggered: 4 attempts already made, avoiding further automated contact",2026-08-23T05:57:01.812349
pay_sDdeGhdiCkRnJv,568.54,upi_collect_expired,3,auto_recovery_attempted,resend_collect_request,rule_based,False,Mapped upi_collect_expired -> resend_collect_request (assumed success rate 50%),2026-08-23T05:57:01.812386
pay_7taQiJK7LWuk6A,855.78,incorrect_pin,1,auto_recovery_attempted,send_reminder,rule_based,True,Mapped incorrect_pin -> send_reminder (assumed success rate 30%),2026-08-23T05:57:01.812426
pay_5EzhslcXTCImi7,2017.78,insufficient_funds,4,escalated_manual_review,escalate_to_human,stopping_rule,False,"Stopping rule triggered: 4 attempts already made, avoiding further automated contact",2026-08-23T05:57:01.812464
pay_5PSpLOMvds0q09,325.23,incorrect_otp,4,escalated_manual_review,escalate_to_human,stopping_rule,False,"Stopping rule triggered: 4 attempts already made, avoiding further automated contact",2026-08-23T05:57:01.812499
pay_5J5epP8Y8m4DpA,151.25,incorrect_otp,2,auto_recovery_attempted,send_reminder,rule_based,False,Mapped incorrect_otp -> send_reminder (assumed success rate 30%),2026-08-23T05:57:01.812534
pay_ULczCSCpdSiP93,144.97,insufficient_funds,1,auto_recovery_attempted,retry_later_24h,rule_based,True,Mapped insufficient_funds -> retry_later_24h (assumed success rate 45%),2026-08-23T05:57:01.812577
pay_Kh9G1tprO6aui3,2088.1,session_timed_out,4,escalated_manual_review,escalate_to_human,stopping_rule,False,"Stopping rule triggered: 4 attempts already made, avoiding further automated contact",2026-08-23T05:57:01.812617
pay_jeZT75kNaSiY6J,265.89,card_declined,1,auto_recovery_attempted,send_reminder,rule_based,False,Mapped card_declined -> send_reminder (assumed success rate 30%),2026-08-23T05:57:01.812650
pay_Dmr3jJfpxdIC74,818.65,incorrect_pin,3,auto_recovery_attempted,send_reminder,rule_based,False,Mapped incorrect_pin -> send_reminder (assumed success rate 30%),2026-08-23T05:57:01.812687
pay_DgoCgaFcB5hKOY,998.44,incorrect_otp,4,escalated_manual_review,escalate_to_human,stopping_rule,False,"Stopping rule triggered: 4 attempts already made, avoiding further automated contact",2026-08-23T05:57:01.812727
pay_4VDvtBJmx6i8D9,84.35,upi_collect_expired,3,auto_recovery_attempted,resend_collect_request,rule_based,False,Mapped upi_collect_expired -> resend_collect_request (assumed success rate 50%),2026-08-23T05:57:01.812763
pay_hGh18NwUwY7geb,904.83,incorrect_pin,2,auto_recovery_attempted,send_reminder,rule_based,True,Mapped incorrect_pin -> send_reminder (assumed success rate 30%),2026-08-23T05:57:01.812802
pay_BibfUE3xIj2BGA,1200.24,issuer_unavailable,2,auto_recovery_attempted,retry_later_2h,rule_based,True,Mapped issuer_unavailable -> retry_later_2h (assumed success rate 55%),2026-08-23T05:57:01.812839
pay_MWzV4vgqIMXlbU,2837.72,card_declined,4,escalated_manual_review,escalate_to_human,stopping_rule,False,"Stopping rule triggered: 4 attempts already made, avoiding further automated contact",2026-08-23T05:57:01.812878
pay_jvpnjcOFxEU1uG,3776.15,payment_declined,3,auto_recovery_attempted,send_reminder,rule_based,False,Mapped payment_declined -> send_reminder (assumed success rate 30%),2026-08-23T05:57:01.812913
pay_bmEX5ecU4EHlUz,772.62,incorrect_pin,2,auto_recovery_attempted,send_reminder,rule_based,True,Mapped incorrect_pin -> send_reminder (assumed success rate 30%),2026-08-23T05:57:01.812951
pay_8wbPvHGNviAioB,1691.21,insufficient_balance,1,auto_recovery_attempted,send_reminder,rule_based,False,Mapped insufficient_balance -> send_reminder (assumed success rate 30%),2026-08-23T05:57:01.812988
pay_gvoSpNN0HYrIzL,5247.21,issuer_unavailable,1,auto_recovery_attempted,retry_later_2h,rule_based,True,Mapped issuer_unavailable -> retry_later_2h (assumed success rate 55%),2026-08-23T05:57:01.813027
pay_IQGjVl37KJRaEc,2939.62,session_timed_out,3,auto_recovery_attempted,send_reminder,rule_based,False,Mapped session_timed_out -> send_reminder (assumed success rate 30%),2026-08-23T05:57:01.813081
pay_XG5GXr11jDhdT9,450.18,issuer_unavailable,3,auto_recovery_attempted,retry_later_2h,rule_based,True,Mapped issuer_unavailable -> retry_later_2h (assumed success rate 55%),2026-08-23T05:57:01.813120
pay_aUSV9IPlLe0Cv5,302.55,insufficient_funds,3,auto_recovery_attempted,retry_later_24h,rule_based,True,Mapped insufficient_funds -> retry_later_24h (assumed success rate 45%),2026-08-23T05:57:01.813158
pay_dX1P3o7hQ5wfXs,436.82,issuer_unavailable,2,auto_recovery_attempted,retry_later_2h,rule_based,True,Mapped issuer_unavailable -> retry_later_2h (assumed success rate 55%),2026-08-23T05:57:01.813196
pay_ORpY27t6dWiY6w,586.57,session_timed_out,3,auto_recovery_attempted,send_reminder,rule_based,True,Mapped session_timed_out -> send_reminder (assumed success rate 30%),2026-08-23T05:57:01.813249
pay_xEC03sJQnckgif,2775.36,upi_collect_expired,1,auto_recovery_attempted,resend_collect_request,rule_based,True,Mapped upi_collect_expired -> resend_collect_request (assumed success rate 50%),2026-08-23T05:57:01.813306
pay_EFdpKZSHtYzygT,106.67,emi_not_supported,2,auto_recovery_attempted,suggest_alt_method,rule_based,False,Mapped emi_not_supported -> suggest_alt_method (assumed success rate 40%),2026-08-23T05:57:01.813351
pay_bi0vttbZ8PjZ0W,419.28,issuer_unavailable,2,auto_recovery_attempted,retry_later_2h,rule_based,True,Mapped issuer_unavailable -> retry_later_2h (assumed success rate 55%),2026-08-23T05:57:01.813392
pay_VSPm2XKfv8Xs2i,2006.8,insufficient_balance,1,auto_recovery_attempted,send_reminder,rule_based,False,Mapped insufficient_balance -> send_reminder (assumed success rate 30%),2026-08-23T05:57:01.813433
pay_gGvYHP3gKX27bS,3458.47,issuer_unavailable,3,auto_recovery_attempted,retry_later_2h,rule_based,True,Mapped issuer_unavailable -> retry_later_2h (assumed success rate 55%),2026-08-23T05:57:01.813472
pay_7LQqc84dCg7ztW,2379.16,payment_declined,4,escalated_manual_review,escalate_to_human,stopping_rule,False,"Stopping rule triggered: 4 attempts already made, avoiding further automated contact",2026-08-23T05:57:01.813512
pay_jB5PGVpWkw7QBF,4200.41,payment_declined,2,auto_recovery_attempted,send_reminder,rule_based,False,Mapped payment_declined -> send_reminder (assumed success rate 30%),2026-08-23T05:57:01.813552
pay_uak5tvCMGmYzKP,686.93,session_timed_out,2,auto_recovery_attempted,send_reminder,rule_based,False,Mapped session_timed_out -> send_reminder (assumed success rate 30%),2026-08-23T05:57:01.813592
pay_W8Kg6UkYp5TxQy,865.93,insufficient_balance,2,auto_recovery_attempted,send_reminder,rule_based,False,Mapped insufficient_balance -> send_reminder (assumed success rate 30%),2026-08-23T05:57:01.813632
pay_PICovNdzXDP7GH,2591.98,insufficient_funds,1,auto_recovery_attempted,retry_later_24h,rule_based,False,Mapped insufficient_funds -> retry_later_24h (assumed success rate 45%),2026-08-23T05:57:01.813671
pay_iJFInov0SuLNIa,5004.24,bank_technical_error,4,escalated_manual_review,escalate_to_human,stopping_rule,False,"Stopping rule triggered: 4 attempts already made, avoiding further automated contact",2026-08-23T05:57:01.813710
pay_bEVuj5ReVtXfly,876.16,emi_not_supported,1,auto_recovery_attempted,suggest_alt_method,rule_based,False,Mapped emi_not_supported -> suggest_alt_method (assumed success rate 40%),2026-08-23T05:57:01.813747
pay_48PuV9vyi19kY0,1479.09,upi_collect_expired,1,auto_recovery_attempted,resend_collect_request,rule_based,True,Mapped upi_collect_expired -> resend_collect_request (assumed success rate 50%),2026-08-23T05:57:01.813785
pay_BZFsFERmpInOkv,1977.27,upi_collect_expired,2,auto_recovery_attempted,resend_collect_request,rule_based,False,Mapped upi_collect_expired -> resend_collect_request (assumed success rate 50%),2026-08-23T05:57:01.813823
pay_iHaoGSsh1Cn1iC,1241.63,upi_collect_expired,4,escalated_manual_review,escalate_to_human,stopping_rule,False,"Stopping rule triggered: 4 attempts already made, avoiding further automated contact",2026-08-23T05:57:01.813859
pay_jtm7nYp2poWWeg,1635.53,session_timed_out,1,auto_recovery_attempted,send_reminder,rule_based,False,Mapped session_timed_out -> send_reminder (assumed success rate 30%),2026-08-23T05:57:01.813893
pay_SwEuU4RMbk97I9,1076.65,bank_technical_error,2,auto_recovery_attempted,retry_immediately,rule_based,False,Mapped bank_technical_error -> retry_immediately (assumed success rate 65%),2026-08-23T05:57:01.813930
pay_0BLp2DI0f8Y9Gg,1140.18,wallet_service_down,4,escalated_manual_review,escalate_to_human,stopping_rule,False,"Stopping rule triggered: 4 attempts already made, avoiding further automated contact",2026-08-23T05:57:01.813968
pay_VmpnL7mycwo64W,2117.69,payment_declined,4,escalated_manual_review,escalate_to_human,stopping_rule,False,"Stopping rule triggered: 4 attempts already made, avoiding further automated contact",2026-08-23T05:57:01.814002
pay_UVbV4lmwEROlkh,1795.44,upi_collect_expired,2,auto_recovery_attempted,resend_collect_request,rule_based,True,Mapped upi_collect_expired -> resend_collect_request (assumed success rate 50%),2026-08-23T05:57:01.814047
pay_wOlwoUZDaIy9qD,1537.86,bank_technical_error,1,auto_recovery_attempted,retry_immediately,rule_based,False,Mapped bank_technical_error -> retry_immediately (assumed success rate 65%),2026-08-23T05:57:01.814096
pay_ANe5UWNJtsCYD2,978.61,session_timed_out,4,escalated_manual_review,escalate_to_human,stopping_rule,False,"Stopping rule triggered: 4 attempts already made, avoiding further automated contact",2026-08-23T05:57:01.814135
pay_2uaGtZpH473PNW,1716.98,insufficient_funds,2,auto_recovery_attempted,retry_later_24h,rule_based,False,Mapped insufficient_funds -> retry_later_24h (assumed success rate 45%),2026-08-23T05:57:01.814177
pay_mZcklmaevz0rbN,751.42,insufficient_funds,2,auto_recovery_attempted,retry_later_24h,rule_based,True,Mapped insufficient_funds -> retry_later_24h (assumed success rate 45%),2026-08-23T05:57:01.814217
pay_1dwdo8qyVY8lPP,6208.95,wallet_service_down,3,auto_recovery_attempted,retry_later_2h,rule_based,True,Mapped wallet_service_down -> retry_later_2h (assumed success rate 55%),2026-08-23T05:57:01.814283
pay_Vk7NjnkWxqPBIm,50.37,issuer_unavailable,4,escalated_manual_review,escalate_to_human,stopping_rule,False,"Stopping rule triggered: 4 attempts already made, avoiding further automated contact",2026-08-23T05:57:01.814336
pay_eJdp9hEgUNdTx3,915.92,incorrect_otp,2,auto_recovery_attempted,send_reminder,rule_based,False,Mapped incorrect_otp -> send_reminder (assumed success rate 30%),2026-08-23T05:57:01.814376
pay_mTraFvo9TEjbrI,1247.19,payment_declined,1,auto_recovery_attempted,send_reminder,rule_based,False,Mapped payment_declined -> send_reminder (assumed success rate 30%),2026-08-23T05:57:01.814417
pay_VCcCMc0mG4zpWF,518.29,card_declined,4,escalated_manual_review,escalate_to_human,stopping_rule,False,"Stopping rule triggered: 4 attempts already made, avoiding further automated contact",2026-08-23T05:57:01.814457
pay_TnfsUdfqRoLhvY,934.39,incorrect_otp,2,auto_recovery_attempted,send_reminder,rule_based,False,Mapped incorrect_otp -> send_reminder (assumed success rate 30%),2026-08-23T05:57:01.814493
pay_lnMbvl5w84GyVf,132.16,insufficient_funds,4,escalated_manual_review,escalate_to_human,stopping_rule,False,"Stopping rule triggered: 4 attempts already made, avoiding further automated contact",2026-08-23T05:57:01.814532
pay_zam2NMYCrrFJgF,555.82,payment_declined,2,auto_recovery_attempted,send_reminder,rule_based,True,Mapped payment_declined -> send_reminder (assumed success rate 30%),2026-08-23T05:57:01.814566
pay_53Bb8Enk1wUo3c,3561.89,session_timed_out,4,escalated_manual_review,escalate_to_human,stopping_rule,False,"Stopping rule triggered: 4 attempts already made, avoiding further automated contact",2026-08-23T05:57:01.814606
pay_xwT8QOJjWixMQI,1068.39,payment_declined,1,auto_recovery_attempted,send_reminder,rule_based,False,Mapped payment_declined -> send_reminder (assumed success rate 30%),2026-08-23T05:57:01.814641
pay_uHTwfzYC7FbWmL,288.85,payment_declined,2,auto_recovery_attempted,send_reminder,rule_based,True,Mapped payment_declined -> send_reminder (assumed success rate 30%),2026-08-23T05:57:01.814680
pay_neOAZh0w9NV1Wr,346.09,insufficient_balance,4,escalated_manual_review,escalate_to_human,stopping_rule,False,"Stopping rule triggered: 4 attempts already made, avoiding further automated contact",2026-08-23T05:57:01.814717
pay_hcuxVcWYBzauxA,3443.3,wallet_service_down,3,auto_recovery_attempted,retry_later_2h,rule_based,True,Mapped wallet_service_down -> retry_later_2h (assumed success rate 55%),2026-08-23T05:57:01.814751
pay_dJFf9FS9adCREm,1333.83,payment_declined,1,auto_recovery_attempted,send_reminder,rule_based,True,Mapped payment_declined -> send_reminder (assumed success rate 30%),2026-08-23T05:57:01.814789
pay_gRMmSNJp1mgQUr,976.64,insufficient_funds,2,auto_recovery_attempted,retry_later_24h,rule_based,False,Mapped insufficient_funds -> retry_later_24h (assumed success rate 45%),2026-08-23T05:57:01.814827
pay_wvdCPZ83E6DacI,329.84,upi_collect_expired,3,auto_recovery_attempted,resend_collect_request,rule_based,False,Mapped upi_collect_expired -> resend_collect_request (assumed success rate 50%),2026-08-23T05:57:01.814863
pay_46ATRsgCeL7WA8,70.27,upi_collect_expired,3,auto_recovery_attempted,resend_collect_request,rule_based,False,Mapped upi_collect_expired -> resend_collect_request (assumed success rate 50%),2026-08-23T05:57:01.814902
pay_BnecMvGvkr0uI4,1903.18,upi_collect_expired,2,auto_recovery_attempted,resend_collect_request,rule_based,True,Mapped upi_collect_expired -> resend_collect_request (assumed success rate 50%),2026-08-23T05:57:01.814939
pay_K0JIKWKJIIxp1s,367.4,issuer_unavailable,4,escalated_manual_review,escalate_to_human,stopping_rule,False,"Stopping rule triggered: 4 attempts already made, avoiding further automated contact",2026-08-23T05:57:01.814977
pay_sUvNGizAht1XWj,2147.32,issuer_unavailable,3,auto_recovery_attempted,retry_later_2h,rule_based,False,Mapped issuer_unavailable -> retry_later_2h (assumed success rate 55%),2026-08-23T05:57:01.815011
pay_l5tNdweEB7Afzv,3868.04,payment_declined,4,escalated_manual_review,escalate_to_human,stopping_rule,False,"Stopping rule triggered: 4 attempts already made, avoiding further automated contact",2026-08-23T05:57:01.815057
pay_ESKIYcJa1u9Woy,1086.55,card_declined,4,escalated_manual_review,escalate_to_human,stopping_rule,False,"Stopping rule triggered: 4 attempts already made, avoiding further automated contact",2026-08-23T05:57:01.815095
pay_g4hqGYvaoQs6HK,8888.65,incorrect_otp,2,auto_recovery_attempted,send_reminder,rule_based,False,Mapped incorrect_otp -> send_reminder (assumed success rate 30%),2026-08-23T05:57:01.815130
pay_7QJgVLShnmlRx0,749.38,upi_collect_expired,3,auto_recovery_attempted,resend_collect_request,rule_based,False,Mapped upi_collect_expired -> resend_collect_request (assumed success rate 50%),2026-08-23T05:57:01.815168
pay_1jPkPjfyuatdln,163.27,issuer_unavailable,4,escalated_manual_review,escalate_to_human,stopping_rule,False,"Stopping rule triggered: 4 attempts already made, avoiding further automated contact",2026-08-23T05:57:01.815209
pay_eMByJBEJmnBTvK,2369.01,incorrect_pin,2,auto_recovery_attempted,send_reminder,rule_based,False,Mapped incorrect_pin -> send_reminder (assumed success rate 30%),2026-08-23T05:57:01.815264
pay_NCN4uCnRcKb12E,627.33,wallet_service_down,1,auto_recovery_attempted,retry_later_2h,rule_based,True,Mapped wallet_service_down -> retry_later_2h (assumed success rate 55%),2026-08-23T05:57:01.815322
pay_e88ZvJ6mztcp9f,671.18,payment_declined,2,auto_recovery_attempted,send_reminder,rule_based,False,Mapped payment_declined -> send_reminder (assumed success rate 30%),2026-08-23T05:57:01.815366
pay_Fskfa2NZ7I0kZw,8480.83,issuer_unavailable,3,auto_recovery_attempted,retry_later_2h,rule_based,True,Mapped issuer_unavailable -> retry_later_2h (assumed success rate 55%),2026-08-23T05:57:01.815411
pay_cMMRQZgeDcyJZI,925.52,wallet_service_down,2,auto_recovery_attempted,retry_later_2h,rule_based,False,Mapped wallet_service_down -> retry_later_2h (assumed success rate 55%),2026-08-23T05:57:01.815451
pay_jtf9lW5r2H1ttK,2419.81,payment_declined,4,escalated_manual_review,escalate_to_human,stopping_rule,False,"Stopping rule triggered: 4 attempts already made, avoiding further automated contact",2026-08-23T05:57:01.815489
pay_eRoM14ZBdqC7tm,2784.2,card_declined,3,auto_recovery_attempted,send_reminder,rule_based,False,Mapped card_declined -> send_reminder (assumed success rate 30%),2026-08-23T05:57:01.815525
pay_JthY598Q6soFKM,3225.18,wallet_service_down,1,auto_recovery_attempted,retry_later_2h,rule_based,True,Mapped wallet_service_down -> retry_later_2h (assumed success rate 55%),2026-08-23T05:57:01.815563
pay_ncwMqIPgHKPyLr,669.76,incorrect_pin,2,auto_recovery_attempted,send_reminder,rule_based,False,Mapped incorrect_pin -> send_reminder (assumed success rate 30%),2026-08-23T05:57:01.815601
pay_A1JYtvJgSajCLo,1342.33,incorrect_otp,1,auto_recovery_attempted,send_reminder,rule_based,False,Mapped incorrect_otp -> send_reminder (assumed success rate 30%),2026-08-23T05:57:01.815638
pay_w6HQGSArHy2eDi,616.23,bank_technical_error,1,auto_recovery_attempted,retry_immediately,rule_based,True,Mapped bank_technical_error -> retry_immediately (assumed success rate 65%),2026-08-23T05:57:01.815677
pay_uej0H6cImSIdmw,2127.48,issuer_unavailable,2,auto_recovery_attempted,retry_later_2h,rule_based,False,Mapped issuer_unavailable -> retry_later_2h (assumed success rate 55%),2026-08-23T05:57:01.815718
pay_309v5yB5HZSs5b,457.56,issuer_unavailable,2,auto_recovery_attempted,retry_later_2h,rule_based,False,Mapped issuer_unavailable -> retry_later_2h (assumed success rate 55%),2026-08-23T05:57:01.815756
pay_FhA7NLugHT1JME,1692.04,incorrect_pin,4,escalated_manual_review,escalate_to_human,stopping_rule,False,"Stopping rule triggered: 4 attempts already made, avoiding further automated contact",2026-08-23T05:57:01.815794
pay_Wm5eXaPN7eb9tb,275.56,payment_declined,1,auto_recovery_attempted,send_reminder,rule_based,True,Mapped payment_declined -> send_reminder (assumed success rate 30%),2026-08-23T05:57:01.815830
pay_67QrETyw215yg6,2150.23,payment_declined,1,auto_recovery_attempted,send_reminder,rule_based,False,Mapped payment_declined -> send_reminder (assumed success rate 30%),2026-08-23T05:57:01.815869
pay_fxgKZvgs2oggY7,5727.34,card_declined,2,auto_recovery_attempted,send_reminder,rule_based,False,Mapped card_declined -> send_reminder (assumed success rate 30%),2026-08-23T05:57:01.815905
pay_jpguF5oJIXY9wR,1109.31,payment_declined,3,auto_recovery_attempted,send_reminder,rule_based,False,Mapped payment_declined -> send_reminder (assumed success rate 30%),2026-08-23T05:57:01.815941
pay_6lwyUFNvPT5Ios,2951.17,issuer_unavailable,2,auto_recovery_attempted,retry_later_2h,rule_based,True,Mapped issuer_unavailable -> retry_later_2h (assumed success rate 55%),2026-08-23T05:57:01.815980
pay_AN9mjyYxDEO64u,1069.43,upi_collect_expired,1,auto_recovery_attempted,resend_collect_request,rule_based,False,Mapped upi_collect_expired -> resend_collect_request (assumed success rate 50%),2026-08-23T05:57:01.816018
pay_XR199mZcKkoAfp,307.11,insufficient_balance,4,escalated_manual_review,escalate_to_human,stopping_rule,False,"Stopping rule triggered: 4 attempts already made, avoiding further automated contact",2026-08-23T05:57:01.816066
pay_HtDHJcIiIercw3,214.25,incorrect_otp,1,auto_recovery_attempted,send_reminder,rule_based,False,Mapped incorrect_otp -> send_reminder (assumed success rate 30%),2026-08-23T05:57:01.816105
pay_N31uhtErqWWafg,5249.38,card_declined,1,auto_recovery_attempted,send_reminder,rule_based,False,Mapped card_declined -> send_reminder (assumed success rate 30%),2026-08-23T05:57:01.816145
pay_n87VxS69DJ00RL,1447.52,card_declined,4,escalated_manual_review,escalate_to_human,stopping_rule,False,"Stopping rule triggered: 4 attempts already made, avoiding further automated contact",2026-08-23T05:57:01.816184
pay_Lwz4aTZjobXCZe,5575.26,incorrect_otp,1,auto_recovery_attempted,send_reminder,rule_based,False,Mapped incorrect_otp -> send_reminder (assumed success rate 30%),2026-08-23T05:57:01.816280
pay_JwETwf6dNxUXJB,218.36,issuer_unavailable,3,auto_recovery_attempted,retry_later_2h,rule_based,False,Mapped issuer_unavailable -> retry_later_2h (assumed success rate 55%),2026-08-23T05:57:01.816342
pay_lX6XVn1Rz6RwQS,1323.92,insufficient_balance,1,auto_recovery_attempted,send_reminder,rule_based,True,Mapped insufficient_balance -> send_reminder (assumed success rate 30%),2026-08-23T05:57:01.816387
pay_nunXIWrRpUpC34,1478.87,incorrect_otp,1,auto_recovery_attempted,send_reminder,rule_based,False,Mapped incorrect_otp -> send_reminder (assumed success rate 30%),2026-08-23T05:57:01.816430
pay_7Sxispmvop7xI6,368.61,wallet_service_down,4,escalated_manual_review,escalate_to_human,stopping_rule,False,"Stopping rule triggered: 4 attempts already made, avoiding further automated contact",2026-08-23T05:57:01.816470
pay_Nu4pD9iIRK7mZq,638.62,incorrect_pin,3,auto_recovery_attempted,send_reminder,rule_based,True,Mapped incorrect_pin -> send_reminder (assumed success rate 30%),2026-08-23T05:57:01.816508
pay_Vm6Is9LVby2T1s,8729.99,insufficient_funds,1,auto_recovery_attempted,retry_later_24h,rule_based,False,Mapped insufficient_funds -> retry_later_24h (assumed success rate 45%),2026-08-23T05:57:01.816550
pay_wnanjE4OouvT6p,458.07,upi_collect_expired,1,auto_recovery_attempted,resend_collect_request,rule_based,True,Mapped upi_collect_expired -> resend_collect_request (assumed success rate 50%),2026-08-23T05:57:01.816589
pay_vRPYg2R2bldeTE,10303.87,insufficient_funds,2,auto_recovery_attempted,retry_later_24h,rule_based,False,Mapped insufficient_funds -> retry_later_24h (assumed success rate 45%),2026-08-23T05:57:01.816628
pay_TFhJEVocrGR2f0,64.16,card_declined,3,auto_recovery_attempted,send_reminder,rule_based,False,Mapped card_declined -> send_reminder (assumed success rate 30%),2026-08-23T05:57:01.816670
pay_SOgOVSgnjdUUjx,4002.11,incorrect_pin,4,escalated_manual_review,escalate_to_human,stopping_rule,False,"Stopping rule triggered: 4 attempts already made, avoiding further automated contact",2026-08-23T05:57:01.816708
pay_7icOaROXvNaGNS,895.36,wallet_service_down,3,auto_recovery_attempted,retry_later_2h,rule_based,False,Mapped wallet_service_down -> retry_later_2h (assumed success rate 55%),2026-08-23T05:57:01.816742
pay_QvCwzZ33X7YLYs,1388.92,incorrect_otp,1,auto_recovery_attempted,send_reminder,rule_based,False,Mapped incorrect_otp -> send_reminder (assumed success rate 30%),2026-08-23T05:57:01.816780
pay_qbT9sEKI2a5c9K,4089.24,insufficient_funds,1,auto_recovery_attempted,retry_later_24h,rule_based,False,Mapped insufficient_funds -> retry_later_24h (assumed success rate 45%),2026-08-23T05:57:01.816818
pay_Bdm8ZqGb9338AT,4090.99,session_timed_out,2,auto_recovery_attempted,send_reminder,rule_based,True,Mapped session_timed_out -> send_reminder (assumed success rate 30%),2026-08-23T05:57:01.816857
pay_gk2gpIDAhO4ws7,1596.49,upi_collect_expired,1,auto_recovery_attempted,resend_collect_request,rule_based,False,Mapped upi_collect_expired -> resend_collect_request (assumed success rate 50%),2026-08-23T05:57:01.816894
pay_WaoRo3xl4ALcAT,345.66,payment_declined,1,auto_recovery_attempted,send_reminder,rule_based,True,Mapped payment_declined -> send_reminder (assumed success rate 30%),2026-08-23T05:57:01.816932
pay_suGhtwKei8yIJn,2783.11,session_timed_out,2,auto_recovery_attempted,send_reminder,rule_based,False,Mapped session_timed_out -> send_reminder (assumed success rate 30%),2026-08-23T05:57:01.816969
pay_UQUTSmF9tOM8SX,1940.25,wallet_service_down,3,auto_recovery_attempted,retry_later_2h,rule_based,False,Mapped wallet_service_down -> retry_later_2h (assumed success rate 55%),2026-08-23T05:57:01.817007
pay_JUETIz71BdHX61,192.03,incorrect_otp,2,auto_recovery_attempted,send_reminder,rule_based,True,Mapped incorrect_otp -> send_reminder (assumed success rate 30%),2026-08-23T05:57:01.817054
pay_ryIbsZ6zfalQRw,623.95,issuer_unavailable,3,auto_recovery_attempted,retry_later_2h,rule_based,True,Mapped issuer_unavailable -> retry_later_2h (assumed success rate 55%),2026-08-23T05:57:01.817097
pay_Gq1NGJrPDB63IT,88.43,bank_technical_error,1,auto_recovery_attempted,retry_immediately,rule_based,False,Mapped bank_technical_error -> retry_immediately (assumed success rate 65%),2026-08-23T05:57:01.817135
pay_TvgAZOCk1gKB1Q,318.02,session_timed_out,3,auto_recovery_attempted,send_reminder,rule_based,False,Mapped session_timed_out -> send_reminder (assumed success rate 30%),2026-08-23T05:57:01.817187
pay_qaH4z9xx5iesCW,7089.14,incorrect_pin,3,auto_recovery_attempted,send_reminder,rule_based,False,Mapped incorrect_pin -> send_reminder (assumed success rate 30%),2026-08-23T05:57:01.817228
pay_SbdLcuyiUI6wRq,2895.83,issuer_unavailable,3,auto_recovery_attempted,retry_later_2h,rule_based,False,Mapped issuer_unavailable -> retry_later_2h (assumed success rate 55%),2026-08-23T05:57:01.817297
pay_cbfmM6UD6uF3vw,946.51,card_declined,4,escalated_manual_review,escalate_to_human,stopping_rule,False,"Stopping rule triggered: 4 attempts already made, avoiding further automated contact",2026-08-23T05:57:01.817341
pay_CBVNhhdIk42q6g,60.14,upi_collect_expired,3,auto_recovery_attempted,resend_collect_request,rule_based,False,Mapped upi_collect_expired -> resend_collect_request (assumed success rate 50%),2026-08-23T05:57:01.817384
pay_C3cLcdwWfiIS95,307.85,incorrect_otp,1,auto_recovery_attempted,send_reminder,rule_based,True,Mapped incorrect_otp -> send_reminder (assumed success rate 30%),2026-08-23T05:57:01.817425
pay_SRfYyD4XmlTy7X,647.0,emi_not_supported,1,auto_recovery_attempted,suggest_alt_method,rule_based,True,Mapped emi_not_supported -> suggest_alt_method (assumed success rate 40%),2026-08-23T05:57:01.817464
pay_5SNKGsO9WTPJSO,1232.26,incorrect_otp,2,auto_recovery_attempted,send_reminder,rule_based,True,Mapped incorrect_otp -> send_reminder (assumed success rate 30%),2026-08-23T05:57:01.817502
pay_yjA0EiBTgupjKW,312.52,incorrect_pin,2,auto_recovery_attempted,send_reminder,rule_based,False,Mapped incorrect_pin -> send_reminder (assumed success rate 30%),2026-08-23T05:57:01.817539
pay_lDuNTnjRJse4Zu,3229.42,session_timed_out,2,auto_recovery_attempted,send_reminder,rule_based,False,Mapped session_timed_out -> send_reminder (assumed success rate 30%),2026-08-23T05:57:01.817577
pay_vMvICMVyeEaCeK,5068.29,card_declined,2,auto_recovery_attempted,send_reminder,rule_based,False,Mapped card_declined -> send_reminder (assumed success rate 30%),2026-08-23T05:57:01.817614
pay_1EQU2c1VRTs5FP,7766.71,insufficient_funds,2,auto_recovery_attempted,retry_later_24h,rule_based,False,Mapped insufficient_funds -> retry_later_24h (assumed success rate 45%),2026-08-23T05:57:01.817652
pay_fcqylx1Vj9uw0w,2071.28,card_declined,3,auto_recovery_attempted,send_reminder,rule_based,False,Mapped card_declined -> send_reminder (assumed success rate 30%),2026-08-23T05:57:01.817690
pay_sfG4HqFs3h9ZOQ,813.58,upi_collect_expired,1,auto_recovery_attempted,resend_collect_request,rule_based,True,Mapped upi_collect_expired -> resend_collect_request (assumed success rate 50%),2026-08-23T05:57:01.817725
pay_ELjnbZvplzHnJ6,1879.3,card_declined,1,auto_recovery_attempted,send_reminder,rule_based,False,Mapped card_declined -> send_reminder (assumed success rate 30%),2026-08-23T05:57:01.817761
pay_14DxLXKogPBSs1,739.43,session_timed_out,2,auto_recovery_attempted,send_reminder,rule_based,False,Mapped session_timed_out -> send_reminder (assumed success rate 30%),2026-08-23T05:57:01.817797
pay_zsNZkU4EcovL7C,4175.87,issuer_unavailable,2,auto_recovery_attempted,retry_later_2h,rule_based,False,Mapped issuer_unavailable -> retry_later_2h (assumed success rate 55%),2026-08-23T05:57:01.817835
pay_NZqDt9ORR3GBP0,1645.4,issuer_unavailable,4,escalated_manual_review,escalate_to_human,stopping_rule,False,"Stopping rule triggered: 4 attempts already made, avoiding further automated contact",2026-08-23T05:57:01.817872
pay_FNF07D2quQPlUY,4580.75,session_timed_out,1,auto_recovery_attempted,send_reminder,rule_based,True,Mapped session_timed_out -> send_reminder (assumed success rate 30%),2026-08-23T05:57:01.817908
pay_XWKpVBL4ZkutG5,966.92,incorrect_pin,1,auto_recovery_attempted,send_reminder,rule_based,False,Mapped incorrect_pin -> send_reminder (assumed success rate 30%),2026-08-23T05:57:01.817947
pay_If26iRj7Va7VLQ,1548.14,insufficient_funds,3,auto_recovery_attempted,retry_later_24h,rule_based,False,Mapped insufficient_funds -> retry_later_24h (assumed success rate 45%),2026-08-23T05:57:01.817986
pay_GsNQcPzWxQeWjs,237.34,issuer_unavailable,3,auto_recovery_attempted,retry_later_2h,rule_based,False,Mapped issuer_unavailable -> retry_later_2h (assumed success rate 55%),2026-08-23T05:57:01.818023
pay_DCPw9wsFEx4ybE,4929.81,insufficient_balance,2,auto_recovery_attempted,send_reminder,rule_based,False,Mapped insufficient_balance -> send_reminder (assumed success rate 30%),2026-08-23T05:57:01.818073
pay_NuZGHKjyuOC1G8,3785.2,insufficient_funds,2,auto_recovery_attempted,retry_later_24h,rule_based,False,Mapped insufficient_funds -> retry_later_24h (assumed success rate 45%),2026-08-23T05:57:01.818116
pay_vwd7DKIqANR005,3293.05,insufficient_balance,1,auto_recovery_attempted,send_reminder,rule_based,False,Mapped insufficient_balance -> send_reminder (assumed success rate 30%),2026-08-23T05:57:01.818154
pay_fktY7i27D6fXHD,1913.71,card_declined,3,auto_recovery_attempted,send_reminder,rule_based,True,Mapped card_declined -> send_reminder (assumed success rate 30%),2026-08-23T05:57:01.818191
pay_aO2PRzV2koBqEM,452.0,wallet_service_down,2,auto_recovery_attempted,retry_later_2h,rule_based,False,Mapped wallet_service_down -> retry_later_2h (assumed success rate 55%),2026-08-23T05:57:01.818228
pay_UQrWOnNUFQR6ay,105.53,payment_declined,3,auto_recovery_attempted,send_reminder,rule_based,False,Mapped payment_declined -> send_reminder (assumed success rate 30%),2026-08-23T05:57:01.818298
pay_sQRQ6jiFlchYbY,1343.08,session_timed_out,3,auto_recovery_attempted,send_reminder,rule_based,False,Mapped session_timed_out -> send_reminder (assumed success rate 30%),2026-08-23T05:57:01.818341
pay_gQ4Q36c3If7Gsj,3897.24,upi_collect_expired,1,auto_recovery_attempted,resend_collect_request,rule_based,False,Mapped upi_collect_expired -> resend_collect_request (assumed success rate 50%),2026-08-23T05:57:01.818381
pay_FjJY0qQmL9ZbNg,786.26,insufficient_funds,1,auto_recovery_attempted,retry_later_24h,rule_based,False,Mapped insufficient_funds -> retry_later_24h (assumed success rate 45%),2026-08-23T05:57:01.818426
pay_F03g7GTFnznJtX,2341.0,upi_collect_expired,2,auto_recovery_attempted,resend_collect_request,rule_based,False,Mapped upi_collect_expired -> resend_collect_request (assumed success rate 50%),2026-08-23T05:57:01.818465
pay_JrTVatZWUzxBiC,222.0,payment_declined,3,auto_recovery_attempted,send_reminder,rule_based,False,Mapped payment_declined -> send_reminder (assumed success rate 30%),2026-08-23T05:57:01.818503
pay_huEq6GtuC9m51J,4036.41,incorrect_otp,3,auto_recovery_attempted,send_reminder,rule_based,True,Mapped incorrect_otp -> send_reminder (assumed success rate 30%),2026-08-23T05:57:01.818543
pay_FlXaxLxpTD2COh,391.79,incorrect_otp,2,auto_recovery_attempted,send_reminder,rule_based,False,Mapped incorrect_otp -> send_reminder (assumed success rate 30%),2026-08-23T05:57:01.818579
pay_Y7FqMJTtehgEQn,78.18,issuer_unavailable,4,escalated_manual_review,escalate_to_human,stopping_rule,False,"Stopping rule triggered: 4 attempts already made, avoiding further automated contact",2026-08-23T05:57:01.818617
pay_rQcKZaPTg3Dd6p,1270.58,incorrect_otp,1,auto_recovery_attempted,send_reminder,rule_based,False,Mapped incorrect_otp -> send_reminder (assumed success rate 30%),2026-08-23T05:57:01.818654
pay_GhY5yzweHaNH5N,1525.42,emi_not_supported,1,auto_recovery_attempted,suggest_alt_method,rule_based,True,Mapped emi_not_supported -> suggest_alt_method (assumed success rate 40%),2026-08-23T05:57:01.818694
pay_lYbaNGQZlZnMhM,4295.17,emi_not_supported,4,escalated_manual_review,escalate_to_human,stopping_rule,False,"Stopping rule triggered: 4 attempts already made, avoiding further automated contact",2026-08-23T05:57:01.818731
pay_KYOPLghk9Z8wn4,276.64,incorrect_otp,1,auto_recovery_attempted,send_reminder,rule_based,False,Mapped incorrect_otp -> send_reminder (assumed success rate 30%),2026-08-23T05:57:01.818765
pay_jwqaoShfom47vf,1257.84,incorrect_pin,2,auto_recovery_attempted,send_reminder,rule_based,False,Mapped incorrect_pin -> send_reminder (assumed success rate 30%),2026-08-23T05:57:01.818803
pay_mBQwcor7wP21vM,1028.56,incorrect_otp,2,auto_recovery_attempted,send_reminder,rule_based,False,Mapped incorrect_otp -> send_reminder (assumed success rate 30%),2026-08-23T05:57:01.818842
pay_PKi18NOZgFgxZE,1421.27,payment_declined,2,auto_recovery_attempted,send_reminder,rule_based,False,Mapped payment_declined -> send_reminder (assumed success rate 30%),2026-08-23T05:57:01.818881
pay_AiVylFtQKdv8Ip,621.19,incorrect_pin,3,auto_recovery_attempted,send_reminder,rule_based,False,Mapped incorrect_pin -> send_reminder (assumed success rate 30%),2026-08-23T05:57:01.818921
pay_gIe0q9ePMU7hef,1694.9,issuer_unavailable,3,auto_recovery_attempted,retry_later_2h,rule_based,True,Mapped issuer_unavailable -> retry_later_2h (assumed success rate 55%),2026-08-23T05:57:01.818958
pay_mWubAkA8qPqjVL,9956.77,bank_technical_error,4,escalated_manual_review,escalate_to_human,stopping_rule,False,"Stopping rule triggered: 4 attempts already made, avoiding further automated contact",2026-08-23T05:57:01.818996
pay_FzxTnKPG0Kb7iI,1289.65,insufficient_balance,1,auto_recovery_attempted,send_reminder,rule_based,False,Mapped insufficient_balance -> send_reminder (assumed success rate 30%),2026-08-23T05:57:01.819037
pay_qqhZsjfwuXWCMG,175.42,payment_declined,1,auto_recovery_attempted,send_reminder,rule_based,False,Mapped payment_declined -> send_reminder (assumed success rate 30%),2026-08-23T05:57:01.819081
pay_Hmorup5Yj0zSpw,1736.7,insufficient_balance,3,auto_recovery_attempted,send_reminder,rule_based,True,Mapped insufficient_balance -> send_reminder (assumed success rate 30%),2026-08-23T05:57:01.819120
pay_j9qpUO4CvE7zXT,1921.56,bank_technical_error,3,auto_recovery_attempted,retry_immediately,rule_based,True,Mapped bank_technical_error -> retry_immediately (assumed success rate 65%),2026-08-23T05:57:01.819157
pay_0G4tCmPVVh6km6,409.57,payment_declined,3,auto_recovery_attempted,send_reminder,rule_based,False,Mapped payment_declined -> send_reminder (assumed success rate 30%),2026-08-23T05:57:01.819194
pay_j0uRL3e8We9y7L,1301.56,incorrect_pin,3,auto_recovery_attempted,send_reminder,rule_based,False,Mapped incorrect_pin -> send_reminder (assumed success rate 30%),2026-08-23T05:57:01.819247
pay_LDhpUKGdn1zUMd,326.39,card_declined,2,auto_recovery_attempted,send_reminder,rule_based,False,Mapped card_declined -> send_reminder (assumed success rate 30%),2026-08-23T05:57:01.819307
pay_gFrihgkFxhtodq,928.89,payment_declined,2,auto_recovery_attempted,send_reminder,rule_based,False,Mapped payment_declined -> send_reminder (assumed success rate 30%),2026-08-23T05:57:01.819351
pay_hHSoqI1TlDKyLh,5905.04,session_timed_out,1,auto_recovery_attempted,send_reminder,rule_based,False,Mapped session_timed_out -> send_reminder (assumed success rate 30%),2026-08-23T05:57:01.819392
pay_s8USBQBb0n0BCa,3110.94,session_timed_out,1,auto_recovery_attempted,send_reminder,rule_based,False,Mapped session_timed_out -> send_reminder (assumed success rate 30%),2026-08-23T05:57:01.819431
pay_VJkPD7lygVAMkL,516.09,issuer_unavailable,1,auto_recovery_attempted,retry_later_2h,rule_based,True,Mapped issuer_unavailable -> retry_later_2h (assumed success rate 55%),2026-08-23T05:57:01.819471
pay_Jkz012Li1faWls,5547.27,upi_collect_expired,2,auto_recovery_attempted,resend_collect_request,rule_based,True,Mapped upi_collect_expired -> resend_collect_request (assumed success rate 50%),2026-08-23T05:57:01.819510
pay_jx5YRRzS24KWli,1165.11,incorrect_otp,1,auto_recovery_attempted,send_reminder,rule_based,False,Mapped incorrect_otp -> send_reminder (assumed success rate 30%),2026-08-23T05:57:01.819548
pay_Xz3HeXESxUvgq6,594.62,issuer_unavailable,4,escalated_manual_review,escalate_to_human,stopping_rule,False,"Stopping rule triggered: 4 attempts already made, avoiding further automated contact",2026-08-23T05:57:01.819587
pay_a4roHkIEjMxrja,1867.06,bank_technical_error,4,escalated_manual_review,escalate_to_human,stopping_rule,False,"Stopping rule triggered: 4 attempts already made, avoiding further automated contact",2026-08-23T05:57:01.819623
pay_XsEqyZr0zc2QVE,347.87,emi_not_supported,1,auto_recovery_attempted,suggest_alt_method,rule_based,True,Mapped emi_not_supported -> suggest_alt_method (assumed success rate 40%),2026-08-23T05:57:01.819659
pay_N6mDfq0hnTtSDs,1367.05,wallet_service_down,2,auto_recovery_attempted,retry_later_2h,rule_based,True,Mapped wallet_service_down -> retry_later_2h (assumed success rate 55%),2026-08-23T05:57:01.819699
pay_o76kUx3ujGnfOJ,2628.07,upi_collect_expired,1,auto_recovery_attempted,resend_collect_request,rule_based,True,Mapped upi_collect_expired -> resend_collect_request (assumed success rate 50%),2026-08-23T05:57:01.819736
pay_pnPjxdShSj1VP8,11280.61,insufficient_funds,2,auto_recovery_attempted,retry_later_24h,rule_based,True,Mapped insufficient_funds -> retry_later_24h (assumed success rate 45%),2026-08-23T05:57:01.819773
pay_hrCv8StSJnQv0B,231.61,issuer_unavailable,4,escalated_manual_review,escalate_to_human,stopping_rule,False,"Stopping rule triggered: 4 attempts already made, avoiding further automated contact",2026-08-23T05:57:01.819810
pay_cy7GwqHSSUObP7,3111.25,insufficient_balance,4,escalated_manual_review,escalate_to_human,stopping_rule,False,"Stopping rule triggered: 4 attempts already made, avoiding further automated contact",2026-08-23T05:57:01.819844
pay_55cQwsnDmAQkrN,2778.21,issuer_unavailable,3,auto_recovery_attempted,retry_later_2h,rule_based,False,Mapped issuer_unavailable -> retry_later_2h (assumed success rate 55%),2026-08-23T05:57:01.819878
pay_FwDx9QgaOSbqIW,3470.43,issuer_unavailable,4,escalated_manual_review,escalate_to_human,stopping_rule,False,"Stopping rule triggered: 4 attempts already made, avoiding further automated contact",2026-08-23T05:57:01.819915
pay_eqoPC4Y9bNgeJN,937.91,issuer_unavailable,1,auto_recovery_attempted,retry_later_2h,rule_based,True,Mapped issuer_unavailable -> retry_later_2h (assumed success rate 55%),2026-08-23T05:57:01.819950
pay_LYSSD080p3lW3U,1434.56,bank_technical_error,1,auto_recovery_attempted,retry_immediately,rule_based,True,Mapped bank_technical_error -> retry_immediately (assumed success rate 65%),2026-08-23T05:57:01.819987
pay_4Pw06v3Eo1wd4N,2565.86,payment_declined,4,escalated_manual_review,escalate_to_human,stopping_rule,False,"Stopping rule triggered: 4 attempts already made, avoiding further automated contact",2026-08-23T05:57:01.820025
pay_5tFLDbZtsmqpvk,1639.11,card_declined,4,escalated_manual_review,escalate_to_human,stopping_rule,False,"Stopping rule triggered: 4 attempts already made, avoiding further automated contact",2026-08-23T05:57:01.820072
pay_U6CdnfpR5mOXoG,1759.56,incorrect_otp,3,auto_recovery_attempted,send_reminder,rule_based,False,Mapped incorrect_otp -> send_reminder (assumed success rate 30%),2026-08-23T05:57:01.820109
pay_sY7LzxszOcgb4b,1344.92,issuer_unavailable,3,auto_recovery_attempted,retry_later_2h,rule_based,True,Mapped issuer_unavailable -> retry_later_2h (assumed success rate 55%),2026-08-23T05:57:01.820148
pay_MJ1jOFO8iMXQXH,2798.5,insufficient_funds,4,escalated_manual_review,escalate_to_human,stopping_rule,False,"Stopping rule triggered: 4 attempts already made, avoiding further automated contact",2026-08-23T05:57:01.820185
pay_IhD0eiBEIs2hmA,4705.16,insufficient_funds,2,auto_recovery_attempted,retry_later_24h,rule_based,False,Mapped insufficient_funds -> retry_later_24h (assumed success rate 45%),2026-08-23T05:57:01.820259
pay_RMMluNlt7YcdBA,1791.72,insufficient_funds,2,auto_recovery_attempted,retry_later_24h,rule_based,True,Mapped insufficient_funds -> retry_later_24h (assumed success rate 45%),2026-08-23T05:57:01.820314
pay_S4MFfN8t7OqOZA,708.75,payment_declined,4,escalated_manual_review,escalate_to_human,stopping_rule,False,"Stopping rule triggered: 4 attempts already made, avoiding further automated contact",2026-08-23T05:57:01.820356
pay_ccrTPYfB9lcKXU,371.66,issuer_unavailable,4,escalated_manual_review,escalate_to_human,stopping_rule,False,"Stopping rule triggered: 4 attempts already made, avoiding further automated contact",2026-08-23T05:57:01.820393
pay_53E4RrDXGQfodS,953.74,incorrect_pin,4,escalated_manual_review,escalate_to_human,stopping_rule,False,"Stopping rule triggered: 4 attempts already made, avoiding further automated contact",2026-08-23T05:57:01.820431
pay_uqrqqQER52wTa6,458.36,wallet_service_down,1,auto_recovery_attempted,retry_later_2h,rule_based,False,Mapped wallet_service_down -> retry_later_2h (assumed success rate 55%),2026-08-23T05:57:01.820467
pay_HQJSfvDHVn0x5Z,438.97,issuer_unavailable,1,auto_recovery_attempted,retry_later_2h,rule_based,True,Mapped issuer_unavailable -> retry_later_2h (assumed success rate 55%),2026-08-23T05:57:01.820510
pay_42bFKbf2xdvTp0,1968.82,payment_declined,3,auto_recovery_attempted,send_reminder,rule_based,False,Mapped payment_declined -> send_reminder (assumed success rate 30%),2026-08-23T05:57:01.820549
pay_IaZtFKKPzfIm97,754.77,upi_collect_expired,1,auto_recovery_attempted,resend_collect_request,rule_based,True,Mapped upi_collect_expired -> resend_collect_request (assumed success rate 50%),2026-08-23T05:57:01.820586
pay_HTRuN9CBlK9bPS,1275.14,insufficient_funds,4,escalated_manual_review,escalate_to_human,stopping_rule,False,"Stopping rule triggered: 4 attempts already made, avoiding further automated contact",2026-08-23T05:57:01.820623
pay_ydJuzEMh67BGi1,1066.29,card_declined,4,escalated_manual_review,escalate_to_human,stopping_rule,False,"Stopping rule triggered: 4 attempts already made, avoiding further automated contact",2026-08-23T05:57:01.820657
pay_7epomwdZiPEjSq,66.65,upi_collect_expired,4,escalated_manual_review,escalate_to_human,stopping_rule,False,"Stopping rule triggered: 4 attempts already made, avoiding further automated contact",2026-08-23T05:57:01.820692
pay_3g8uObSYzziAuk,331.77,upi_collect_expired,2,auto_recovery_attempted,resend_collect_request,rule_based,False,Mapped upi_collect_expired -> resend_collect_request (assumed success rate 50%),2026-08-23T05:57:01.820725
pay_zdIexVHSAdimA9,1112.48,payment_declined,4,escalated_manual_review,escalate_to_human,stopping_rule,False,"Stopping rule triggered: 4 attempts already made, avoiding further automated contact",2026-08-23T05:57:01.820762
pay_L5TnK6Go2IBbVh,1659.14,incorrect_otp,1,auto_recovery_attempted,send_reminder,rule_based,False,Mapped incorrect_otp -> send_reminder (assumed success rate 30%),2026-08-23T05:57:01.820796
pay_YrH62YjPxZEfEe,594.3,upi_collect_expired,3,auto_recovery_attempted,resend_collect_request,rule_based,False,Mapped upi_collect_expired -> resend_collect_request (assumed success rate 50%),2026-08-23T05:57:01.820833
pay_h4ZHFssgk7OKJa,1648.71,insufficient_balance,3,auto_recovery_attempted,send_reminder,rule_based,True,Mapped insufficient_balance -> send_reminder (assumed success rate 30%),2026-08-23T05:57:01.820870
pay_OUEFbe8FBy87J4,3148.54,issuer_unavailable,3,auto_recovery_attempted,retry_later_2h,rule_based,False,Mapped issuer_unavailable -> retry_later_2h (assumed success rate 55%),2026-08-23T05:57:01.820908
pay_oUflXnKqhkKouZ,1756.68,card_declined,1,auto_recovery_attempted,send_reminder,rule_based,True,Mapped card_declined -> send_reminder (assumed success rate 30%),2026-08-23T05:57:01.820948
pay_ApEPwyR7CGe41x,306.77,issuer_unavailable,1,auto_recovery_attempted,retry_later_2h,rule_based,False,Mapped issuer_unavailable -> retry_later_2h (assumed success rate 55%),2026-08-23T05:57:01.820985
pay_rEabtOgejw81gh,3907.17,payment_declined,1,auto_recovery_attempted,send_reminder,rule_based,True,Mapped payment_declined -> send_reminder (assumed success rate 30%),2026-08-23T05:57:01.821024
pay_KktKQhYtFjyLdl,973.81,incorrect_otp,1,auto_recovery_attempted,send_reminder,rule_based,True,Mapped incorrect_otp -> send_reminder (assumed success rate 30%),2026-08-23T05:57:01.821073
pay_MoxIrF9Kv0VvQz,617.03,insufficient_balance,3,auto_recovery_attempted,send_reminder,rule_based,True,Mapped insufficient_balance -> send_reminder (assumed success rate 30%),2026-08-23T05:57:01.821113
pay_fc0loFyyCqRS0C,443.71,card_declined,4,escalated_manual_review,escalate_to_human,stopping_rule,False,"Stopping rule triggered: 4 attempts already made, avoiding further automated contact",2026-08-23T05:57:01.821153
pay_47hV9m3X4WtIdV,660.31,issuer_unavailable,2,auto_recovery_attempted,retry_later_2h,rule_based,True,Mapped issuer_unavailable -> retry_later_2h (assumed success rate 55%),2026-08-23T05:57:01.821188
pay_6Z7gkgDDzicvnl,2229.75,payment_declined,2,auto_recovery_attempted,send_reminder,rule_based,False,Mapped payment_declined -> send_reminder (assumed success rate 30%),2026-08-23T05:57:01.821228
pay_4QOEEVRYwv8rye,4071.17,bank_technical_error,3,auto_recovery_attempted,retry_immediately,rule_based,True,Mapped bank_technical_error -> retry_immediately (assumed success rate 65%),2026-08-23T05:57:01.821298
pay_3AeGf9fwXhHsFI,597.24,issuer_unavailable,4,escalated_manual_review,escalate_to_human,stopping_rule,False,"Stopping rule triggered: 4 attempts already made, avoiding further automated contact",2026-08-23T05:57:01.821342
pay_FVMma7uyVcOwal,808.01,card_declined,3,auto_recovery_attempted,send_reminder,rule_based,False,Mapped card_declined -> send_reminder (assumed success rate 30%),2026-08-23T05:57:01.821380
pay_hnB4Kuar1GKsdu,142.31,payment_declined,3,auto_recovery_attempted,send_reminder,rule_based,False,Mapped payment_declined -> send_reminder (assumed success rate 30%),2026-08-23T05:57:01.821420
pay_k849DMcdTYCZBg,3392.69,upi_collect_expired,3,auto_recovery_attempted,resend_collect_request,rule_based,False,Mapped upi_collect_expired -> resend_collect_request (assumed success rate 50%),2026-08-23T05:57:01.821458
pay_d7USGZDPw3nyT8,103.15,payment_declined,4,escalated_manual_review,escalate_to_human,stopping_rule,False,"Stopping rule triggered: 4 attempts already made, avoiding further automated contact",2026-08-23T05:57:01.821500
pay_7pqGiUpt79BgGq,3547.61,insufficient_balance,2,auto_recovery_attempted,send_reminder,rule_based,False,Mapped insufficient_balance -> send_reminder (assumed success rate 30%),2026-08-23T05:57:01.821537
pay_4m1xLUVHr5gbnM,2143.58,incorrect_otp,2,auto_recovery_attempted,send_reminder,rule_based,False,Mapped incorrect_otp -> send_reminder (assumed success rate 30%),2026-08-23T05:57:01.821576
pay_j8cT5sUzv6Eqjw,3967.11,incorrect_otp,4,escalated_manual_review,escalate_to_human,stopping_rule,False,"Stopping rule triggered: 4 attempts already made, avoiding further automated contact",2026-08-23T05:57:01.821614
pay_lI4y7YAgMdRUzu,4817.05,session_timed_out,3,auto_recovery_attempted,send_reminder,rule_based,False,Mapped session_timed_out -> send_reminder (assumed success rate 30%),2026-08-23T05:57:01.821650
pay_6RAti61F1iFjYt,1512.79,emi_not_supported,4,escalated_manual_review,escalate_to_human,stopping_rule,False,"Stopping rule triggered: 4 attempts already made, avoiding further automated contact",2026-08-23T05:57:01.821688
pay_Aj1fEhI8Kgjy5P,598.24,payment_declined,3,auto_recovery_attempted,send_reminder,rule_based,True,Mapped payment_declined -> send_reminder (assumed success rate 30%),2026-08-23T05:57:01.821722
pay_kpHMtjowVsAJmE,178.83,payment_declined,1,auto_recovery_attempted,send_reminder,rule_based,True,Mapped payment_declined -> send_reminder (assumed success rate 30%),2026-08-23T05:57:01.821759
pay_u46wJQOWgEY5a2,609.59,incorrect_pin,4,escalated_manual_review,escalate_to_human,stopping_rule,False,"Stopping rule triggered: 4 attempts already made, avoiding further automated contact",2026-08-23T05:57:01.821797
pay_TWktNfEE3McEN7,1456.35,card_declined,4,escalated_manual_review,escalate_to_human,stopping_rule,False,"Stopping rule triggered: 4 attempts already made, avoiding further automated contact",2026-08-23T05:57:01.821833
pay_7yuAuKDC33PMWU,651.16,card_declined,3,auto_recovery_attempted,send_reminder,rule_based,False,Mapped card_declined -> send_reminder (assumed success rate 30%),2026-08-23T05:57:01.821866
pay_J2b9a8GW13JmiF,3454.46,upi_collect_expired,2,auto_recovery_attempted,resend_collect_request,rule_based,False,Mapped upi_collect_expired -> resend_collect_request (assumed success rate 50%),2026-08-23T05:57:01.821904
pay_v7Vp31bhgCeE8g,1335.69,upi_collect_expired,2,auto_recovery_attempted,resend_collect_request,rule_based,True,Mapped upi_collect_expired -> resend_collect_request (assumed success rate 50%),2026-08-23T05:57:01.821941
pay_L7vjj5enyPygIp,1021.19,wallet_service_down,3,auto_recovery_attempted,retry_later_2h,rule_based,True,Mapped wallet_service_down -> retry_later_2h (assumed success rate 55%),2026-08-23T05:57:01.821978
pay_XvfLbOtOLTonAi,845.18,upi_collect_expired,1,auto_recovery_attempted,resend_collect_request,rule_based,False,Mapped upi_collect_expired -> resend_collect_request (assumed success rate 50%),2026-08-23T05:57:01.822017
pay_Af6xGVtXW4GmEV,190.84,incorrect_otp,4,escalated_manual_review,escalate_to_human,stopping_rule,False,"Stopping rule triggered: 4 attempts already made, avoiding further automated contact",2026-08-23T05:57:01.822070
pay_i94wsigW5ZTmAu,5601.13,insufficient_balance,4,escalated_manual_review,escalate_to_human,stopping_rule,False,"Stopping rule triggered: 4 attempts already made, avoiding further automated contact",2026-08-23T05:57:01.822107
pay_QNN9IJwHyFpCF1,1963.89,bank_technical_error,2,auto_recovery_attempted,retry_immediately,rule_based,True,Mapped bank_technical_error -> retry_immediately (assumed success rate 65%),2026-08-23T05:57:01.822143
pay_h3hREOIG6Zn4n9,555.79,payment_declined,2,auto_recovery_attempted,send_reminder,rule_based,True,Mapped payment_declined -> send_reminder (assumed success rate 30%),2026-08-23T05:57:01.822193
pay_yayi4FjNMCgSeW,1392.53,incorrect_otp,4,escalated_manual_review,escalate_to_human,stopping_rule,False,"Stopping rule triggered: 4 attempts already made, avoiding further automated contact",2026-08-23T05:57:01.822232
pay_rPxMcIjFSWvHCF,675.12,insufficient_balance,1,auto_recovery_attempted,send_reminder,rule_based,True,Mapped insufficient_balance -> send_reminder (assumed success rate 30%),2026-08-23T05:57:01.822301
pay_Tzb3Mhe3k3A5T4,3215.27,session_timed_out,1,auto_recovery_attempted,send_reminder,rule_based,False,Mapped session_timed_out -> send_reminder (assumed success rate 30%),2026-08-23T05:57:01.822345
pay_5kbE2OIkEJ2Bip,707.41,session_timed_out,1,auto_recovery_attempted,send_reminder,rule_based,False,Mapped session_timed_out -> send_reminder (assumed success rate 30%),2026-08-23T05:57:01.822387
pay_QfkYjqRfPWm5W3,508.65,session_timed_out,3,auto_recovery_attempted,send_reminder,rule_based,True,Mapped session_timed_out -> send_reminder (assumed success rate 30%),2026-08-23T05:57:01.822428
pay_KrSFZOnLZLcYlR,436.22,issuer_unavailable,1,auto_recovery_attempted,retry_later_2h,rule_based,True,Mapped issuer_unavailable -> retry_later_2h (assumed success rate 55%),2026-08-23T05:57:01.822471
pay_5sL45EnWcPKjY4,1389.63,bank_technical_error,2,auto_recovery_attempted,retry_immediately,rule_based,True,Mapped bank_technical_error -> retry_immediately (assumed success rate 65%),2026-08-23T05:57:01.822510
pay_MVgOAyVVf8GZch,2862.99,upi_collect_expired,4,escalated_manual_review,escalate_to_human,stopping_rule,False,"Stopping rule triggered: 4 attempts already made, avoiding further automated contact",2026-08-23T05:57:01.822548
pay_2OgwwETUJzG87W,1291.85,incorrect_otp,2,auto_recovery_attempted,send_reminder,rule_based,False,Mapped incorrect_otp -> send_reminder (assumed success rate 30%),2026-08-23T05:57:01.822585
pay_Fki2myWL1WVXES,2983.36,incorrect_otp,4,escalated_manual_review,escalate_to_human,stopping_rule,False,"Stopping rule triggered: 4 attempts already made, avoiding further automated contact",2026-08-23T05:57:01.822625
pay_GFOoSViq9uNGvd,2437.87,upi_collect_expired,4,escalated_manual_review,escalate_to_human,stopping_rule,False,"Stopping rule triggered: 4 attempts already made, avoiding further automated contact",2026-08-23T05:57:01.822659
pay_WXZmEamYR6NDJt,2215.11,incorrect_otp,2,auto_recovery_attempted,send_reminder,rule_based,True,Mapped incorrect_otp -> send_reminder (assumed success rate 30%),2026-08-23T05:57:01.822695
pay_fWERCnfGqjUDBM,587.07,issuer_unavailable,2,auto_recovery_attempted,retry_later_2h,rule_based,True,Mapped issuer_unavailable -> retry_later_2h (assumed success rate 55%),2026-08-23T05:57:01.822733
pay_qKaR1M7Dks1jrV,2655.76,wallet_service_down,4,escalated_manual_review,escalate_to_human,stopping_rule,False,"Stopping rule triggered: 4 attempts already made, avoiding further automated contact",2026-08-23T05:57:01.822769
pay_spt7FVP7Pc1AJK,1265.86,session_timed_out,1,auto_recovery_attempted,send_reminder,rule_based,False,Mapped session_timed_out -> send_reminder (assumed success rate 30%),2026-08-23T05:57:01.822805
pay_oMeopi8P9bGaGg,369.0,card_declined,1,auto_recovery_attempted,send_reminder,rule_based,True,Mapped card_declined -> send_reminder (assumed success rate 30%),2026-08-23T05:57:01.822843
pay_LpVnCwMgIfLKIR,56.35,upi_collect_expired,2,auto_recovery_attempted,resend_collect_request,rule_based,False,Mapped upi_collect_expired -> resend_collect_request (assumed success rate 50%),2026-08-23T05:57:01.822881
pay_zDcsWyLV0vM1vA,439.11,issuer_unavailable,1,auto_recovery_attempted,retry_later_2h,rule_based,True,Mapped issuer_unavailable -> retry_later_2h (assumed success rate 55%),2026-08-23T05:57:01.822919
pay_hlXOjIXVhIxFV1,851.58,insufficient_funds,2,auto_recovery_attempted,retry_later_24h,rule_based,True,Mapped insufficient_funds -> retry_later_24h (assumed success rate 45%),2026-08-23T05:57:01.822956
pay_WK2UYxSGWy1fPR,1097.33,issuer_unavailable,1,auto_recovery_attempted,retry_later_2h,rule_based,True,Mapped issuer_unavailable -> retry_later_2h (assumed success rate 55%),2026-08-23T05:57:01.822992
pay_kMazJ4FWUqXlAy,5536.43,card_declined,2,auto_recovery_attempted,send_reminder,rule_based,False,Mapped card_declined -> send_reminder (assumed success rate 30%),2026-08-23T05:57:01.823028
pay_7fUBYQEHlydajQ,5694.28,insufficient_funds,2,auto_recovery_attempted,retry_later_24h,rule_based,False,Mapped insufficient_funds -> retry_later_24h (assumed success rate 45%),2026-08-23T05:57:01.823079
pay_qXjY1qHEPZtpTk,62.51,upi_collect_expired,1,auto_recovery_attempted,resend_collect_request,rule_based,False,Mapped upi_collect_expired -> resend_collect_request (assumed success rate 50%),2026-08-23T05:57:01.823119
pay_WRECqIQwkeGcnq,787.71,insufficient_funds,4,escalated_manual_review,escalate_to_human,stopping_rule,False,"Stopping rule triggered: 4 attempts already made, avoiding further automated contact",2026-08-23T05:57:01.823157
pay_z5NKpDEuQRrzaN,1493.23,card_declined,2,auto_recovery_attempted,send_reminder,rule_based,False,Mapped card_declined -> send_reminder (assumed success rate 30%),2026-08-23T05:57:01.823192
pay_oajiL9S8VRbynN,2897.83,insufficient_funds,3,auto_recovery_attempted,retry_later_24h,rule_based,False,Mapped insufficient_funds -> retry_later_24h (assumed success rate 45%),2026-08-23T05:57:01.823229
pay_rI9hLmT1gMUpC2,372.08,incorrect_otp,4,escalated_manual_review,escalate_to_human,stopping_rule,False,"Stopping rule triggered: 4 attempts already made, avoiding further automated contact",2026-08-23T05:57:01.823298
pay_wDC3pFwe8nOnQa,530.88,session_timed_out,3,auto_recovery_attempted,send_reminder,rule_based,True,Mapped session_timed_out -> send_reminder (assumed success rate 30%),2026-08-23T05:57:01.823339
pay_RXv4EB7yhvS2jf,1914.08,insufficient_funds,3,auto_recovery_attempted,retry_later_24h,rule_based,True,Mapped insufficient_funds -> retry_later_24h (assumed success rate 45%),2026-08-23T05:57:01.823380
pay_6B3SmgiRaAWOzI,1060.9,payment_declined,3,auto_recovery_attempted,send_reminder,rule_based,False,Mapped payment_declined -> send_reminder (assumed success rate 30%),2026-08-23T05:57:01.823419
pay_9KbnE9GKXUmGlS,550.5,upi_collect_expired,3,auto_recovery_attempted,resend_collect_request,rule_based,True,Mapped upi_collect_expired -> resend_collect_request (assumed success rate 50%),2026-08-23T05:57:01.823457
pay_5IOrLKiKDOdqe9,1118.48,insufficient_balance,2,auto_recovery_attempted,send_reminder,rule_based,True,Mapped insufficient_balance -> send_reminder (assumed success rate 30%),2026-08-23T05:57:01.823495
pay_OBwgZ2OoEO3GTy,250.4,payment_declined,1,auto_recovery_attempted,send_reminder,rule_based,True,Mapped payment_declined -> send_reminder (assumed success rate 30%),2026-08-23T05:57:01.823534
pay_TqJqDWEUv9T91g,153.68,incorrect_otp,1,auto_recovery_attempted,send_reminder,rule_based,True,Mapped incorrect_otp -> send_reminder (assumed success rate 30%),2026-08-23T05:57:01.823572
pay_pnU1ZsP8c8Rhh1,358.95,bank_technical_error,1,auto_recovery_attempted,retry_immediately,rule_based,True,Mapped bank_technical_error -> retry_immediately (assumed success rate 65%),2026-08-23T05:57:01.823613
pay_cx1CJSU3w6y1jg,1121.19,incorrect_otp,4,escalated_manual_review,escalate_to_human,stopping_rule,False,"Stopping rule triggered: 4 attempts already made, avoiding further automated contact",2026-08-23T05:57:01.823650
pay_MCrdFGfokswlby,2888.24,insufficient_balance,3,auto_recovery_attempted,send_reminder,rule_based,False,Mapped insufficient_balance -> send_reminder (assumed success rate 30%),2026-08-23T05:57:01.823685
pay_vNoU4ahFeqPqU3,1530.29,payment_declined,3,auto_recovery_attempted,send_reminder,rule_based,False,Mapped payment_declined -> send_reminder (assumed success rate 30%),2026-08-23T05:57:01.823723
pay_Vi3wEM7hEmYGoK,2622.51,session_timed_out,2,auto_recovery_attempted,send_reminder,rule_based,False,Mapped session_timed_out -> send_reminder (assumed success rate 30%),2026-08-23T05:57:01.823761
pay_7c2v7TrgSlFua9,2667.65,issuer_unavailable,1,auto_recovery_attempted,retry_later_2h,rule_based,False,Mapped issuer_unavailable -> retry_later_2h (assumed success rate 55%),2026-08-23T05:57:01.823800
pay_00H15YZ6dsgYNQ,662.8,incorrect_pin,2,auto_recovery_attempted,send_reminder,rule_based,False,Mapped incorrect_pin -> send_reminder (assumed success rate 30%),2026-08-23T05:57:01.823835
pay_YfwEFL6Clo6Rap,3744.85,payment_declined,1,auto_recovery_attempted,send_reminder,rule_based,True,Mapped payment_declined -> send_reminder (assumed success rate 30%),2026-08-23T05:57:01.823872
pay_qT0uzeY82ORkB9,78.97,session_timed_out,3,auto_recovery_attempted,send_reminder,rule_based,False,Mapped session_timed_out -> send_reminder (assumed success rate 30%),2026-08-23T05:57:01.823910
pay_9p6IU6iIv7F8uT,638.36,incorrect_pin,1,auto_recovery_attempted,send_reminder,rule_based,False,Mapped incorrect_pin -> send_reminder (assumed success rate 30%),2026-08-23T05:57:01.823946
pay_GKVc7wCIbHiFHZ,1280.43,insufficient_funds,1,auto_recovery_attempted,retry_later_24h,rule_based,True,Mapped insufficient_funds -> retry_later_24h (assumed success rate 45%),2026-08-23T05:57:01.823983
pay_J1wrIvOBYRpOaa,416.17,wallet_service_down,2,auto_recovery_attempted,retry_later_2h,rule_based,False,Mapped wallet_service_down -> retry_later_2h (assumed success rate 55%),2026-08-23T05:57:01.824018
pay_jckLlcwA6u1ziy,1334.95,payment_declined,3,auto_recovery_attempted,send_reminder,rule_based,False,Mapped payment_declined -> send_reminder (assumed success rate 30%),2026-08-23T05:57:01.824066
pay_eeQMJDO57woDuR,192.56,session_timed_out,2,auto_recovery_attempted,send_reminder,rule_based,False,Mapped session_timed_out -> send_reminder (assumed success rate 30%),2026-08-23T05:57:01.824106
pay_GbLLGDU5XveB4O,2180.57,session_timed_out,4,escalated_manual_review,escalate_to_human,stopping_rule,False,"Stopping rule triggered: 4 attempts already made, avoiding further automated contact",2026-08-23T05:57:01.824144
pay_Gm2h45zudFxaS3,2153.96,issuer_unavailable,2,auto_recovery_attempted,retry_later_2h,rule_based,True,Mapped issuer_unavailable -> retry_later_2h (assumed success rate 55%),2026-08-23T05:57:01.824182
pay_OkgJQsrGI4E4vz,2651.57,issuer_unavailable,3,auto_recovery_attempted,retry_later_2h,rule_based,True,Mapped issuer_unavailable -> retry_later_2h (assumed success rate 55%),2026-08-23T05:57:01.824262
pay_Jvee3EtqrG5jEz,722.86,incorrect_pin,2,auto_recovery_attempted,send_reminder,rule_based,False,Mapped incorrect_pin -> send_reminder (assumed success rate 30%),2026-08-23T05:57:01.824317
pay_ToUa2fmk8dUie4,1861.06,incorrect_pin,3,auto_recovery_attempted,send_reminder,rule_based,False,Mapped incorrect_pin -> send_reminder (assumed success rate 30%),2026-08-23T05:57:01.824358
pay_p2VJ0VwqhYpgB2,3255.37,incorrect_otp,4,escalated_manual_review,escalate_to_human,stopping_rule,False,"Stopping rule triggered: 4 attempts already made, avoiding further automated contact",2026-08-23T05:57:01.824401
pay_04oYOkpiWzALIQ,414.75,card_declined,1,auto_recovery_attempted,send_reminder,rule_based,True,Mapped card_declined -> send_reminder (assumed success rate 30%),2026-08-23T05:57:01.824440
pay_cGAkdi0RX8wxp2,974.79,bank_technical_error,1,auto_recovery_attempted,retry_immediately,rule_based,False,Mapped bank_technical_error -> retry_immediately (assumed success rate 65%),2026-08-23T05:57:01.824481
pay_8fkjLfP00atLIi,764.48,issuer_unavailable,4,escalated_manual_review,escalate_to_human,stopping_rule,False,"Stopping rule triggered: 4 attempts already made, avoiding further automated contact",2026-08-23T05:57:01.824522
pay_AZEa7RKCk12d6R,2881.14,wallet_service_down,3,auto_recovery_attempted,retry_later_2h,rule_based,True,Mapped wallet_service_down -> retry_later_2h (assumed success rate 55%),2026-08-23T05:57:01.824557
pay_peFNn2wRNkzWzu,3347.57,session_timed_out,1,auto_recovery_attempted,send_reminder,rule_based,False,Mapped session_timed_out -> send_reminder (assumed success rate 30%),2026-08-23T05:57:01.824594
pay_n7WGMpFYv0tgD0,405.62,session_timed_out,4,escalated_manual_review,escalate_to_human,stopping_rule,False,"Stopping rule triggered: 4 attempts already made, avoiding further automated contact",2026-08-23T05:57:01.824631
pay_WnDWNkCfNmynAi,2461.05,insufficient_balance,2,auto_recovery_attempted,send_reminder,rule_based,False,Mapped insufficient_balance -> send_reminder (assumed success rate 30%),2026-08-23T05:57:01.824667
pay_y6Kf5IXIL1Gult,1252.33,bank_technical_error,3,auto_recovery_attempted,retry_immediately,rule_based,True,Mapped bank_technical_error -> retry_immediately (assumed success rate 65%),2026-08-23T05:57:01.824704
pay_zfjcuK2cUwLkfG,1315.23,insufficient_funds,2,auto_recovery_attempted,retry_later_24h,rule_based,True,Mapped insufficient_funds -> retry_later_24h (assumed success rate 45%),2026-08-23T05:57:01.824742
pay_hAdKnX2WOja8ZK,1870.69,insufficient_funds,1,auto_recovery_attempted,retry_later_24h,rule_based,True,Mapped insufficient_funds -> retry_later_24h (assumed success rate 45%),2026-08-23T05:57:01.824780
pay_soXluJg05vZiqp,104.63,bank_technical_error,2,auto_recovery_attempted,retry_immediately,rule_based,True,Mapped bank_technical_error -> retry_immediately (assumed success rate 65%),2026-08-23T05:57:01.824817
pay_v697ZrhsHL2MLw,4242.03,wallet_service_down,2,auto_recovery_attempted,retry_later_2h,rule_based,False,Mapped wallet_service_down -> retry_later_2h (assumed success rate 55%),2026-08-23T05:57:01.824855
pay_lXqy7JabxhEN4E,1304.39,issuer_unavailable,3,auto_recovery_attempted,retry_later_2h,rule_based,True,Mapped issuer_unavailable -> retry_later_2h (assumed success rate 55%),2026-08-23T05:57:01.824893
pay_3fqhMc9H81Du5f,511.58,wallet_service_down,2,auto_recovery_attempted,retry_later_2h,rule_based,True,Mapped wallet_service_down -> retry_later_2h (assumed success rate 55%),2026-08-23T05:57:01.824928
pay_J9H9fGKUds7Wat,1847.38,card_declined,3,auto_recovery_attempted,send_reminder,rule_based,False,Mapped card_declined -> send_reminder (assumed success rate 30%),2026-08-23T05:57:01.824964
pay_oWndEfPoBoBxvF,1767.38,issuer_unavailable,2,auto_recovery_attempted,retry_later_2h,rule_based,False,Mapped issuer_unavailable -> retry_later_2h (assumed success rate 55%),2026-08-23T05:57:01.824998
pay_rabJKMOMb55qZ0,1721.32,insufficient_funds,4,escalated_manual_review,escalate_to_human,stopping_rule,False,"Stopping rule triggered: 4 attempts already made, avoiding further automated contact",2026-08-23T05:57:01.825040
pay_ICCpBR6op1nTIX,1644.42,insufficient_balance,3,auto_recovery_attempted,send_reminder,rule_based,False,Mapped insufficient_balance -> send_reminder (assumed success rate 30%),2026-08-23T05:57:01.825082
pay_SvqYbglhzCiZqb,12320.94,bank_technical_error,4,escalated_manual_review,escalate_to_human,stopping_rule,False,"Stopping rule triggered: 4 attempts already made, avoiding further automated contact",2026-08-23T05:57:01.825121
pay_Xta37jvWW1Nr8L,815.44,issuer_unavailable,2,auto_recovery_attempted,retry_later_2h,rule_based,True,Mapped issuer_unavailable -> retry_later_2h (assumed success rate 55%),2026-08-23T05:57:01.825159
pay_QcEnkzSZ979enG,348.59,incorrect_pin,4,escalated_manual_review,escalate_to_human,stopping_rule,False,"Stopping rule triggered: 4 attempts already made, avoiding further automated contact",2026-08-23T05:57:01.825198
pay_rb95eqk78TdqZv,4219.3,incorrect_otp,3,auto_recovery_attempted,send_reminder,rule_based,True,Mapped incorrect_otp -> send_reminder (assumed success rate 30%),2026-08-23T05:57:01.825246
pay_ualB0zcZFxHod0,509.08,incorrect_otp,2,auto_recovery_attempted,send_reminder,rule_based,True,Mapped incorrect_otp -> send_reminder (assumed success rate 30%),2026-08-23T05:57:01.825303
pay_j2DPz2wmkHYdF7,5073.02,card_declined,3,auto_recovery_attempted,send_reminder,rule_based,False,Mapped card_declined -> send_reminder (assumed success rate 30%),2026-08-23T05:57:01.825348
pay_foAI30FAV1jafK,96.5,bank_technical_error,3,auto_recovery_attempted,retry_immediately,rule_based,True,Mapped bank_technical_error -> retry_immediately (assumed success rate 65%),2026-08-23T05:57:01.825388
pay_Y1h0k3nCd7IM79,146.47,upi_collect_expired,4,escalated_manual_review,escalate_to_human,stopping_rule,False,"Stopping rule triggered: 4 attempts already made, avoiding further automated contact",2026-08-23T05:57:01.825428
pay_Lo7osENXxLXCzu,1166.07,emi_not_supported,1,auto_recovery_attempted,suggest_alt_method,rule_based,False,Mapped emi_not_supported -> suggest_alt_method (assumed success rate 40%),2026-08-23T05:57:01.825465
pay_xJB2oFwA3bY9Fx,412.17,upi_collect_expired,1,auto_recovery_attempted,resend_collect_request,rule_based,True,Mapped upi_collect_expired -> resend_collect_request (assumed success rate 50%),2026-08-23T05:57:01.825504
pay_VZ2GeflZpg2Ipx,971.66,emi_not_supported,2,auto_recovery_attempted,suggest_alt_method,rule_based,False,Mapped emi_not_supported -> suggest_alt_method (assumed success rate 40%),2026-08-23T05:57:01.825544
pay_NWZgaZX5ZC8H8H,424.48,upi_collect_expired,2,auto_recovery_attempted,resend_collect_request,rule_based,False,Mapped upi_collect_expired -> resend_collect_request (assumed success rate 50%),2026-08-23T05:57:01.825582
pay_M1FGYkFKlxEig8,3138.71,upi_collect_expired,3,auto_recovery_attempted,resend_collect_request,rule_based,False,Mapped upi_collect_expired -> resend_collect_request (assumed success rate 50%),2026-08-23T05:57:01.825620
pay_Vbh1R7tiQkO9YG,3213.13,insufficient_funds,2,auto_recovery_attempted,retry_later_24h,rule_based,True,Mapped insufficient_funds -> retry_later_24h (assumed success rate 45%),2026-08-23T05:57:01.825658
pay_3N9hxGoA9XqEzv,1712.49,insufficient_funds,3,auto_recovery_attempted,retry_later_24h,rule_based,True,Mapped insufficient_funds -> retry_later_24h (assumed success rate 45%),2026-08-23T05:57:01.825696
pay_TozEdD5um7H42R,1754.81,insufficient_funds,4,escalated_manual_review,escalate_to_human,stopping_rule,False,"Stopping rule triggered: 4 attempts already made, avoiding further automated contact",2026-08-23T05:57:01.825733
pay_N8jpontcuHBCrV,2676.23,card_declined,3,auto_recovery_attempted,send_reminder,rule_based,True,Mapped card_declined -> send_reminder (assumed success rate 30%),2026-08-23T05:57:01.825767
pay_OMpkgPgUYiKwiB,143.68,incorrect_pin,3,auto_recovery_attempted,send_reminder,rule_based,False,Mapped incorrect_pin -> send_reminder (assumed success rate 30%),2026-08-23T05:57:01.825806
pay_yGjspTHYxAx46G,5483.66,insufficient_funds,4,escalated_manual_review,escalate_to_human,stopping_rule,False,"Stopping rule triggered: 4 attempts already made, avoiding further automated contact",2026-08-23T05:57:01.825845
pay_wtO5xACFy9qHAa,6266.67,bank_technical_error,1,auto_recovery_attempted,retry_immediately,rule_based,False,Mapped bank_technical_error -> retry_immediately (assumed success rate 65%),2026-08-23T05:57:01.825879
pay_0sCGwisL5cN5jb,501.08,payment_declined,3,auto_recovery_attempted,send_reminder,rule_based,False,Mapped payment_declined -> send_reminder (assumed success rate 30%),2026-08-23T05:57:01.825920
pay_TB6xEGnAmLfRBz,1041.6,incorrect_pin,3,auto_recovery_attempted,send_reminder,rule_based,False,Mapped incorrect_pin -> send_reminder (assumed success rate 30%),2026-08-23T05:57:01.825960
pay_k4dZYwAJmud1Lg,3427.95,upi_collect_expired,1,auto_recovery_attempted,resend_collect_request,rule_based,False,Mapped upi_collect_expired -> resend_collect_request (assumed success rate 50%),2026-08-23T05:57:01.825998
pay_id8PJaW2ScOh7H,554.27,upi_collect_expired,3,auto_recovery_attempted,resend_collect_request,rule_based,True,Mapped upi_collect_expired -> resend_collect_request (assumed success rate 50%),2026-08-23T05:57:01.826042
pay_HvIGwiIAnA25ax,2371.36,upi_collect_expired,1,auto_recovery_attempted,resend_collect_request,rule_based,False,Mapped upi_collect_expired -> resend_collect_request (assumed success rate 50%),2026-08-23T05:57:01.826087
pay_lfjGFeCwJEx7T9,6850.89,payment_declined,1,auto_recovery_attempted,send_reminder,rule_based,False,Mapped payment_declined -> send_reminder (assumed success rate 30%),2026-08-23T05:57:01.826126
pay_i9jRNzCf8bkRks,8070.71,incorrect_pin,2,auto_recovery_attempted,send_reminder,rule_based,False,Mapped incorrect_pin -> send_reminder (assumed success rate 30%),2026-08-23T05:57:01.826163
pay_k4X4vamlRZYhWj,808.98,wallet_service_down,3,auto_recovery_attempted,retry_later_2h,rule_based,True,Mapped wallet_service_down -> retry_later_2h (assumed success rate 55%),2026-08-23T05:57:01.826200
pay_nxYviHYkmTbE8j,371.21,insufficient_balance,3,auto_recovery_attempted,send_reminder,rule_based,True,Mapped insufficient_balance -> send_reminder (assumed success rate 30%),2026-08-23T05:57:01.826255
pay_FTSfHJihrqZWUw,440.79,bank_technical_error,4,escalated_manual_review,escalate_to_human,stopping_rule,False,"Stopping rule triggered: 4 attempts already made, avoiding further automated contact",2026-08-23T05:57:01.826314
pay_b69dfcVb9L9TeB,601.86,insufficient_funds,4,escalated_manual_review,escalate_to_human,stopping_rule,False,"Stopping rule triggered: 4 attempts already made, avoiding further automated contact",2026-08-23T05:57:01.826355
pay_wcXtRTBF2BCseZ,893.24,payment_declined,1,auto_recovery_attempted,send_reminder,rule_based,True,Mapped payment_declined -> send_reminder (assumed success rate 30%),2026-08-23T05:57:01.826393
pay_MVm2hzLeu8Kr22,3171.18,card_declined,4,escalated_manual_review,escalate_to_human,stopping_rule,False,"Stopping rule triggered: 4 attempts already made, avoiding further automated contact",2026-08-23T05:57:01.826435
pay_wU5yxi7SkNPXXG,1524.3,payment_declined,1,auto_recovery_attempted,send_reminder,rule_based,False,Mapped payment_declined -> send_reminder (assumed success rate 30%),2026-08-23T05:57:01.826472
pay_hy5vnPuVj7Yye2,1264.2,insufficient_balance,3,auto_recovery_attempted,send_reminder,rule_based,True,Mapped insufficient_balance -> send_reminder (assumed success rate 30%),2026-08-23T05:57:01.826512
pay_HlhQrQCk89PVqO,2737.88,payment_declined,1,auto_recovery_attempted,send_reminder,rule_based,False,Mapped payment_declined -> send_reminder (assumed success rate 30%),2026-08-23T05:57:01.826552
pay_i7n1pOBLZJhc4n,2223.5,bank_technical_error,4,escalated_manual_review,escalate_to_human,stopping_rule,False,"Stopping rule triggered: 4 attempts already made, avoiding further automated contact",2026-08-23T05:57:01.826594
pay_2h93gC4b9xpcHN,421.8,session_timed_out,2,auto_recovery_attempted,send_reminder,rule_based,True,Mapped session_timed_out -> send_reminder (assumed success rate 30%),2026-08-23T05:57:01.826630
pay_HeCqBasKkcslKp,4052.9,incorrect_otp,3,auto_recovery_attempted,send_reminder,rule_based,False,Mapped incorrect_otp -> send_reminder (assumed success rate 30%),2026-08-23T05:57:01.826671
pay_U8dj7gEQ4rwQ8t,356.33,incorrect_pin,2,auto_recovery_attempted,send_reminder,rule_based,True,Mapped incorrect_pin -> send_reminder (assumed success rate 30%),2026-08-23T05:57:01.826708
pay_MOXN0ZPilYyCkd,654.04,issuer_unavailable,1,auto_recovery_attempted,retry_later_2h,rule_based,True,Mapped issuer_unavailable -> retry_later_2h (assumed success rate 55%),2026-08-23T05:57:01.826752
pay_bCIh3e0nPapO2J,3305.67,incorrect_pin,1,auto_recovery_attempted,send_reminder,rule_based,False,Mapped incorrect_pin -> send_reminder (assumed success rate 30%),2026-08-23T05:57:01.826792
pay_QE0Hpsznxpd0xK,1160.9,payment_declined,1,auto_recovery_attempted,send_reminder,rule_based,True,Mapped payment_declined -> send_reminder (assumed success rate 30%),2026-08-23T05:57:01.826828
pay_WO0hcRUdAeCHBe,1150.31,issuer_unavailable,3,auto_recovery_attempted,retry_later_2h,rule_based,False,Mapped issuer_unavailable -> retry_later_2h (assumed success rate 55%),2026-08-23T05:57:01.826865
pay_rdSxYArHbUuBC6,392.4,upi_collect_expired,4,escalated_manual_review,escalate_to_human,stopping_rule,False,"Stopping rule triggered: 4 attempts already made, avoiding further automated contact",2026-08-23T05:57:01.826906
pay_dcgetZYWIpMzmU,337.89,bank_technical_error,4,escalated_manual_review,escalate_to_human,stopping_rule,False,"Stopping rule triggered: 4 attempts already made, avoiding further automated contact",2026-08-23T05:57:01.826941
pay_cOCSWYyqwDhT22,3242.31,insufficient_funds,1,auto_recovery_attempted,retry_later_24h,rule_based,False,Mapped insufficient_funds -> retry_later_24h (assumed success rate 45%),2026-08-23T05:57:01.826976
pay_XT0OvSZE9qG7qI,378.33,incorrect_pin,3,auto_recovery_attempted,send_reminder,rule_based,False,Mapped incorrect_pin -> send_reminder (assumed success rate 30%),2026-08-23T05:57:01.827013
pay_X55WM8ygiOtPrS,1806.04,payment_declined,4,escalated_manual_review,escalate_to_human,stopping_rule,False,"Stopping rule triggered: 4 attempts already made, avoiding further automated contact",2026-08-23T05:57:01.827060
pay_SUdEuGahQjxLzB,1828.54,incorrect_pin,3,auto_recovery_attempted,send_reminder,rule_based,False,Mapped incorrect_pin -> send_reminder (assumed success rate 30%),2026-08-23T05:57:01.827099
pay_QDfb6udvqQaJCe,1449.46,wallet_service_down,2,auto_recovery_attempted,retry_later_2h,rule_based,False,Mapped wallet_service_down -> retry_later_2h (assumed success rate 55%),2026-08-23T05:57:01.827138
pay_l1dm8owiwmqEQ6,500.35,bank_technical_error,1,auto_recovery_attempted,retry_immediately,rule_based,True,Mapped bank_technical_error -> retry_immediately (assumed success rate 65%),2026-08-23T05:57:01.827196
pay_0jAi1v5BJedP8s,1141.6,insufficient_balance,1,auto_recovery_attempted,send_reminder,rule_based,True,Mapped insufficient_balance -> send_reminder (assumed success rate 30%),2026-08-23T05:57:01.827255
pay_cvK1OnfEOELHsq,301.08,upi_collect_expired,3,auto_recovery_attempted,resend_collect_request,rule_based,True,Mapped upi_collect_expired -> resend_collect_request (assumed success rate 50%),2026-08-23T05:57:01.827314
pay_38NO8o6XVVC4gO,482.36,wallet_service_down,4,escalated_manual_review,escalate_to_human,stopping_rule,False,"Stopping rule triggered: 4 attempts already made, avoiding further automated contact",2026-08-23T05:57:01.827358
pay_Tl6In5a4HG7jLa,1569.64,card_declined,1,auto_recovery_attempted,send_reminder,rule_based,False,Mapped card_declined -> send_reminder (assumed success rate 30%),2026-08-23T05:57:01.827396
pay_yibMYocKhriUQT,346.09,session_timed_out,1,auto_recovery_attempted,send_reminder,rule_based,True,Mapped session_timed_out -> send_reminder (assumed success rate 30%),2026-08-23T05:57:01.827437
pay_OfRBUEL10I8CnE,2706.61,payment_declined,3,auto_recovery_attempted,send_reminder,rule_based,False,Mapped payment_declined -> send_reminder (assumed success rate 30%),2026-08-23T05:57:01.827477
pay_C75QpV9zVrYCkv,4823.35,incorrect_pin,3,auto_recovery_attempted,send_reminder,rule_based,False,Mapped incorrect_pin -> send_reminder (assumed success rate 30%),2026-08-23T05:57:01.827516
pay_hnzoH6EmjCfjLT,249.9,session_timed_out,1,auto_recovery_attempted,send_reminder,rule_based,False,Mapped session_timed_out -> send_reminder (assumed success rate 30%),2026-08-23T05:57:01.827557
pay_R3BlRNXqKvqo93,4455.8,insufficient_funds,3,auto_recovery_attempted,retry_later_24h,rule_based,False,Mapped insufficient_funds -> retry_later_24h (assumed success rate 45%),2026-08-23T05:57:01.827608
pay_dccHqbU2tYBPsq,3043.71,payment_declined,2,auto_recovery_attempted,send_reminder,rule_based,True,Mapped payment_declined -> send_reminder (assumed success rate 30%),2026-08-23T05:57:01.827647
pay_PyzG86Rbi8Xja1,1672.85,card_declined,2,auto_recovery_attempted,send_reminder,rule_based,True,Mapped card_declined -> send_reminder (assumed success rate 30%),2026-08-23T05:57:01.827685
pay_K3fY9KQnJMnS6S,779.98,issuer_unavailable,3,auto_recovery_attempted,retry_later_2h,rule_based,False,Mapped issuer_unavailable -> retry_later_2h (assumed success rate 55%),2026-08-23T05:57:01.827723
pay_L98InJwCI7ahVK,287.54,payment_declined,3,auto_recovery_attempted,send_reminder,rule_based,False,Mapped payment_declined -> send_reminder (assumed success rate 30%),2026-08-23T05:57:01.827761
pay_wwuXrNr1IaK9D1,5706.51,issuer_unavailable,1,auto_recovery_attempted,retry_later_2h,rule_based,False,Mapped issuer_unavailable -> retry_later_2h (assumed success rate 55%),2026-08-23T05:57:01.827797
pay_PwHLclJevn4vnT,1894.62,insufficient_balance,1,auto_recovery_attempted,send_reminder,rule_based,False,Mapped insufficient_balance -> send_reminder (assumed success rate 30%),2026-08-23T05:57:01.827835
pay_Jy6rVqyvGclH5n,4468.46,incorrect_otp,4,escalated_manual_review,escalate_to_human,stopping_rule,False,"Stopping rule triggered: 4 attempts already made, avoiding further automated contact",2026-08-23T05:57:01.827872
pay_M9EJ9t6aUTQlfF,1007.19,emi_not_supported,1,auto_recovery_attempted,suggest_alt_method,rule_based,True,Mapped emi_not_supported -> suggest_alt_method (assumed success rate 40%),2026-08-23T05:57:01.827909
pay_Orz7rXaLb5Eb37,434.61,payment_declined,1,auto_recovery_attempted,send_reminder,rule_based,False,Mapped payment_declined -> send_reminder (assumed success rate 30%),2026-08-23T05:57:01.827947
pay_OZZkaAmSIFangA,3556.69,emi_not_supported,2,auto_recovery_attempted,suggest_alt_method,rule_based,False,Mapped emi_not_supported -> suggest_alt_method (assumed success rate 40%),2026-08-23T05:57:01.827984
pay_V7YppsdVV0QAss,1614.37,incorrect_pin,4,escalated_manual_review,escalate_to_human,stopping_rule,False,"Stopping rule triggered: 4 attempts already made, avoiding further automated contact",2026-08-23T05:57:01.828021
pay_DLMw5IDxK2RYm0,1895.84,incorrect_otp,2,auto_recovery_attempted,send_reminder,rule_based,False,Mapped incorrect_otp -> send_reminder (assumed success rate 30%),2026-08-23T05:57:01.828066
pay_WwuB2BMSHD5s8F,3663.8,insufficient_funds,1,auto_recovery_attempted,retry_later_24h,rule_based,True,Mapped insufficient_funds -> retry_later_24h (assumed success rate 45%),2026-08-23T05:57:01.828106
pay_iLoEEbBRhAXNvu,1950.7,incorrect_otp,1,auto_recovery_attempted,send_reminder,rule_based,False,Mapped incorrect_otp -> send_reminder (assumed success rate 30%),2026-08-23T05:57:01.828145
pay_PnKtzvqaud1AL9,1549.8,incorrect_otp,3,auto_recovery_attempted,send_reminder,rule_based,False,Mapped incorrect_otp -> send_reminder (assumed success rate 30%),2026-08-23T05:57:01.828181
pay_4RNwTwcvyAY4Rk,1253.51,incorrect_pin,4,escalated_manual_review,escalate_to_human,stopping_rule,False,"Stopping rule triggered: 4 attempts already made, avoiding further automated contact",2026-08-23T05:57:01.828265
pay_ltawn07DIjaqBy,1009.87,issuer_unavailable,2,auto_recovery_attempted,retry_later_2h,rule_based,True,Mapped issuer_unavailable -> retry_later_2h (assumed success rate 55%),2026-08-23T05:57:01.828318
pay_7yJRTNUVoLeJrt,1647.53,incorrect_otp,3,auto_recovery_attempted,send_reminder,rule_based,False,Mapped incorrect_otp -> send_reminder (assumed success rate 30%),2026-08-23T05:57:01.828362
pay_u0vGPDGu8IoaQ2,4513.67,bank_technical_error,2,auto_recovery_attempted,retry_immediately,rule_based,True,Mapped bank_technical_error -> retry_immediately (assumed success rate 65%),2026-08-23T05:57:01.828404
pay_i49NucNtJ8peT6,1542.81,card_declined,3,auto_recovery_attempted,send_reminder,rule_based,False,Mapped card_declined -> send_reminder (assumed success rate 30%),2026-08-23T05:57:01.828445
pay_eRbBMudfHu2Ltx,1375.96,issuer_unavailable,3,auto_recovery_attempted,retry_later_2h,rule_based,True,Mapped issuer_unavailable -> retry_later_2h (assumed success rate 55%),2026-08-23T05:57:01.828483
pay_FLp7IR3sgZVtt5,2587.38,insufficient_funds,2,auto_recovery_attempted,retry_later_24h,rule_based,True,Mapped insufficient_funds -> retry_later_24h (assumed success rate 45%),2026-08-23T05:57:01.828523
pay_EJcoBPRVCKSMbR,242.24,incorrect_pin,4,escalated_manual_review,escalate_to_human,stopping_rule,False,"Stopping rule triggered: 4 attempts already made, avoiding further automated contact",2026-08-23T05:57:01.828561
pay_bmIIcjPEldJmGY,13706.53,insufficient_funds,4,escalated_manual_review,escalate_to_human,stopping_rule,False,"Stopping rule triggered: 4 attempts already made, avoiding further automated contact",2026-08-23T05:57:01.828596
pay_2NulAnflx1FFKW,2221.25,insufficient_funds,1,auto_recovery_attempted,retry_later_24h,rule_based,False,Mapped insufficient_funds -> retry_later_24h (assumed success rate 45%),2026-08-23T05:57:01.828629
pay_fXmmMoxuJ1A3Qc,730.59,insufficient_funds,1,auto_recovery_attempted,retry_later_24h,rule_based,False,Mapped insufficient_funds -> retry_later_24h (assumed success rate 45%),2026-08-23T05:57:01.828669
pay_iqYBnrarwRR2Sa,732.13,incorrect_pin,3,auto_recovery_attempted,send_reminder,rule_based,False,Mapped incorrect_pin -> send_reminder (assumed success rate 30%),2026-08-23T05:57:01.828707
pay_vabjROPOX8R8KK,495.76,card_declined,3,auto_recovery_attempted,send_reminder,rule_based,False,Mapped card_declined -> send_reminder (assumed success rate 30%),2026-08-23T05:57:01.828745
pay_lA56TjA3vU7ytA,2704.61,issuer_unavailable,2,auto_recovery_attempted,retry_later_2h,rule_based,False,Mapped issuer_unavailable -> retry_later_2h (assumed success rate 55%),2026-08-23T05:57:01.828782
pay_afPHaIE4CW3hdI,1739.79,payment_declined,4,escalated_manual_review,escalate_to_human,stopping_rule,False,"Stopping rule triggered: 4 attempts already made, avoiding further automated contact",2026-08-23T05:57:01.828826
pay_hyYbXrQ6sD9qIw,2372.41,incorrect_otp,4,escalated_manual_review,escalate_to_human,stopping_rule,False,"Stopping rule triggered: 4 attempts already made, avoiding further automated contact",2026-08-23T05:57:01.828861
pay_911TRSIWqf4d0l,1017.4,payment_declined,1,auto_recovery_attempted,send_reminder,rule_based,False,Mapped payment_declined -> send_reminder (assumed success rate 30%),2026-08-23T05:57:01.828895
pay_75Jvd7lAoak38s,899.58,upi_collect_expired,3,auto_recovery_attempted,resend_collect_request,rule_based,False,Mapped upi_collect_expired -> resend_collect_request (assumed success rate 50%),2026-08-23T05:57:01.828932
pay_JcWRCaJPk3uzG8,1306.6,upi_collect_expired,2,auto_recovery_attempted,resend_collect_request,rule_based,True,Mapped upi_collect_expired -> resend_collect_request (assumed success rate 50%),2026-08-23T05:57:01.828968
pay_1kuJSmaCxMeS33,449.34,incorrect_pin,2,auto_recovery_attempted,send_reminder,rule_based,False,Mapped incorrect_pin -> send_reminder (assumed success rate 30%),2026-08-23T05:57:01.829007
pay_AzvXOaclGBSjlY,1296.15,upi_collect_expired,3,auto_recovery_attempted,resend_collect_request,rule_based,True,Mapped upi_collect_expired -> resend_collect_request (assumed success rate 50%),2026-08-23T05:57:01.829052
pay_lgR5sX9TIidVPw,533.87,bank_technical_error,1,auto_recovery_attempted,retry_immediately,rule_based,False,Mapped bank_technical_error -> retry_immediately (assumed success rate 65%),2026-08-23T05:57:01.829095
pay_3osLrkRlMZVAWt,5164.18,incorrect_otp,1,auto_recovery_attempted,send_reminder,rule_based,False,Mapped incorrect_otp -> send_reminder (assumed success rate 30%),2026-08-23T05:57:01.829136
pay_kJxIenrplDhurz,205.29,upi_collect_expired,2,auto_recovery_attempted,resend_collect_request,rule_based,True,Mapped upi_collect_expired -> resend_collect_request (assumed success rate 50%),2026-08-23T05:57:01.829174
pay_pgqvBiZVbRl3Mp,2660.04,issuer_unavailable,4,escalated_manual_review,escalate_to_human,stopping_rule,False,"Stopping rule triggered: 4 attempts already made, avoiding further automated contact",2026-08-23T05:57:01.829212
pay_HcUXEjL21L5clU,1180.31,upi_collect_expired,1,auto_recovery_attempted,resend_collect_request,rule_based,False,Mapped upi_collect_expired -> resend_collect_request (assumed success rate 50%),2026-08-23T05:57:01.829271
pay_mFVUqzA3OCOSWw,1659.37,insufficient_balance,1,auto_recovery_attempted,send_reminder,rule_based,False,Mapped insufficient_balance -> send_reminder (assumed success rate 30%),2026-08-23T05:57:01.829327
pay_Vjm7pQDRzF7qn4,490.52,bank_technical_error,3,auto_recovery_attempted,retry_immediately,rule_based,True,Mapped bank_technical_error -> retry_immediately (assumed success rate 65%),2026-08-23T05:57:01.829370
pay_Pzx7nV316147XQ,2335.96,card_declined,1,auto_recovery_attempted,send_reminder,rule_based,False,Mapped card_declined -> send_reminder (assumed success rate 30%),2026-08-23T05:57:01.829412
pay_ypCciaOjY50JsX,313.11,incorrect_otp,2,auto_recovery_attempted,send_reminder,rule_based,False,Mapped incorrect_otp -> send_reminder (assumed success rate 30%),2026-08-23T05:57:01.829451
pay_wuFC4N2zxAKnCg,987.46,session_timed_out,1,auto_recovery_attempted,send_reminder,rule_based,True,Mapped session_timed_out -> send_reminder (assumed success rate 30%),2026-08-23T05:57:01.829491
pay_WB1O0fZI3fYw5S,108.8,insufficient_balance,2,auto_recovery_attempted,send_reminder,rule_based,False,Mapped insufficient_balance -> send_reminder (assumed success rate 30%),2026-08-23T05:57:01.829528
pay_8uDvPM0moPDQAk,292.16,card_declined,3,auto_recovery_attempted,send_reminder,rule_based,True,Mapped card_declined -> send_reminder (assumed success rate 30%),2026-08-23T05:57:01.829567
pay_Qun1GRi5GHDvqn,1084.93,incorrect_pin,2,auto_recovery_attempted,send_reminder,rule_based,False,Mapped incorrect_pin -> send_reminder (assumed success rate 30%),2026-08-23T05:57:01.829604
pay_5UrGj7wjo0Skus,159.75,card_declined,2,auto_recovery_attempted,send_reminder,rule_based,False,Mapped card_declined -> send_reminder (assumed success rate 30%),2026-08-23T05:57:01.829641
pay_8oZKDqYEV7VyAB,3295.77,insufficient_balance,1,auto_recovery_attempted,send_reminder,rule_based,False,Mapped insufficient_balance -> send_reminder (assumed success rate 30%),2026-08-23T05:57:01.829678
pay_09RHSDZL6iWCKt,1288.13,payment_declined,2,auto_recovery_attempted,send_reminder,rule_based,False,Mapped payment_declined -> send_reminder (assumed success rate 30%),2026-08-23T05:57:01.829716
pay_wfGrQBHT97YQzR,5024.24,payment_declined,3,auto_recovery_attempted,send_reminder,rule_based,False,Mapped payment_declined -> send_reminder (assumed success rate 30%),2026-08-23T05:57:01.829755
pay_Xyq1dKAnbPhVxJ,3610.88,payment_declined,1,auto_recovery_attempted,send_reminder,rule_based,False,Mapped payment_declined -> send_reminder (assumed success rate 30%),2026-08-23T05:57:01.829794
pay_KzohXFiEY3qj7I,1421.45,payment_declined,3,auto_recovery_attempted,send_reminder,rule_based,False,Mapped payment_declined -> send_reminder (assumed success rate 30%),2026-08-23T05:57:01.829831
pay_O8vlq8Ub0VVsXa,3042.58,incorrect_otp,2,auto_recovery_attempted,send_reminder,rule_based,False,Mapped incorrect_otp -> send_reminder (assumed success rate 30%),2026-08-23T05:57:01.829870
pay_CIU1FWzzSlO7zx,2260.92,insufficient_balance,1,auto_recovery_attempted,send_reminder,rule_based,True,Mapped insufficient_balance -> send_reminder (assumed success rate 30%),2026-08-23T05:57:01.829907
pay_S4zssdFrkeNO0F,97.74,insufficient_funds,4,escalated_manual_review,escalate_to_human,stopping_rule,False,"Stopping rule triggered: 4 attempts already made, avoiding further automated contact",2026-08-23T05:57:01.829947
pay_WPs91ycSdIW4pm,342.92,incorrect_pin,4,escalated_manual_review,escalate_to_human,stopping_rule,False,"Stopping rule triggered: 4 attempts already made, avoiding further automated contact",2026-08-23T05:57:01.829981
pay_9UvgIRQpMNogxa,1229.84,payment_declined,4,escalated_manual_review,escalate_to_human,stopping_rule,False,"Stopping rule triggered: 4 attempts already made, avoiding further automated contact",2026-08-23T05:57:01.830015
pay_q3TqkWQ66HTdHu,52.36,incorrect_otp,4,escalated_manual_review,escalate_to_human,stopping_rule,False,"Stopping rule triggered: 4 attempts already made, avoiding further automated contact",2026-08-23T05:57:01.830061
pay_zqgWubEjDJ2OxZ,6302.36,issuer_unavailable,3,auto_recovery_attempted,retry_later_2h,rule_based,False,Mapped issuer_unavailable -> retry_later_2h (assumed success rate 55%),2026-08-23T05:57:01.830099
pay_ahdbSG2JnoPYtk,1354.44,insufficient_funds,2,auto_recovery_attempted,retry_later_24h,rule_based,True,Mapped insufficient_funds -> retry_later_24h (assumed success rate 45%),2026-08-23T05:57:01.830138
pay_uhQ4Uxi91mO5eH,7587.34,card_declined,3,auto_recovery_attempted,send_reminder,rule_based,True,Mapped card_declined -> send_reminder (assumed success rate 30%),2026-08-23T05:57:01.830177
pay_zoE0EfW1pjbcCq,1761.17,card_declined,3,auto_recovery_attempted,send_reminder,rule_based,True,Mapped card_declined -> send_reminder (assumed success rate 30%),2026-08-23T05:57:01.830216
pay_9vy3hwnYmRyKaI,3144.67,payment_declined,3,auto_recovery_attempted,send_reminder,rule_based,False,Mapped payment_declined -> send_reminder (assumed success rate 30%),2026-08-23T05:57:01.830285
pay_8aWubH5msEbEvD,942.84,card_declined,3,auto_recovery_attempted,send_reminder,rule_based,False,Mapped card_declined -> send_reminder (assumed success rate 30%),2026-08-23T05:57:01.830346
pay_sLG9V04fIQPEHt,1363.92,insufficient_funds,2,auto_recovery_attempted,retry_later_24h,rule_based,False,Mapped insufficient_funds -> retry_later_24h (assumed success rate 45%),2026-08-23T05:57:01.830389
pay_jrqc16c3J6jpYZ,1322.15,upi_collect_expired,4,escalated_manual_review,escalate_to_human,stopping_rule,False,"Stopping rule triggered: 4 attempts already made, avoiding further automated contact",2026-08-23T05:57:01.830429
pay_RK2bzLh3DmyPi5,1446.4,upi_collect_expired,3,auto_recovery_attempted,resend_collect_request,rule_based,True,Mapped upi_collect_expired -> resend_collect_request (assumed success rate 50%),2026-08-23T05:57:01.830466
pay_Is0gs9WmxNdZ5w,2478.02,upi_collect_expired,1,auto_recovery_attempted,resend_collect_request,rule_based,True,Mapped upi_collect_expired -> resend_collect_request (assumed success rate 50%),2026-08-23T05:57:01.830504
pay_uwCkeoDGSr0eY7,3315.59,incorrect_pin,3,auto_recovery_attempted,send_reminder,rule_based,False,Mapped incorrect_pin -> send_reminder (assumed success rate 30%),2026-08-23T05:57:01.830542
pay_zVlnuYv3fKHae3,5285.25,insufficient_funds,3,auto_recovery_attempted,retry_later_24h,rule_based,False,Mapped insufficient_funds -> retry_later_24h (assumed success rate 45%),2026-08-23T05:57:01.830579
pay_mGtlUzbTloCNUq,2334.66,incorrect_otp,3,auto_recovery_attempted,send_reminder,rule_based,False,Mapped incorrect_otp -> send_reminder (assumed success rate 30%),2026-08-23T05:57:01.830616
pay_lB7kr5Jkd0KnCV,2482.34,payment_declined,3,auto_recovery_attempted,send_reminder,rule_based,False,Mapped payment_declined -> send_reminder (assumed success rate 30%),2026-08-23T05:57:01.830655
pay_UGAVWZh6mXKZst,1214.39,session_timed_out,4,escalated_manual_review,escalate_to_human,stopping_rule,False,"Stopping rule triggered: 4 attempts already made, avoiding further automated contact",2026-08-23T05:57:01.830691
pay_syT2IMSG0SPNoW,2274.54,wallet_service_down,3,auto_recovery_attempted,retry_later_2h,rule_based,False,Mapped wallet_service_down -> retry_later_2h (assumed success rate 55%),2026-08-23T05:57:01.830731
pay_A8LYZboNzjtzuq,553.61,payment_declined,4,escalated_manual_review,escalate_to_human,stopping_rule,False,"Stopping rule triggered: 4 attempts already made, avoiding further automated contact",2026-08-23T05:57:01.830771
pay_WnkLDSkZL1I1q9,1427.64,insufficient_funds,1,auto_recovery_attempted,retry_later_24h,rule_based,False,Mapped insufficient_funds -> retry_later_24h (assumed success rate 45%),2026-08-23T05:57:01.830806
pay_R8ZOygvrFkIfgO,4482.06,insufficient_funds,1,auto_recovery_attempted,retry_later_24h,rule_based,True,Mapped insufficient_funds -> retry_later_24h (assumed success rate 45%),2026-08-23T05:57:01.830845
pay_7klfM0yldX511N,966.6,session_timed_out,3,auto_recovery_attempted,send_reminder,rule_based,True,Mapped session_timed_out -> send_reminder (assumed success rate 30%),2026-08-23T05:57:01.830882
pay_EXmTjAN7oEXn4L,3824.31,wallet_service_down,4,escalated_manual_review,escalate_to_human,stopping_rule,False,"Stopping rule triggered: 4 attempts already made, avoiding further automated contact",2026-08-23T05:57:01.830920
pay_62wLFJndrmc3G5,6721.75,session_timed_out,3,auto_recovery_attempted,send_reminder,rule_based,False,Mapped session_timed_out -> send_reminder (assumed success rate 30%),2026-08-23T05:57:01.830955
pay_uIRUYJ2Wht9PnI,4343.78,card_declined,1,auto_recovery_attempted,send_reminder,rule_based,True,Mapped card_declined -> send_reminder (assumed success rate 30%),2026-08-23T05:57:01.830993
pay_8tEpRPgIl3vd1J,117.43,session_timed_out,2,auto_recovery_attempted,send_reminder,rule_based,False,Mapped session_timed_out -> send_reminder (assumed success rate 30%),2026-08-23T05:57:01.831028
pay_DL0L6tn6cKu273,1181.45,upi_collect_expired,4,escalated_manual_review,escalate_to_human,stopping_rule,False,"Stopping rule triggered: 4 attempts already made, avoiding further automated contact",2026-08-23T05:57:01.831079
pay_7Gs2vsJ5ZsFbGy,1137.94,incorrect_otp,4,escalated_manual_review,escalate_to_human,stopping_rule,False,"Stopping rule triggered: 4 attempts already made, avoiding further automated contact",2026-08-23T05:57:01.831119
pay_jLEDvwKn7vSmtd,407.61,insufficient_funds,4,escalated_manual_review,escalate_to_human,stopping_rule,False,"Stopping rule triggered: 4 attempts already made, avoiding further automated contact",2026-08-23T05:57:01.831153
pay_9PwrQNJH6pj4bT,1291.1,session_timed_out,1,auto_recovery_attempted,send_reminder,rule_based,False,Mapped session_timed_out -> send_reminder (assumed success rate 30%),2026-08-23T05:57:01.831189
pay_LXrP7HqGB9kJ8K,713.51,incorrect_otp,4,escalated_manual_review,escalate_to_human,stopping_rule,False,"Stopping rule triggered: 4 attempts already made, avoiding further automated contact",2026-08-23T05:57:01.831227
pay_CaNoPbKBNDV7ik,2569.82,bank_technical_error,3,auto_recovery_attempted,retry_immediately,rule_based,False,Mapped bank_technical_error -> retry_immediately (assumed success rate 65%),2026-08-23T05:57:01.831295
pay_8Kc71rnTEZkML7,9948.7,issuer_unavailable,1,auto_recovery_attempted,retry_later_2h,rule_based,False,Mapped issuer_unavailable -> retry_later_2h (assumed success rate 55%),2026-08-23T05:57:01.831342
pay_5kFTBq2DimOk5w,3704.21,incorrect_pin,4,escalated_manual_review,escalate_to_human,stopping_rule,False,"Stopping rule triggered: 4 attempts already made, avoiding further automated contact",2026-08-23T05:57:01.831385
pay_oV0hjVOEC9TRzz,1060.46,upi_collect_expired,4,escalated_manual_review,escalate_to_human,stopping_rule,False,"Stopping rule triggered: 4 attempts already made, avoiding further automated contact",2026-08-23T05:57:01.831423
pay_SQY6sqaBpD8sBx,3107.2,insufficient_balance,1,auto_recovery_attempted,send_reminder,rule_based,False,Mapped insufficient_balance -> send_reminder (assumed success rate 30%),2026-08-23T05:57:01.831461
pay_xfMBVDWu0kUY18,617.1,incorrect_otp,1,auto_recovery_attempted,send_reminder,rule_based,False,Mapped incorrect_otp -> send_reminder (assumed success rate 30%),2026-08-23T05:57:01.831501
pay_1j2jZ9MBqaVUlZ,1837.33,incorrect_pin,4,escalated_manual_review,escalate_to_human,stopping_rule,False,"Stopping rule triggered: 4 attempts already made, avoiding further automated contact",2026-08-23T05:57:01.831540
pay_ckVwkRSUMHapQD,503.48,incorrect_pin,1,auto_recovery_attempted,send_reminder,rule_based,False,Mapped incorrect_pin -> send_reminder (assumed success rate 30%),2026-08-23T05:57:01.831576
pay_yTnyjWjc9sKLHw,1629.8,incorrect_otp,2,auto_recovery_attempted,send_reminder,rule_based,False,Mapped incorrect_otp -> send_reminder (assumed success rate 30%),2026-08-23T05:57:01.831614
pay_TjSDaZ8s50EPTJ,67.59,payment_declined,1,auto_recovery_attempted,send_reminder,rule_based,False,Mapped payment_declined -> send_reminder (assumed success rate 30%),2026-08-23T05:57:01.831652
pay_eD3eXk8cOXnqfl,439.04,insufficient_balance,4,escalated_manual_review,escalate_to_human,stopping_rule,False,"Stopping rule triggered: 4 attempts already made, avoiding further automated contact",2026-08-23T05:57:01.831689
pay_9D7X9tvlc4tkX6,1779.14,incorrect_pin,1,auto_recovery_attempted,send_reminder,rule_based,False,Mapped incorrect_pin -> send_reminder (assumed success rate 30%),2026-08-23T05:57:01.831724
pay_pAKnManW5Q4vGE,1026.0,card_declined,4,escalated_manual_review,escalate_to_human,stopping_rule,False,"Stopping rule triggered: 4 attempts already made, avoiding further automated contact",2026-08-23T05:57:01.831762
pay_1JTbrZiaEbGYGd,2036.62,card_declined,4,escalated_manual_review,escalate_to_human,stopping_rule,False,"Stopping rule triggered: 4 attempts already made, avoiding further automated contact",2026-08-23T05:57:01.831798
pay_U5L3hcbxbNsYVw,640.36,incorrect_pin,4,escalated_manual_review,escalate_to_human,stopping_rule,False,"Stopping rule triggered: 4 attempts already made, avoiding further automated contact",2026-08-23T05:57:01.831832
pay_PSy9MCWwc1rWla,1433.49,card_declined,4,escalated_manual_review,escalate_to_human,stopping_rule,False,"Stopping rule triggered: 4 attempts already made, avoiding further automated contact",2026-08-23T05:57:01.831868
pay_520YHzfDte4Tas,2069.26,incorrect_pin,1,auto_recovery_attempted,send_reminder,rule_based,False,Mapped incorrect_pin -> send_reminder (assumed success rate 30%),2026-08-23T05:57:01.831902
pay_eaE0eKOXBP9Ggq,868.53,incorrect_otp,3,auto_recovery_attempted,send_reminder,rule_based,False,Mapped incorrect_otp -> send_reminder (assumed success rate 30%),2026-08-23T05:57:01.831940
pay_3T4Ww8SS7z2QmS,4512.6,card_declined,2,auto_recovery_attempted,send_reminder,rule_based,False,Mapped card_declined -> send_reminder (assumed success rate 30%),2026-08-23T05:57:01.831977
pay_OjTKwdVxx1Bwru,175.98,emi_not_supported,3,auto_recovery_attempted,suggest_alt_method,rule_based,False,Mapped emi_not_supported -> suggest_alt_method (assumed success rate 40%),2026-08-23T05:57:01.832014
pay_lWIuiZwiXLHnAO,1252.15,card_declined,2,auto_recovery_attempted,send_reminder,rule_based,False,Mapped card_declined -> send_reminder (assumed success rate 30%),2026-08-23T05:57:01.832060
pay_x8cG3owxR7JjtJ,942.87,incorrect_otp,1,auto_recovery_attempted,send_reminder,rule_based,False,Mapped incorrect_otp -> send_reminder (assumed success rate 30%),2026-08-23T05:57:01.832105
pay_8MS8H4FzIkl8PA,253.89,payment_declined,2,auto_recovery_attempted,send_reminder,rule_based,True,Mapped payment_declined -> send_reminder (assumed success rate 30%),2026-08-23T05:57:01.832143
pay_MnFZ2kR7j2RXqs,3486.6,upi_collect_expired,1,auto_recovery_attempted,resend_collect_request,rule_based,True,Mapped upi_collect_expired -> resend_collect_request (assumed success rate 50%),2026-08-23T05:57:01.832192
pay_XfKJVKugTBQIr5,153.1,payment_declined,4,escalated_manual_review,escalate_to_human,stopping_rule,False,"Stopping rule triggered: 4 attempts already made, avoiding further automated contact",2026-08-23T05:57:01.832279
pay_TdVYFZ1OKS6NsJ,1659.63,insufficient_funds,1,auto_recovery_attempted,retry_later_24h,rule_based,True,Mapped insufficient_funds -> retry_later_24h (assumed success rate 45%),2026-08-23T05:57:01.832331
pay_dD8oggnNWgzNwE,339.17,payment_declined,2,auto_recovery_attempted,send_reminder,rule_based,True,Mapped payment_declined -> send_reminder (assumed success rate 30%),2026-08-23T05:57:01.832376
pay_RACSLLPuAQHlpb,566.88,bank_technical_error,2,auto_recovery_attempted,retry_immediately,rule_based,True,Mapped bank_technical_error -> retry_immediately (assumed success rate 65%),2026-08-23T05:57:01.832417
pay_tNc3x7K0Vs5WaQ,989.64,insufficient_funds,2,auto_recovery_attempted,retry_later_24h,rule_based,True,Mapped insufficient_funds -> retry_later_24h (assumed success rate 45%),2026-08-23T05:57:01.832457
pay_q1MGtMySYxNoGR,1273.2,wallet_service_down,3,auto_recovery_attempted,retry_later_2h,rule_based,True,Mapped wallet_service_down -> retry_later_2h (assumed success rate 55%),2026-08-23T05:57:01.832497
pay_HpvH92lTf4OBsu,195.76,payment_declined,2,auto_recovery_attempted,send_reminder,rule_based,True,Mapped payment_declined -> send_reminder (assumed success rate 30%),2026-08-23T05:57:01.832536
pay_D93vwSGuqhDCIj,1595.39,card_declined,3,auto_recovery_attempted,send_reminder,rule_based,False,Mapped card_declined -> send_reminder (assumed success rate 30%),2026-08-23T05:57:01.832574
pay_iulGcspaVzAxug,1262.24,incorrect_otp,2,auto_recovery_attempted,send_reminder,rule_based,False,Mapped incorrect_otp -> send_reminder (assumed success rate 30%),2026-08-23T05:57:01.832612
pay_pr6E12rWJt6DQ8,1825.29,upi_collect_expired,3,auto_recovery_attempted,resend_collect_request,rule_based,True,Mapped upi_collect_expired -> resend_collect_request (assumed success rate 50%),2026-08-23T05:57:01.832650
pay_AUgqZKupwkrx5S,579.41,bank_technical_error,4,escalated_manual_review,escalate_to_human,stopping_rule,False,"Stopping rule triggered: 4 attempts already made, avoiding further automated contact",2026-08-23T05:57:01.832689
pay_uXYkxe80ImHnGu,2554.9,emi_not_supported,2,auto_recovery_attempted,suggest_alt_method,rule_based,False,Mapped emi_not_supported -> suggest_alt_method (assumed success rate 40%),2026-08-23T05:57:01.832726
pay_tTWP1RSaS84oIu,8190.76,session_timed_out,4,escalated_manual_review,escalate_to_human,stopping_rule,False,"Stopping rule triggered: 4 attempts already made, avoiding further automated contact",2026-08-23T05:57:01.832765
pay_mzgz9WOAxPlihz,1135.54,insufficient_funds,2,auto_recovery_attempted,retry_later_24h,rule_based,True,Mapped insufficient_funds -> retry_later_24h (assumed success rate 45%),2026-08-23T05:57:01.832804
pay_HZy243Za2FZsSc,1791.09,session_timed_out,1,auto_recovery_attempted,send_reminder,rule_based,False,Mapped session_timed_out -> send_reminder (assumed success rate 30%),2026-08-23T05:57:01.832843
pay_qWL2RUQo4SVlbH,4609.59,upi_collect_expired,3,auto_recovery_attempted,resend_collect_request,rule_based,False,Mapped upi_collect_expired -> resend_collect_request (assumed success rate 50%),2026-08-23T05:57:01.832880
pay_MznXxg1zJ1wWz4,341.52,issuer_unavailable,1,auto_recovery_attempted,retry_later_2h,rule_based,True,Mapped issuer_unavailable -> retry_later_2h (assumed success rate 55%),2026-08-23T05:57:01.832919
pay_POjwinVwyY14dp,3328.96,insufficient_funds,2,auto_recovery_attempted,retry_later_24h,rule_based,True,Mapped insufficient_funds -> retry_later_24h (assumed success rate 45%),2026-08-23T05:57:01.832956
pay_UgdbaZxgvVzggQ,2400.29,incorrect_otp,3,auto_recovery_attempted,send_reminder,rule_based,False,Mapped incorrect_otp -> send_reminder (assumed success rate 30%),2026-08-23T05:57:01.832994
pay_nsuBXINsAXMyVl,1519.39,insufficient_funds,3,auto_recovery_attempted,retry_later_24h,rule_based,False,Mapped insufficient_funds -> retry_later_24h (assumed success rate 45%),2026-08-23T05:57:01.833038
pay_HgL3DZbhZSm1YG,1815.56,incorrect_otp,3,auto_recovery_attempted,send_reminder,rule_based,False,Mapped incorrect_otp -> send_reminder (assumed success rate 30%),2026-08-23T05:57:01.833083
pay_MD8qyS4Tt382wi,2297.48,insufficient_funds,1,auto_recovery_attempted,retry_later_24h,rule_based,False,Mapped insufficient_funds -> retry_later_24h (assumed success rate 45%),2026-08-23T05:57:01.833123
pay_cyIvePys7MKWSc,6075.27,session_timed_out,1,auto_recovery_attempted,send_reminder,rule_based,True,Mapped session_timed_out -> send_reminder (assumed success rate 30%),2026-08-23T05:57:01.833162
pay_7vlaXZIH7UirFe,1086.78,upi_collect_expired,1,auto_recovery_attempted,resend_collect_request,rule_based,False,Mapped upi_collect_expired -> resend_collect_request (assumed success rate 50%),2026-08-23T05:57:01.833200
pay_b4PTwNowDbhRSn,486.97,emi_not_supported,4,escalated_manual_review,escalate_to_human,stopping_rule,False,"Stopping rule triggered: 4 attempts already made, avoiding further automated contact",2026-08-23T05:57:01.833255
pay_yX3lDvfWambtW4,164.81,wallet_service_down,3,auto_recovery_attempted,retry_later_2h,rule_based,True,Mapped wallet_service_down -> retry_later_2h (assumed success rate 55%),2026-08-23T05:57:01.833305
pay_vsaQvN6FzwomUN,887.14,session_timed_out,1,auto_recovery_attempted,send_reminder,rule_based,False,Mapped session_timed_out -> send_reminder (assumed success rate 30%),2026-08-23T05:57:01.833348
pay_2lnLGiqnIKsVRH,2092.16,incorrect_otp,2,auto_recovery_attempted,send_reminder,rule_based,False,Mapped incorrect_otp -> send_reminder (assumed success rate 30%),2026-08-23T05:57:01.833387
pay_pcoa55W0Vo1cIQ,387.79,wallet_service_down,2,auto_recovery_attempted,retry_later_2h,rule_based,False,Mapped wallet_service_down -> retry_later_2h (assumed success rate 55%),2026-08-23T05:57:01.833426
pay_jDuFOcTyyPrqmG,129.57,upi_collect_expired,1,auto_recovery_attempted,resend_collect_request,rule_based,False,Mapped upi_collect_expired -> resend_collect_request (assumed success rate 50%),2026-08-23T05:57:01.833465
pay_mlUaczvgOq9QcX,1480.07,insufficient_funds,1,auto_recovery_attempted,retry_later_24h,rule_based,True,Mapped insufficient_funds -> retry_later_24h (assumed success rate 45%),2026-08-23T05:57:01.833503
pay_k0ROVxRRuvAU7b,248.04,wallet_service_down,2,auto_recovery_attempted,retry_later_2h,rule_based,True,Mapped wallet_service_down -> retry_later_2h (assumed success rate 55%),2026-08-23T05:57:01.833541
pay_C3kXOfWYlreWRl,1552.29,session_timed_out,1,auto_recovery_attempted,send_reminder,rule_based,True,Mapped session_timed_out -> send_reminder (assumed success rate 30%),2026-08-23T05:57:01.833578
pay_7ztKzub4L1CKeH,92.24,issuer_unavailable,2,auto_recovery_attempted,retry_later_2h,rule_based,True,Mapped issuer_unavailable -> retry_later_2h (assumed success rate 55%),2026-08-23T05:57:01.833631
pay_FGxPTTCCHmnhUd,2540.02,payment_declined,1,auto_recovery_attempted,send_reminder,rule_based,False,Mapped payment_declined -> send_reminder (assumed success rate 30%),2026-08-23T05:57:01.833669
pay_kCwqV2wzpWwq7e,2322.15,bank_technical_error,3,auto_recovery_attempted,retry_immediately,rule_based,True,Mapped bank_technical_error -> retry_immediately (assumed success rate 65%),2026-08-23T05:57:01.833707
pay_ScIBGuHPHlBUGD,281.04,upi_collect_expired,2,auto_recovery_attempted,resend_collect_request,rule_based,True,Mapped upi_collect_expired -> resend_collect_request (assumed success rate 50%),2026-08-23T05:57:01.833744
pay_1FYDEcvXZKi4LE,1131.36,upi_collect_expired,1,auto_recovery_attempted,resend_collect_request,rule_based,False,Mapped upi_collect_expired -> resend_collect_request (assumed success rate 50%),2026-08-23T05:57:01.833780
pay_PBu7AJQlV3v5BB,460.24,issuer_unavailable,2,auto_recovery_attempted,retry_later_2h,rule_based,False,Mapped issuer_unavailable -> retry_later_2h (assumed success rate 55%),2026-08-23T05:57:01.833817
pay_kUgHfIVCx1DOyT,740.59,card_declined,3,auto_recovery_attempted,send_reminder,rule_based,False,Mapped card_declined -> send_reminder (assumed success rate 30%),2026-08-23T05:57:01.833854
pay_Ga2PDnm8tXa8gl,244.58,wallet_service_down,2,auto_recovery_attempted,retry_later_2h,rule_based,False,Mapped wallet_service_down -> retry_later_2h (assumed success rate 55%),2026-08-23T05:57:01.833893
pay_G6Qxg7AMFlFOst,105.09,payment_declined,1,auto_recovery_attempted,send_reminder,rule_based,True,Mapped payment_declined -> send_reminder (assumed success rate 30%),2026-08-23T05:57:01.833929
pay_F7jc7NPK0h0xFF,359.7,insufficient_funds,1,auto_recovery_attempted,retry_later_24h,rule_based,True,Mapped insufficient_funds -> retry_later_24h (assumed success rate 45%),2026-08-23T05:57:01.833964
pay_O3GlUqnhTlr6qr,2423.73,session_timed_out,2,auto_recovery_attempted,send_reminder,rule_based,False,Mapped session_timed_out -> send_reminder (assumed success rate 30%),2026-08-23T05:57:01.834000
pay_hqG3SIO6R8FDZO,2915.26,insufficient_funds,4,escalated_manual_review,escalate_to_human,stopping_rule,False,"Stopping rule triggered: 4 attempts already made, avoiding further automated contact",2026-08-23T05:57:01.834043
pay_tTQ8jwghwFZC94,2212.62,issuer_unavailable,4,escalated_manual_review,escalate_to_human,stopping_rule,False,"Stopping rule triggered: 4 attempts already made, avoiding further automated contact",2026-08-23T05:57:01.834084
pay_C6bp9mfs3hAwxt,486.24,card_declined,4,escalated_manual_review,escalate_to_human,stopping_rule,False,"Stopping rule triggered: 4 attempts already made, avoiding further automated contact",2026-08-23T05:57:01.834120
pay_GwzV0WCh078mf4,321.7,bank_technical_error,3,auto_recovery_attempted,retry_immediately,rule_based,False,Mapped bank_technical_error -> retry_immediately (assumed success rate 65%),2026-08-23T05:57:01.834156
pay_L9mggTk9XDOAYG,90.04,incorrect_otp,1,auto_recovery_attempted,send_reminder,rule_based,True,Mapped incorrect_otp -> send_reminder (assumed success rate 30%),2026-08-23T05:57:01.834198
pay_NWFLTU48zXCmML,2261.19,payment_declined,4,escalated_manual_review,escalate_to_human,stopping_rule,False,"Stopping rule triggered: 4 attempts already made, avoiding further automated contact",2026-08-23T05:57:01.834256
pay_Q3mPmYI9gcTHcO,4258.25,insufficient_balance,3,auto_recovery_attempted,send_reminder,rule_based,False,Mapped insufficient_balance -> send_reminder (assumed success rate 30%),2026-08-23T05:57:01.834310
pay_29Jx803QQm3MjJ,1231.93,insufficient_funds,2,auto_recovery_attempted,retry_later_24h,rule_based,True,Mapped insufficient_funds -> retry_later_24h (assumed success rate 45%),2026-08-23T05:57:01.834354
pay_dfGRbFQqNGnCRG,4239.43,incorrect_otp,3,auto_recovery_attempted,send_reminder,rule_based,True,Mapped incorrect_otp -> send_reminder (assumed success rate 30%),2026-08-23T05:57:01.834396
pay_GiDDaN8EQzmvJ5,1010.13,card_declined,1,auto_recovery_attempted,send_reminder,rule_based,False,Mapped card_declined -> send_reminder (assumed success rate 30%),2026-08-23T05:57:01.834434
pay_XRi51gKgj9xzLR,662.11,insufficient_funds,4,escalated_manual_review,escalate_to_human,stopping_rule,False,"Stopping rule triggered: 4 attempts already made, avoiding further automated contact",2026-08-23T05:57:01.834471
pay_T1fDLUbXuCi5uE,1151.61,issuer_unavailable,3,auto_recovery_attempted,retry_later_2h,rule_based,False,Mapped issuer_unavailable -> retry_later_2h (assumed success rate 55%),2026-08-23T05:57:01.834506
pay_hCnCbx4HIcjq4M,1882.0,insufficient_funds,1,auto_recovery_attempted,retry_later_24h,rule_based,False,Mapped insufficient_funds -> retry_later_24h (assumed success rate 45%),2026-08-23T05:57:01.834543
pay_ACyn4DU1gIJGcU,388.95,upi_collect_expired,1,auto_recovery_attempted,resend_collect_request,rule_based,True,Mapped upi_collect_expired -> resend_collect_request (assumed success rate 50%),2026-08-23T05:57:01.834581
pay_E89JqdWa2ilAgN,3032.23,incorrect_pin,1,auto_recovery_attempted,send_reminder,rule_based,False,Mapped incorrect_pin -> send_reminder (assumed success rate 30%),2026-08-23T05:57:01.834619
pay_psvg6uos0xRF6W,3395.42,issuer_unavailable,1,auto_recovery_attempted,retry_later_2h,rule_based,True,Mapped issuer_unavailable -> retry_later_2h (assumed success rate 55%),2026-08-23T05:57:01.834658
pay_nixTgNUBis7jvj,2771.62,issuer_unavailable,3,auto_recovery_attempted,retry_later_2h,rule_based,True,Mapped issuer_unavailable -> retry_later_2h (assumed success rate 55%),2026-08-23T05:57:01.834697
pay_nDPsRBIW1YnUMW,682.29,session_timed_out,2,auto_recovery_attempted,send_reminder,rule_based,False,Mapped session_timed_out -> send_reminder (assumed success rate 30%),2026-08-23T05:57:01.834738
pay_d5SeBfj9dqGTqY,4361.7,issuer_unavailable,2,auto_recovery_attempted,retry_later_2h,rule_based,False,Mapped issuer_unavailable -> retry_later_2h (assumed success rate 55%),2026-08-23T05:57:01.834775
pay_MEDTi9NxzIOERD,597.48,upi_collect_expired,4,escalated_manual_review,escalate_to_human,stopping_rule,False,"Stopping rule triggered: 4 attempts already made, avoiding further automated contact",2026-08-23T05:57:01.834813
pay_9joBxUh0nG9thR,954.9,upi_collect_expired,4,escalated_manual_review,escalate_to_human,stopping_rule,False,"Stopping rule triggered: 4 attempts already made, avoiding further automated contact",2026-08-23T05:57:01.834848
pay_1drxQic43cumS8,2724.6,incorrect_otp,4,escalated_manual_review,escalate_to_human,stopping_rule,False,"Stopping rule triggered: 4 attempts already made, avoiding further automated contact",2026-08-23T05:57:01.834886
pay_oyFIO2aVOWRIC1,773.5,wallet_service_down,1,auto_recovery_attempted,retry_later_2h,rule_based,False,Mapped wallet_service_down -> retry_later_2h (assumed success rate 55%),2026-08-23T05:57:01.834920
pay_NopHhcrh5DygRq,5222.62,incorrect_pin,4,escalated_manual_review,escalate_to_human,stopping_rule,False,"Stopping rule triggered: 4 attempts already made, avoiding further automated contact",2026-08-23T05:57:01.834958
pay_JOLHXfEEcIHGvz,2020.37,upi_collect_expired,3,auto_recovery_attempted,resend_collect_request,rule_based,False,Mapped upi_collect_expired -> resend_collect_request (assumed success rate 50%),2026-08-23T05:57:01.834994
pay_TsbuE4o8eYFHTA,779.25,insufficient_funds,3,auto_recovery_attempted,retry_later_24h,rule_based,False,Mapped insufficient_funds -> retry_later_24h (assumed success rate 45%),2026-08-23T05:57:01.835037
pay_w7B0u0neUFGQXa,1704.69,insufficient_funds,4,escalated_manual_review,escalate_to_human,stopping_rule,False,"Stopping rule triggered: 4 attempts already made, avoiding further automated contact",2026-08-23T05:57:01.835082
pay_lH2BIz47Wl96wV,224.59,payment_declined,2,auto_recovery_attempted,send_reminder,rule_based,False,Mapped payment_declined -> send_reminder (assumed success rate 30%),2026-08-23T05:57:01.835119
pay_IUMGy1yJzSMYg0,1061.23,bank_technical_error,3,auto_recovery_attempted,retry_immediately,rule_based,True,Mapped bank_technical_error -> retry_immediately (assumed success rate 65%),2026-08-23T05:57:01.835157
pay_sWN5UDq1krEGkX,985.9,upi_collect_expired,1,auto_recovery_attempted,resend_collect_request,rule_based,True,Mapped upi_collect_expired -> resend_collect_request (assumed success rate 50%),2026-08-23T05:57:01.835197
pay_jZPOa4NLjyWArQ,748.03,payment_declined,4,escalated_manual_review,escalate_to_human,stopping_rule,False,"Stopping rule triggered: 4 attempts already made, avoiding further automated contact",2026-08-23T05:57:01.835250
pay_ghA0PQKWLN1J5L,2829.26,incorrect_otp,2,auto_recovery_attempted,send_reminder,rule_based,False,Mapped incorrect_otp -> send_reminder (assumed success rate 30%),2026-08-23T05:57:01.835304
pay_5M8UStgJKreZNv,1920.42,upi_collect_expired,4,escalated_manual_review,escalate_to_human,stopping_rule,False,"Stopping rule triggered: 4 attempts already made, avoiding further automated contact",2026-08-23T05:57:01.835347
pay_jn6UDOKonjeq78,1620.44,emi_not_supported,2,auto_recovery_attempted,suggest_alt_method,rule_based,True,Mapped emi_not_supported -> suggest_alt_method (assumed success rate 40%),2026-08-23T05:57:01.835383
pay_rXkT34baBSWZcb,292.14,incorrect_pin,4,escalated_manual_review,escalate_to_human,stopping_rule,False,"Stopping rule triggered: 4 attempts already made, avoiding further automated contact",2026-08-23T05:57:01.835422
pay_Wxu4utwtA4WnxZ,2880.25,incorrect_otp,4,escalated_manual_review,escalate_to_human,stopping_rule,False,"Stopping rule triggered: 4 attempts already made, avoiding further automated contact",2026-08-23T05:57:01.835463
pay_qkEl9ofjjuWFEQ,837.94,incorrect_pin,2,auto_recovery_attempted,send_reminder,rule_based,False,Mapped incorrect_pin -> send_reminder (assumed success rate 30%),2026-08-23T05:57:01.835498
pay_t25D3G0uIX4X9z,721.54,payment_declined,2,auto_recovery_attempted,send_reminder,rule_based,False,Mapped payment_declined -> send_reminder (assumed success rate 30%),2026-08-23T05:57:01.835537
pay_jz9gilyQ9hbIHb,847.37,incorrect_otp,3,auto_recovery_attempted,send_reminder,rule_based,True,Mapped incorrect_otp -> send_reminder (assumed success rate 30%),2026-08-23T05:57:01.835576
pay_IEM1AqWyBRbvFm,3525.0,payment_declined,4,escalated_manual_review,escalate_to_human,stopping_rule,False,"Stopping rule triggered: 4 attempts already made, avoiding further automated contact",2026-08-23T05:57:01.835613
pay_T7gM7o7tifrhKr,6740.83,session_timed_out,1,auto_recovery_attempted,send_reminder,rule_based,True,Mapped session_timed_out -> send_reminder (assumed success rate 30%),2026-08-23T05:57:01.835648
pay_DG6CvGzbhwKjol,991.27,incorrect_pin,2,auto_recovery_attempted,send_reminder,rule_based,False,Mapped incorrect_pin -> send_reminder (assumed success rate 30%),2026-08-23T05:57:01.835686
pay_3iNuSbhEkS8iEG,677.98,incorrect_pin,1,auto_recovery_attempted,send_reminder,rule_based,True,Mapped incorrect_pin -> send_reminder (assumed success rate 30%),2026-08-23T05:57:01.835725
pay_Q30tMSRik9yOdS,183.88,card_declined,2,auto_recovery_attempted,send_reminder,rule_based,False,Mapped card_declined -> send_reminder (assumed success rate 30%),2026-08-23T05:57:01.835763
pay_VsCWKlozFoAgUQ,625.52,payment_declined,2,auto_recovery_attempted,send_reminder,rule_based,False,Mapped payment_declined -> send_reminder (assumed success rate 30%),2026-08-23T05:57:01.835801
pay_BTAxYbII6dkqbZ,372.38,card_declined,4,escalated_manual_review,escalate_to_human,stopping_rule,False,"Stopping rule triggered: 4 attempts already made, avoiding further automated contact",2026-08-23T05:57:01.835839
pay_74mBFHTClEUHiz,4073.42,session_timed_out,3,auto_recovery_attempted,send_reminder,rule_based,False,Mapped session_timed_out -> send_reminder (assumed success rate 30%),2026-08-23T05:57:01.835873
pay_mpaH36XTzTpxWN,995.27,incorrect_pin,1,auto_recovery_attempted,send_reminder,rule_based,False,Mapped incorrect_pin -> send_reminder (assumed success rate 30%),2026-08-23T05:57:01.835911
pay_OG9D04Tj9beNBL,1211.34,incorrect_pin,3,auto_recovery_attempted,send_reminder,rule_based,False,Mapped incorrect_pin -> send_reminder (assumed success rate 30%),2026-08-23T05:57:01.835947
pay_qcct3r7yraqoTK,103.62,issuer_unavailable,3,auto_recovery_attempted,retry_later_2h,rule_based,True,Mapped issuer_unavailable -> retry_later_2h (assumed success rate 55%),2026-08-23T05:57:01.835985
pay_mWaztneGn74Vvx,1515.93,incorrect_pin,2,auto_recovery_attempted,send_reminder,rule_based,False,Mapped incorrect_pin -> send_reminder (assumed success rate 30%),2026-08-23T05:57:01.836025
pay_7lkT10rM4qFNpL,3547.97,issuer_unavailable,2,auto_recovery_attempted,retry_later_2h,rule_based,False,Mapped issuer_unavailable -> retry_later_2h (assumed success rate 55%),2026-08-23T05:57:01.836074
pay_GAzJ6GYt3j2Wve,783.1,issuer_unavailable,1,auto_recovery_attempted,retry_later_2h,rule_based,True,Mapped issuer_unavailable -> retry_later_2h (assumed success rate 55%),2026-08-23T05:57:01.836115
pay_L6NL9WmUc0RmSM,1273.7,session_timed_out,1,auto_recovery_attempted,send_reminder,rule_based,False,Mapped session_timed_out -> send_reminder (assumed success rate 30%),2026-08-23T05:57:01.836152
pay_dJGWWuxkcL3hHF,283.58,issuer_unavailable,3,auto_recovery_attempted,retry_later_2h,rule_based,False,Mapped issuer_unavailable -> retry_later_2h (assumed success rate 55%),2026-08-23T05:57:01.836192
pay_JZfc9D2CzGi4YF,1658.49,payment_declined,2,auto_recovery_attempted,send_reminder,rule_based,False,Mapped payment_declined -> send_reminder (assumed success rate 30%),2026-08-23T05:57:01.836282
pay_iM2hWi11jWrGZ1,890.94,issuer_unavailable,2,auto_recovery_attempted,retry_later_2h,rule_based,False,Mapped issuer_unavailable -> retry_later_2h (assumed success rate 55%),2026-08-23T05:57:01.836333
pay_A82N8j38Keub6n,1757.99,issuer_unavailable,2,auto_recovery_attempted,retry_later_2h,rule_based,False,Mapped issuer_unavailable -> retry_later_2h (assumed success rate 55%),2026-08-23T05:57:01.836373
pay_BrUMCxRlNkyiyY,1129.09,insufficient_funds,1,auto_recovery_attempted,retry_later_24h,rule_based,False,Mapped insufficient_funds -> retry_later_24h (assumed success rate 45%),2026-08-23T05:57:01.836412
pay_7diAFKtf2FG0ZB,848.09,wallet_service_down,4,escalated_manual_review,escalate_to_human,stopping_rule,False,"Stopping rule triggered: 4 attempts already made, avoiding further automated contact",2026-08-23T05:57:01.836451
pay_bHfeV1ib8b5mmW,5280.99,insufficient_funds,3,auto_recovery_attempted,retry_later_24h,rule_based,False,Mapped insufficient_funds -> retry_later_24h (assumed success rate 45%),2026-08-23T05:57:01.836487
pay_gNypfYPB1VwU53,131.27,card_declined,3,auto_recovery_attempted,send_reminder,rule_based,False,Mapped card_declined -> send_reminder (assumed success rate 30%),2026-08-23T05:57:01.836525
pay_3TZAXRRGDKrJFk,1380.89,upi_collect_expired,2,auto_recovery_attempted,resend_collect_request,rule_based,False,Mapped upi_collect_expired -> resend_collect_request (assumed success rate 50%),2026-08-23T05:57:01.836562
pay_i9yyuYBLtPWyAy,1311.93,insufficient_funds,4,escalated_manual_review,escalate_to_human,stopping_rule,False,"Stopping rule triggered: 4 attempts already made, avoiding further automated contact",2026-08-23T05:57:01.836600
pay_3ulsG3FRY4Gn7S,282.87,upi_collect_expired,3,auto_recovery_attempted,resend_collect_request,rule_based,False,Mapped upi_collect_expired -> resend_collect_request (assumed success rate 50%),2026-08-23T05:57:01.836635
pay_bLDvDGCMNChPKM,1653.38,incorrect_pin,4,escalated_manual_review,escalate_to_human,stopping_rule,False,"Stopping rule triggered: 4 attempts already made, avoiding further automated contact",2026-08-23T05:57:01.836672
pay_isWexVc76l52sg,2502.59,issuer_unavailable,1,auto_recovery_attempted,retry_later_2h,rule_based,False,Mapped issuer_unavailable -> retry_later_2h (assumed success rate 55%),2026-08-23T05:57:01.836708
pay_9u4d7tWrtuWn95,116.16,session_timed_out,3,auto_recovery_attempted,send_reminder,rule_based,True,Mapped session_timed_out -> send_reminder (assumed success rate 30%),2026-08-23T05:57:01.836747
pay_xcjHomANrdRda5,2799.27,upi_collect_expired,4,escalated_manual_review,escalate_to_human,stopping_rule,False,"Stopping rule triggered: 4 attempts already made, avoiding further automated contact",2026-08-23T05:57:01.836784
pay_3G2n10MF7DOcXO,304.12,upi_collect_expired,2,auto_recovery_attempted,resend_collect_request,rule_based,False,Mapped upi_collect_expired -> resend_collect_request (assumed success rate 50%),2026-08-23T05:57:01.836818
pay_FTImgQgqPKuctd,680.64,incorrect_otp,1,auto_recovery_attempted,send_reminder,rule_based,False,Mapped incorrect_otp -> send_reminder (assumed success rate 30%),2026-08-23T05:57:01.836854
pay_GMY1gUfo2hLf89,307.36,incorrect_otp,3,auto_recovery_attempted,send_reminder,rule_based,True,Mapped incorrect_otp -> send_reminder (assumed success rate 30%),2026-08-23T05:57:01.836893
pay_ssA9E92ViuqQCk,3861.22,insufficient_balance,1,auto_recovery_attempted,send_reminder,rule_based,False,Mapped insufficient_balance -> send_reminder (assumed success rate 30%),2026-08-23T05:57:01.836932
pay_C38H2aHOBwf7BN,5279.8,upi_collect_expired,4,escalated_manual_review,escalate_to_human,stopping_rule,False,"Stopping rule triggered: 4 attempts already made, avoiding further automated contact",2026-08-23T05:57:01.836970
pay_SoB0SBlHaGmMhP,6216.19,session_timed_out,1,auto_recovery_attempted,send_reminder,rule_based,True,Mapped session_timed_out -> send_reminder (assumed success rate 30%),2026-08-23T05:57:01.837008
pay_Po3eFEuUjZHtb6,2390.44,bank_technical_error,4,escalated_manual_review,escalate_to_human,stopping_rule,False,"Stopping rule triggered: 4 attempts already made, avoiding further automated contact",2026-08-23T05:57:01.837056
pay_oc36mL9wlEGD21,306.64,incorrect_otp,1,auto_recovery_attempted,send_reminder,rule_based,False,Mapped incorrect_otp -> send_reminder (assumed success rate 30%),2026-08-23T05:57:01.837095
pay_LepU88fYY7Nt4s,933.48,card_declined,2,auto_recovery_attempted,send_reminder,rule_based,False,Mapped card_declined -> send_reminder (assumed success rate 30%),2026-08-23T05:57:01.837135
pay_VkHfhKXhyguWyh,1288.04,incorrect_pin,4,escalated_manual_review,escalate_to_human,stopping_rule,False,"Stopping rule triggered: 4 attempts already made, avoiding further automated contact",2026-08-23T05:57:01.837182
pay_9QOfUHvcXkdgdB,868.53,upi_collect_expired,1,auto_recovery_attempted,resend_collect_request,rule_based,True,Mapped upi_collect_expired -> resend_collect_request (assumed success rate 50%),2026-08-23T05:57:01.837218
pay_EM9TE2aK2rnJYL,96.29,incorrect_otp,1,auto_recovery_attempted,send_reminder,rule_based,False,Mapped incorrect_otp -> send_reminder (assumed success rate 30%),2026-08-23T05:57:01.837289
pay_4AIw90ZfrLi39u,427.53,incorrect_otp,4,escalated_manual_review,escalate_to_human,stopping_rule,False,"Stopping rule triggered: 4 attempts already made, avoiding further automated contact",2026-08-23T05:57:01.837342
pay_LHrgUXRNrg5NBf,503.17,emi_not_supported,4,escalated_manual_review,escalate_to_human,stopping_rule,False,"Stopping rule triggered: 4 attempts already made, avoiding further automated contact",2026-08-23T05:57:01.837381
pay_O3MsGXIkhk8Pj6,1107.19,upi_collect_expired,3,auto_recovery_attempted,resend_collect_request,rule_based,False,Mapped upi_collect_expired -> resend_collect_request (assumed success rate 50%),2026-08-23T05:57:01.837419
pay_aBI18k0krgWtVd,2216.51,session_timed_out,1,auto_recovery_attempted,send_reminder,rule_based,False,Mapped session_timed_out -> send_reminder (assumed success rate 30%),2026-08-23T05:57:01.837460
pay_i6gEjz5VTZq7Z9,288.36,bank_technical_error,2,auto_recovery_attempted,retry_immediately,rule_based,True,Mapped bank_technical_error -> retry_immediately (assumed success rate 65%),2026-08-23T05:57:01.837499
pay_Mf34wMaQugSmoc,255.72,issuer_unavailable,4,escalated_manual_review,escalate_to_human,stopping_rule,False,"Stopping rule triggered: 4 attempts already made, avoiding further automated contact",2026-08-23T05:57:01.837536
pay_fAKHHv4ZQIxS8D,3526.46,incorrect_otp,2,auto_recovery_attempted,send_reminder,rule_based,True,Mapped incorrect_otp -> send_reminder (assumed success rate 30%),2026-08-23T05:57:01.837572
pay_LpeIqrpq2ehvxK,198.78,insufficient_funds,1,auto_recovery_attempted,retry_later_24h,rule_based,False,Mapped insufficient_funds -> retry_later_24h (assumed success rate 45%),2026-08-23T05:57:01.837609
pay_MJBtqLpYznH192,202.6,upi_collect_expired,4,escalated_manual_review,escalate_to_human,stopping_rule,False,"Stopping rule triggered: 4 attempts already made, avoiding further automated contact",2026-08-23T05:57:01.837647
pay_F86fI1GGfMdCcB,529.38,card_declined,2,auto_recovery_attempted,send_reminder,rule_based,False,Mapped card_declined -> send_reminder (assumed success rate 30%),2026-08-23T05:57:01.837682
pay_xdEqV9X2f9T3Gk,1132.72,session_timed_out,3,auto_recovery_attempted,send_reminder,rule_based,False,Mapped session_timed_out -> send_reminder (assumed success rate 30%),2026-08-23T05:57:01.837720
pay_ISR1zUAd5ZkVxe,8537.68,session_timed_out,1,auto_recovery_attempted,send_reminder,rule_based,True,Mapped session_timed_out -> send_reminder (assumed success rate 30%),2026-08-23T05:57:01.837758
pay_Q9rqml685CnQZO,227.6,payment_declined,2,auto_recovery_attempted,send_reminder,rule_based,False,Mapped payment_declined -> send_reminder (assumed success rate 30%),2026-08-23T05:57:01.837795
pay_jNP9sv7mT8vK8O,2459.19,upi_collect_expired,4,escalated_manual_review,escalate_to_human,stopping_rule,False,"Stopping rule triggered: 4 attempts already made, avoiding further automated contact",2026-08-23T05:57:01.837833
pay_lC9592OoOfTYfa,2254.83,wallet_service_down,4,escalated_manual_review,escalate_to_human,stopping_rule,False,"Stopping rule triggered: 4 attempts already made, avoiding further automated contact",2026-08-23T05:57:01.837868
pay_6Kbw1RQOL1hrj9,8201.43,incorrect_otp,2,auto_recovery_attempted,send_reminder,rule_based,False,Mapped incorrect_otp -> send_reminder (assumed success rate 30%),2026-08-23T05:57:01.837902
pay_jlTzt1Wz2qG74K,373.62,card_declined,3,auto_recovery_attempted,send_reminder,rule_based,False,Mapped card_declined -> send_reminder (assumed success rate 30%),2026-08-23T05:57:01.837940
pay_5UlbGP8RijTd0X,1048.9,upi_collect_expired,2,auto_recovery_attempted,resend_collect_request,rule_based,True,Mapped upi_collect_expired -> resend_collect_request (assumed success rate 50%),2026-08-23T05:57:01.837977
pay_5QhwIpPwBKbgDW,804.84,incorrect_otp,2,auto_recovery_attempted,send_reminder,rule_based,False,Mapped incorrect_otp -> send_reminder (assumed success rate 30%),2026-08-23T05:57:01.838014
pay_K49eKudx71iT96,1310.93,card_declined,2,auto_recovery_attempted,send_reminder,rule_based,False,Mapped card_declined -> send_reminder (assumed success rate 30%),2026-08-23T05:57:01.838062
pay_cHiV0lk1MTOgUY,504.41,upi_collect_expired,1,auto_recovery_attempted,resend_collect_request,rule_based,False,Mapped upi_collect_expired -> resend_collect_request (assumed success rate 50%),2026-08-23T05:57:01.838102
pay_l7MNRhfLvmv2ao,2945.84,incorrect_pin,3,auto_recovery_attempted,send_reminder,rule_based,False,Mapped incorrect_pin -> send_reminder (assumed success rate 30%),2026-08-23T05:57:01.838139
pay_5NFCX28QG9m2Jo,823.12,upi_collect_expired,4,escalated_manual_review,escalate_to_human,stopping_rule,False,"Stopping rule triggered: 4 attempts already made, avoiding further automated contact",2026-08-23T05:57:01.838176
pay_4vtCQsWQUkiYfn,146.18,insufficient_funds,3,auto_recovery_attempted,retry_later_24h,rule_based,False,Mapped insufficient_funds -> retry_later_24h (assumed success rate 45%),2026-08-23T05:57:01.838210
pay_1i9wjgP0Gx0TGY,379.15,upi_collect_expired,1,auto_recovery_attempted,resend_collect_request,rule_based,False,Mapped upi_collect_expired -> resend_collect_request (assumed success rate 50%),2026-08-23T05:57:01.838272
pay_XlayT7j8ilNGvY,3046.73,insufficient_balance,3,auto_recovery_attempted,send_reminder,rule_based,True,Mapped insufficient_balance -> send_reminder (assumed success rate 30%),2026-08-23T05:57:01.838325
pay_Q03iJa3HSt7ak1,4006.51,upi_collect_expired,4,escalated_manual_review,escalate_to_human,stopping_rule,False,"Stopping rule triggered: 4 attempts already made, avoiding further automated contact",2026-08-23T05:57:01.838366
pay_Ka1k7j2lREYOeX,2316.17,issuer_unavailable,3,auto_recovery_attempted,retry_later_2h,rule_based,False,Mapped issuer_unavailable -> retry_later_2h (assumed success rate 55%),2026-08-23T05:57:01.838402
pay_X4eOKve8R6X0GR,856.43,incorrect_pin,1,auto_recovery_attempted,send_reminder,rule_based,False,Mapped incorrect_pin -> send_reminder (assumed success rate 30%),2026-08-23T05:57:01.838441
pay_lU6YNzxSjrCPud,941.66,incorrect_otp,4,escalated_manual_review,escalate_to_human,stopping_rule,False,"Stopping rule triggered: 4 attempts already made, avoiding further automated contact",2026-08-23T05:57:01.838481
pay_VTkAswMNahlRhZ,215.06,issuer_unavailable,2,auto_recovery_attempted,retry_later_2h,rule_based,True,Mapped issuer_unavailable -> retry_later_2h (assumed success rate 55%),2026-08-23T05:57:01.838517
pay_SgrPfySG939MDX,472.03,emi_not_supported,4,escalated_manual_review,escalate_to_human,stopping_rule,False,"Stopping rule triggered: 4 attempts already made, avoiding further automated contact",2026-08-23T05:57:01.838553
pay_7D0UlddiPtCi0C,1182.07,bank_technical_error,4,escalated_manual_review,escalate_to_human,stopping_rule,False,"Stopping rule triggered: 4 attempts already made, avoiding further automated contact",2026-08-23T05:57:01.838590
pay_a7z8vv1019jtld,3753.64,card_declined,4,escalated_manual_review,escalate_to_human,stopping_rule,False,"Stopping rule triggered: 4 attempts already made, avoiding further automated contact",2026-08-23T05:57:01.838625
pay_b4gnxlzCK35kd9,3697.76,session_timed_out,1,auto_recovery_attempted,send_reminder,rule_based,False,Mapped session_timed_out -> send_reminder (assumed success rate 30%),2026-08-23T05:57:01.838659
pay_QWJJrLmLJiFn7d,3528.12,emi_not_supported,4,escalated_manual_review,escalate_to_human,stopping_rule,False,"Stopping rule triggered: 4 attempts already made, avoiding further automated contact",2026-08-23T05:57:01.838697
pay_gY9UsiUVzSxqMu,743.69,emi_not_supported,3,auto_recovery_attempted,suggest_alt_method,rule_based,False,Mapped emi_not_supported -> suggest_alt_method (assumed success rate 40%),2026-08-23T05:57:01.838730
pay_2frUffP6wSiZea,1708.63,incorrect_pin,1,auto_recovery_attempted,send_reminder,rule_based,True,Mapped incorrect_pin -> send_reminder (assumed success rate 30%),2026-08-23T05:57:01.838767
pay_RUcGKvBKvVNBOp,975.9,issuer_unavailable,1,auto_recovery_attempted,retry_later_2h,rule_based,False,Mapped issuer_unavailable -> retry_later_2h (assumed success rate 55%),2026-08-23T05:57:01.838805
pay_Pl4RgLXFy0mnoc,2857.22,incorrect_pin,1,auto_recovery_attempted,send_reminder,rule_based,False,Mapped incorrect_pin -> send_reminder (assumed success rate 30%),2026-08-23T05:57:01.838843
pay_WqbtgLvx8NRux1,1098.09,session_timed_out,4,escalated_manual_review,escalate_to_human,stopping_rule,False,"Stopping rule triggered: 4 attempts already made, avoiding further automated contact",2026-08-23T05:57:01.838880
pay_5wynCawBb0Kglj,825.93,wallet_service_down,2,auto_recovery_attempted,retry_later_2h,rule_based,False,Mapped wallet_service_down -> retry_later_2h (assumed success rate 55%),2026-08-23T05:57:01.838916
pay_afcFNLSoW9kDYL,646.72,incorrect_otp,4,escalated_manual_review,escalate_to_human,stopping_rule,False,"Stopping rule triggered: 4 attempts already made, avoiding further automated contact",2026-08-23T05:57:01.838953
pay_kS1nylQ2nMF3Sh,3076.59,card_declined,4,escalated_manual_review,escalate_to_human,stopping_rule,False,"Stopping rule triggered: 4 attempts already made, avoiding further automated contact",2026-08-23T05:57:01.838987
pay_IE7kxBb59AOpnk,2044.77,card_declined,2,auto_recovery_attempted,send_reminder,rule_based,True,Mapped card_declined -> send_reminder (assumed success rate 30%),2026-08-23T05:57:01.839020
pay_G1ELr0noAjcs4T,1646.74,card_declined,1,auto_recovery_attempted,send_reminder,rule_based,False,Mapped card_declined -> send_reminder (assumed success rate 30%),2026-08-23T05:57:01.839068
pay_arA9AhG39ycylA,509.22,card_declined,4,escalated_manual_review,escalate_to_human,stopping_rule,False,"Stopping rule triggered: 4 attempts already made, avoiding further automated contact",2026-08-23T05:57:01.839107
pay_2PHsy7jkfoe5rC,318.42,payment_declined,4,escalated_manual_review,escalate_to_human,stopping_rule,False,"Stopping rule triggered: 4 attempts already made, avoiding further automated contact",2026-08-23T05:57:01.839141
pay_7uBWBdImKDIVKo,2361.09,upi_collect_expired,3,auto_recovery_attempted,resend_collect_request,rule_based,False,Mapped upi_collect_expired -> resend_collect_request (assumed success rate 50%),2026-08-23T05:57:01.839175
pay_aYRNAs1P54JqZ3,718.39,incorrect_otp,1,auto_recovery_attempted,send_reminder,rule_based,False,Mapped incorrect_otp -> send_reminder (assumed success rate 30%),2026-08-23T05:57:01.839215
pay_hRpCDNmjZh4jsr,2034.89,upi_collect_expired,1,auto_recovery_attempted,resend_collect_request,rule_based,False,Mapped upi_collect_expired -> resend_collect_request (assumed success rate 50%),2026-08-23T05:57:01.839279
pay_IPDkLl4jVe4O3D,1481.94,incorrect_otp,2,auto_recovery_attempted,send_reminder,rule_based,True,Mapped incorrect_otp -> send_reminder (assumed success rate 30%),2026-08-23T05:57:01.839330
pay_6yTGfOGTcG0zxm,361.81,session_timed_out,3,auto_recovery_attempted,send_reminder,rule_based,False,Mapped session_timed_out -> send_reminder (assumed success rate 30%),2026-08-23T05:57:01.839374
pay_XDGFG175MeF30t,275.14,insufficient_balance,1,auto_recovery_attempted,send_reminder,rule_based,True,Mapped insufficient_balance -> send_reminder (assumed success rate 30%),2026-08-23T05:57:01.839415
pay_djUDkCpWiPfmGW,1999.35,issuer_unavailable,1,auto_recovery_attempted,retry_later_2h,rule_based,True,Mapped issuer_unavailable -> retry_later_2h (assumed success rate 55%),2026-08-23T05:57:01.839454
pay_NPaSJitWmfsn0k,1200.68,bank_technical_error,4,escalated_manual_review,escalate_to_human,stopping_rule,False,"Stopping rule triggered: 4 attempts already made, avoiding further automated contact",2026-08-23T05:57:01.839494
pay_dP8SkpIepMMvaO,262.06,payment_declined,3,auto_recovery_attempted,send_reminder,rule_based,False,Mapped payment_declined -> send_reminder (assumed success rate 30%),2026-08-23T05:57:01.839530
pay_4IswbNCHnVL3vr,97.79,incorrect_pin,3,auto_recovery_attempted,send_reminder,rule_based,False,Mapped incorrect_pin -> send_reminder (assumed success rate 30%),2026-08-23T05:57:01.839569
pay_LjKvN9MufQJaTr,1394.24,bank_technical_error,1,auto_recovery_attempted,retry_immediately,rule_based,False,Mapped bank_technical_error -> retry_immediately (assumed success rate 65%),2026-08-23T05:57:01.839607
pay_nh6QvoGhfl91R5,781.32,bank_technical_error,3,auto_recovery_attempted,retry_immediately,rule_based,False,Mapped bank_technical_error -> retry_immediately (assumed success rate 65%),2026-08-23T05:57:01.839644
pay_EWiMhMiM5yn05J,619.99,bank_technical_error,2,auto_recovery_attempted,retry_immediately,rule_based,True,Mapped bank_technical_error -> retry_immediately (assumed success rate 65%),2026-08-23T05:57:01.839681
pay_6qwOcmZ6QyHP8l,1309.97,insufficient_funds,1,auto_recovery_attempted,retry_later_24h,rule_based,True,Mapped insufficient_funds -> retry_later_24h (assumed success rate 45%),2026-08-23T05:57:01.839719
pay_YRSR8ScwxeusA9,2177.3,upi_collect_expired,3,auto_recovery_attempted,resend_collect_request,rule_based,False,Mapped upi_collect_expired -> resend_collect_request (assumed success rate 50%),2026-08-23T05:57:01.839756
pay_Alu8QSNXHgT15L,4611.29,wallet_service_down,2,auto_recovery_attempted,retry_later_2h,rule_based,True,Mapped wallet_service_down -> retry_later_2h (assumed success rate 55%),2026-08-23T05:57:01.839796
pay_pHbKrEo6WncwcZ,919.54,incorrect_pin,4,escalated_manual_review,escalate_to_human,stopping_rule,False,"Stopping rule triggered: 4 attempts already made, avoiding further automated contact",2026-08-23T05:57:01.839834
pay_JrbLx8grIpIYkl,2170.67,card_declined,2,auto_recovery_attempted,send_reminder,rule_based,False,Mapped card_declined -> send_reminder (assumed success rate 30%),2026-08-23T05:57:01.839869
pay_BCz97L5kca8YHf,3538.98,payment_declined,2,auto_recovery_attempted,send_reminder,rule_based,True,Mapped payment_declined -> send_reminder (assumed success rate 30%),2026-08-23T05:57:01.839906
pay_UNJh3fd4MJ826F,640.22,issuer_unavailable,1,auto_recovery_attempted,retry_later_2h,rule_based,False,Mapped issuer_unavailable -> retry_later_2h (assumed success rate 55%),2026-08-23T05:57:01.839944
pay_ddnBmktau35dSg,2742.67,session_timed_out,1,auto_recovery_attempted,send_reminder,rule_based,False,Mapped session_timed_out -> send_reminder (assumed success rate 30%),2026-08-23T05:57:01.839980
pay_HmLu8xUTtmfyP4,8795.9,insufficient_funds,1,auto_recovery_attempted,retry_later_24h,rule_based,True,Mapped insufficient_funds -> retry_later_24h (assumed success rate 45%),2026-08-23T05:57:01.840017
pay_XbmJb5IqSdKW4b,955.81,insufficient_funds,1,auto_recovery_attempted,retry_later_24h,rule_based,True,Mapped insufficient_funds -> retry_later_24h (assumed success rate 45%),2026-08-23T05:57:01.840066
pay_6mdC8cCGtYk3us,1010.43,incorrect_otp,4,escalated_manual_review,escalate_to_human,stopping_rule,False,"Stopping rule triggered: 4 attempts already made, avoiding further automated contact",2026-08-23T05:57:01.840109
pay_vnONDPMm5xzn6D,1539.75,insufficient_funds,2,auto_recovery_attempted,retry_later_24h,rule_based,False,Mapped insufficient_funds -> retry_later_24h (assumed success rate 45%),2026-08-23T05:57:01.840146
pay_liHAnOFWR6qC0T,181.49,card_declined,4,escalated_manual_review,escalate_to_human,stopping_rule,False,"Stopping rule triggered: 4 attempts already made, avoiding further automated contact",2026-08-23T05:57:01.840186
pay_6ET545ZpQ7gIFZ,839.21,wallet_service_down,3,auto_recovery_attempted,retry_later_2h,rule_based,False,Mapped wallet_service_down -> retry_later_2h (assumed success rate 55%),2026-08-23T05:57:01.840266
pay_yu6WkCWRYPDabb,3915.17,insufficient_funds,2,auto_recovery_attempted,retry_later_24h,rule_based,True,Mapped insufficient_funds -> retry_later_24h (assumed success rate 45%),2026-08-23T05:57:01.840323
pay_PoCwViXDk0P4p2,1545.66,incorrect_pin,4,escalated_manual_review,escalate_to_human,stopping_rule,False,"Stopping rule triggered: 4 attempts already made, avoiding further automated contact",2026-08-23T05:57:01.840366
pay_ZAOhEPXeaNoBq7,921.56,incorrect_otp,4,escalated_manual_review,escalate_to_human,stopping_rule,False,"Stopping rule triggered: 4 attempts already made, avoiding further automated contact",2026-08-23T05:57:01.840405
pay_S0MnfTvDsvIG19,1175.85,incorrect_pin,1,auto_recovery_attempted,send_reminder,rule_based,False,Mapped incorrect_pin -> send_reminder (assumed success rate 30%),2026-08-23T05:57:01.840443
pay_59IT7p4M5XdKd4,668.72,session_timed_out,1,auto_recovery_attempted,send_reminder,rule_based,True,Mapped session_timed_out -> send_reminder (assumed success rate 30%),2026-08-23T05:57:01.840481
pay_4HXRY3oBWMxCHR,99.24,session_timed_out,3,auto_recovery_attempted,send_reminder,rule_based,False,Mapped session_timed_out -> send_reminder (assumed success rate 30%),2026-08-23T05:57:01.840520
pay_nFZLeGfimNA75H,301.75,incorrect_pin,4,escalated_manual_review,escalate_to_human,stopping_rule,False,"Stopping rule triggered: 4 attempts already made, avoiding further automated contact",2026-08-23T05:57:01.840559
pay_zNPU7ZjdBlbVyJ,1212.04,payment_declined,2,auto_recovery_attempted,send_reminder,rule_based,False,Mapped payment_declined -> send_reminder (assumed success rate 30%),2026-08-23T05:57:01.840595
pay_3FIeQMXLyiqGrH,1088.35,upi_collect_expired,1,auto_recovery_attempted,resend_collect_request,rule_based,True,Mapped upi_collect_expired -> resend_collect_request (assumed success rate 50%),2026-08-23T05:57:01.840634
pay_TrvUdJzyTgGxQ3,517.22,wallet_service_down,3,auto_recovery_attempted,retry_later_2h,rule_based,False,Mapped wallet_service_down -> retry_later_2h (assumed success rate 55%),2026-08-23T05:57:01.840671
pay_sTn3cfz7gGw7km,1720.77,upi_collect_expired,3,auto_recovery_attempted,resend_collect_request,rule_based,True,Mapped upi_collect_expired -> resend_collect_request (assumed success rate 50%),2026-08-23T05:57:01.840708
pay_TLhJvv3Co9Vzvx,1161.02,wallet_service_down,2,auto_recovery_attempted,retry_later_2h,rule_based,True,Mapped wallet_service_down -> retry_later_2h (assumed success rate 55%),2026-08-23T05:57:01.840746
pay_ZL52Nv2GHwcZEn,1514.23,payment_declined,1,auto_recovery_attempted,send_reminder,rule_based,False,Mapped payment_declined -> send_reminder (assumed success rate 30%),2026-08-23T05:57:01.840783
pay_MXkkPeDKnduWIC,529.55,session_timed_out,3,auto_recovery_attempted,send_reminder,rule_based,False,Mapped session_timed_out -> send_reminder (assumed success rate 30%),2026-08-23T05:57:01.840819
pay_37u6EYi2OsA5YE,121.15,payment_declined,3,auto_recovery_attempted,send_reminder,rule_based,False,Mapped payment_declined -> send_reminder (assumed success rate 30%),2026-08-23T05:57:01.840855
pay_8qEhryIP8iXYjA,1350.32,incorrect_otp,1,auto_recovery_attempted,send_reminder,rule_based,True,Mapped incorrect_otp -> send_reminder (assumed success rate 30%),2026-08-23T05:57:01.840894
pay_fXzkvFTvHGYKAD,1711.54,incorrect_pin,3,auto_recovery_attempted,send_reminder,rule_based,True,Mapped incorrect_pin -> send_reminder (assumed success rate 30%),2026-08-23T05:57:01.840935
pay_sUhW5AuFXsRO1g,97.93,incorrect_otp,4,escalated_manual_review,escalate_to_human,stopping_rule,False,"Stopping rule triggered: 4 attempts already made, avoiding further automated contact",2026-08-23T05:57:01.840976
pay_wGgP1e40ZZBWhQ,1185.18,payment_declined,2,auto_recovery_attempted,send_reminder,rule_based,True,Mapped payment_declined -> send_reminder (assumed success rate 30%),2026-08-23T05:57:01.841011
pay_JDCu0ANSbKq6aQ,2125.92,issuer_unavailable,1,auto_recovery_attempted,retry_later_2h,rule_based,False,Mapped issuer_unavailable -> retry_later_2h (assumed success rate 55%),2026-08-23T05:57:01.841060
pay_Sv9rb5e7hzNc8a,3144.27,payment_declined,4,escalated_manual_review,escalate_to_human,stopping_rule,False,"Stopping rule triggered: 4 attempts already made, avoiding further automated contact",2026-08-23T05:57:01.841101
pay_Z2DyRSyyR4XdiB,1009.03,payment_declined,3,auto_recovery_attempted,send_reminder,rule_based,False,Mapped payment_declined -> send_reminder (assumed success rate 30%),2026-08-23T05:57:01.841136
pay_tqHcxriXQuF75q,987.68,incorrect_pin,3,auto_recovery_attempted,send_reminder,rule_based,False,Mapped incorrect_pin -> send_reminder (assumed success rate 30%),2026-08-23T05:57:01.841175
pay_DEBKp5rMTlIms4,424.65,issuer_unavailable,3,auto_recovery_attempted,retry_later_2h,rule_based,True,Mapped issuer_unavailable -> retry_later_2h (assumed success rate 55%),2026-08-23T05:57:01.841213
pay_yMBNyxoajUOtIG,2666.56,incorrect_pin,4,escalated_manual_review,escalate_to_human,stopping_rule,False,"Stopping rule triggered: 4 attempts already made, avoiding further automated contact",2026-08-23T05:57:01.841276
pay_GrvGx2cEMZ9jk0,1938.13,incorrect_pin,3,auto_recovery_attempted,send_reminder,rule_based,False,Mapped incorrect_pin -> send_reminder (assumed success rate 30%),2026-08-23T05:57:01.841328
pay_OkApleLKozZZKM,863.69,incorrect_otp,2,auto_recovery_attempted,send_reminder,rule_based,True,Mapped incorrect_otp -> send_reminder (assumed success rate 30%),2026-08-23T05:57:01.841372
pay_BQby8zMUXbufod,245.88,payment_declined,4,escalated_manual_review,escalate_to_human,stopping_rule,False,"Stopping rule triggered: 4 attempts already made, avoiding further automated contact",2026-08-23T05:57:01.841413
pay_PkSWMAVoNwhAsU,764.69,incorrect_pin,1,auto_recovery_attempted,send_reminder,rule_based,False,Mapped incorrect_pin -> send_reminder (assumed success rate 30%),2026-08-23T05:57:01.841450
pay_74meeYGc1u3fNE,2277.23,bank_technical_error,2,auto_recovery_attempted,retry_immediately,rule_based,False,Mapped bank_technical_error -> retry_immediately (assumed success rate 65%),2026-08-23T05:57:01.841489
pay_18broa0HyO7YrZ,3401.62,insufficient_balance,4,escalated_manual_review,escalate_to_human,stopping_rule,False,"Stopping rule triggered: 4 attempts already made, avoiding further automated contact",2026-08-23T05:57:01.841532
pay_5qjleXlzd1K4wN,985.85,bank_technical_error,2,auto_recovery_attempted,retry_immediately,rule_based,False,Mapped bank_technical_error -> retry_immediately (assumed success rate 65%),2026-08-23T05:57:01.841567
pay_tgGTsf5pTulnzh,3420.55,incorrect_otp,2,auto_recovery_attempted,send_reminder,rule_based,False,Mapped incorrect_otp -> send_reminder (assumed success rate 30%),2026-08-23T05:57:01.841606
pay_DJSwHL1pbnF44d,480.64,issuer_unavailable,4,escalated_manual_review,escalate_to_human,stopping_rule,False,"Stopping rule triggered: 4 attempts already made, avoiding further automated contact",2026-08-23T05:57:01.841644
pay_yfeKzqYTozkOPn,1621.97,issuer_unavailable,2,auto_recovery_attempted,retry_later_2h,rule_based,False,Mapped issuer_unavailable -> retry_later_2h (assumed success rate 55%),2026-08-23T05:57:01.841680
pay_u8dmOZKaRdYh6q,1815.09,insufficient_balance,1,auto_recovery_attempted,send_reminder,rule_based,False,Mapped insufficient_balance -> send_reminder (assumed success rate 30%),2026-08-23T05:57:01.841720
pay_yomdDYQugI62RD,1041.2,incorrect_otp,4,escalated_manual_review,escalate_to_human,stopping_rule,False,"Stopping rule triggered: 4 attempts already made, avoiding further automated contact",2026-08-23T05:57:01.841757
pay_iu2o4MOCdHfBIN,2812.29,card_declined,3,auto_recovery_attempted,send_reminder,rule_based,True,Mapped card_declined -> send_reminder (assumed success rate 30%),2026-08-23T05:57:01.841791
pay_x108Rbqcf8RXkT,864.65,incorrect_pin,3,auto_recovery_attempted,send_reminder,rule_based,True,Mapped incorrect_pin -> send_reminder (assumed success rate 30%),2026-08-23T05:57:01.841828
pay_PqFZDvHbCH6XAv,2382.69,incorrect_otp,3,auto_recovery_attempted,send_reminder,rule_based,False,Mapped incorrect_otp -> send_reminder (assumed success rate 30%),2026-08-23T05:57:01.841865
pay_ZL9YF86X9hGo1P,265.22,card_declined,1,auto_recovery_attempted,send_reminder,rule_based,False,Mapped card_declined -> send_reminder (assumed success rate 30%),2026-08-23T05:57:01.841902
pay_w9vyZ8Ihf13WiT,162.46,insufficient_funds,4,escalated_manual_review,escalate_to_human,stopping_rule,False,"Stopping rule triggered: 4 attempts already made, avoiding further automated contact",2026-08-23T05:57:01.841938
pay_jpEs8v2trH2BSV,2236.48,incorrect_pin,2,auto_recovery_attempted,send_reminder,rule_based,False,Mapped incorrect_pin -> send_reminder (assumed success rate 30%),2026-08-23T05:57:01.841974
pay_xdZ5jIYJlRkx62,3311.99,emi_not_supported,1,auto_recovery_attempted,suggest_alt_method,rule_based,False,Mapped emi_not_supported -> suggest_alt_method (assumed success rate 40%),2026-08-23T05:57:01.842014
pay_HxK3O9GrWDZhlO,1391.88,issuer_unavailable,3,auto_recovery_attempted,retry_later_2h,rule_based,True,Mapped issuer_unavailable -> retry_later_2h (assumed success rate 55%),2026-08-23T05:57:01.842061
pay_tIPp8PCUhqkvdW,475.2,issuer_unavailable,1,auto_recovery_attempted,retry_later_2h,rule_based,True,Mapped issuer_unavailable -> retry_later_2h (assumed success rate 55%),2026-08-23T05:57:01.842103
pay_fTkkei0r5QES5l,3233.3,bank_technical_error,1,auto_recovery_attempted,retry_immediately,rule_based,False,Mapped bank_technical_error -> retry_immediately (assumed success rate 65%),2026-08-23T05:57:01.842141
pay_9kbd4HSntFAuZ8,2648.38,card_declined,1,auto_recovery_attempted,send_reminder,rule_based,False,Mapped card_declined -> send_reminder (assumed success rate 30%),2026-08-23T05:57:01.842190
pay_oAiQVspMUrRL3V,1098.92,incorrect_otp,2,auto_recovery_attempted,send_reminder,rule_based,True,Mapped incorrect_otp -> send_reminder (assumed success rate 30%),2026-08-23T05:57:01.842231
pay_mLzLiB9Sce8ftG,408.42,incorrect_otp,2,auto_recovery_attempted,send_reminder,rule_based,False,Mapped incorrect_otp -> send_reminder (assumed success rate 30%),2026-08-23T05:57:01.842301
pay_YHpnca14049hRE,3178.68,incorrect_pin,3,auto_recovery_attempted,send_reminder,rule_based,True,Mapped incorrect_pin -> send_reminder (assumed success rate 30%),2026-08-23T05:57:01.842345
pay_le5lJB2CMULODE,733.45,incorrect_otp,3,auto_recovery_attempted,send_reminder,rule_based,False,Mapped incorrect_otp -> send_reminder (assumed success rate 30%),2026-08-23T05:57:01.842387
pay_KF3zRRc2D3eOVm,3209.71,card_declined,2,auto_recovery_attempted,send_reminder,rule_based,True,Mapped card_declined -> send_reminder (assumed success rate 30%),2026-08-23T05:57:01.842428
pay_47sBO3ERYUmxjZ,1088.23,incorrect_otp,3,auto_recovery_attempted,send_reminder,rule_based,False,Mapped incorrect_otp -> send_reminder (assumed success rate 30%),2026-08-23T05:57:01.842467
pay_L1VMvBt41AHyFj,793.96,incorrect_otp,3,auto_recovery_attempted,send_reminder,rule_based,False,Mapped incorrect_otp -> send_reminder (assumed success rate 30%),2026-08-23T05:57:01.842506
pay_70Owdluwa7i2fA,579.23,payment_declined,1,auto_recovery_attempted,send_reminder,rule_based,False,Mapped payment_declined -> send_reminder (assumed success rate 30%),2026-08-23T05:57:01.842548
pay_mC1WDpxzEZs27f,1376.12,card_declined,3,auto_recovery_attempted,send_reminder,rule_based,True,Mapped card_declined -> send_reminder (assumed success rate 30%),2026-08-23T05:57:01.842587
pay_nyZhNrxeum19Z3,900.77,incorrect_pin,2,auto_recovery_attempted,send_reminder,rule_based,True,Mapped incorrect_pin -> send_reminder (assumed success rate 30%),2026-08-23T05:57:01.842625
pay_ViwIfea0qcWLRh,1563.78,payment_declined,1,auto_recovery_attempted,send_reminder,rule_based,False,Mapped payment_declined -> send_reminder (assumed success rate 30%),2026-08-23T05:57:01.842663
pay_2gRsM35OU9intL,2698.24,bank_technical_error,3,auto_recovery_attempted,retry_immediately,rule_based,True,Mapped bank_technical_error -> retry_immediately (assumed success rate 65%),2026-08-23T05:57:01.842701
pay_5uBobtNgoZipu0,3941.4,incorrect_otp,3,auto_recovery_attempted,send_reminder,rule_based,False,Mapped incorrect_otp -> send_reminder (assumed success rate 30%),2026-08-23T05:57:01.842740
pay_eGiS9Bi1aC0tgE,3034.99,incorrect_pin,2,auto_recovery_attempted,send_reminder,rule_based,True,Mapped incorrect_pin -> send_reminder (assumed success rate 30%),2026-08-23T05:57:01.842776
pay_wq3GRbmJHvJilT,1430.36,incorrect_otp,1,auto_recovery_attempted,send_reminder,rule_based,False,Mapped incorrect_otp -> send_reminder (assumed success rate 30%),2026-08-23T05:57:01.842812
pay_RwRT44piUHqybt,4353.47,issuer_unavailable,4,escalated_manual_review,escalate_to_human,stopping_rule,False,"Stopping rule triggered: 4 attempts already made, avoiding further automated contact",2026-08-23T05:57:01.842849
pay_xFqlBugoAVNFAB,798.91,payment_declined,1,auto_recovery_attempted,send_reminder,rule_based,False,Mapped payment_declined -> send_reminder (assumed success rate 30%),2026-08-23T05:57:01.842884
pay_QQ5lhNZvJwPLc7,366.02,issuer_unavailable,4,escalated_manual_review,escalate_to_human,stopping_rule,False,"Stopping rule triggered: 4 attempts already made, avoiding further automated contact",2026-08-23T05:57:01.842921
pay_gZmEZGxM8tf8BP,2921.85,card_declined,3,auto_recovery_attempted,send_reminder,rule_based,False,Mapped card_declined -> send_reminder (assumed success rate 30%),2026-08-23T05:57:01.842955
pay_RqxR8jboVbGp76,256.38,payment_declined,4,escalated_manual_review,escalate_to_human,stopping_rule,False,"Stopping rule triggered: 4 attempts already made, avoiding further automated contact",2026-08-23T05:57:01.842993
pay_a5M5ooNjHtCfIG,328.29,payment_declined,4,escalated_manual_review,escalate_to_human,stopping_rule,False,"Stopping rule triggered: 4 attempts already made, avoiding further automated contact",2026-08-23T05:57:01.843039
pay_Pq0qGqeXOGF29E,1250.9,upi_collect_expired,4,escalated_manual_review,escalate_to_human,stopping_rule,False,"Stopping rule triggered: 4 attempts already made, avoiding further automated contact",2026-08-23T05:57:01.843082
pay_FGOlsdhRageOcB,1008.61,payment_declined,4,escalated_manual_review,escalate_to_human,stopping_rule,False,"Stopping rule triggered: 4 attempts already made, avoiding further automated contact",2026-08-23T05:57:01.843120
pay_lUdGFQLX4vQXFM,2380.64,incorrect_otp,3,auto_recovery_attempted,send_reminder,rule_based,True,Mapped incorrect_otp -> send_reminder (assumed success rate 30%),2026-08-23T05:57:01.843156
pay_TqdU5xFbkLjoiP,1002.9,incorrect_pin,3,auto_recovery_attempted,send_reminder,rule_based,False,Mapped incorrect_pin -> send_reminder (assumed success rate 30%),2026-08-23T05:57:01.843196
pay_c2UfKIYTtNFxma,1531.27,card_declined,1,auto_recovery_attempted,send_reminder,rule_based,True,Mapped card_declined -> send_reminder (assumed success rate 30%),2026-08-23T05:57:01.843251
pay_Fv3vnADbXMCVAC,598.19,issuer_unavailable,1,auto_recovery_attempted,retry_later_2h,rule_based,True,Mapped issuer_unavailable -> retry_later_2h (assumed success rate 55%),2026-08-23T05:57:01.843310
pay_vRsN7vtSdzMvwp,1905.7,incorrect_pin,2,auto_recovery_attempted,send_reminder,rule_based,False,Mapped incorrect_pin -> send_reminder (assumed success rate 30%),2026-08-23T05:57:01.843355
pay_gLvD5GP9wHVH3f,3259.48,wallet_service_down,4,escalated_manual_review,escalate_to_human,stopping_rule,False,"Stopping rule triggered: 4 attempts already made, avoiding further automated contact",2026-08-23T05:57:01.843397
pay_rcfEhCRN3aRSez,2968.91,issuer_unavailable,1,auto_recovery_attempted,retry_later_2h,rule_based,True,Mapped issuer_unavailable -> retry_later_2h (assumed success rate 55%),2026-08-23T05:57:01.843435
pay_tQ6dib6g4PlbRn,2423.54,insufficient_balance,3,auto_recovery_attempted,send_reminder,rule_based,False,Mapped insufficient_balance -> send_reminder (assumed success rate 30%),2026-08-23T05:57:01.843474
pay_vZd3zq5BQnYp4O,1519.78,upi_collect_expired,2,auto_recovery_attempted,resend_collect_request,rule_based,False,Mapped upi_collect_expired -> resend_collect_request (assumed success rate 50%),2026-08-23T05:57:01.843513
pay_ETRh5doda490br,1985.65,wallet_service_down,3,auto_recovery_attempted,retry_later_2h,rule_based,False,Mapped wallet_service_down -> retry_later_2h (assumed success rate 55%),2026-08-23T05:57:01.843551
pay_4tgOO1wAyYyGhF,294.02,insufficient_funds,3,auto_recovery_attempted,retry_later_24h,rule_based,False,Mapped insufficient_funds -> retry_later_24h (assumed success rate 45%),2026-08-23T05:57:01.843590
pay_rXI8Agooe9A73N,1956.33,incorrect_otp,2,auto_recovery_attempted,send_reminder,rule_based,True,Mapped incorrect_otp -> send_reminder (assumed success rate 30%),2026-08-23T05:57:01.843628
pay_Yv4MmZU5wCb0hM,1164.63,bank_technical_error,2,auto_recovery_attempted,retry_immediately,rule_based,True,Mapped bank_technical_error -> retry_immediately (assumed success rate 65%),2026-08-23T05:57:01.843666
pay_Au2r5DwIC85JEZ,480.22,upi_collect_expired,1,auto_recovery_attempted,resend_collect_request,rule_based,False,Mapped upi_collect_expired -> resend_collect_request (assumed success rate 50%),2026-08-23T05:57:01.843703
pay_twEzCY9m4OkwXo,785.78,incorrect_pin,2,auto_recovery_attempted,send_reminder,rule_based,True,Mapped incorrect_pin -> send_reminder (assumed success rate 30%),2026-08-23T05:57:01.843739
pay_ukxjTwTCLngGXS,1216.34,session_timed_out,3,auto_recovery_attempted,send_reminder,rule_based,False,Mapped session_timed_out -> send_reminder (assumed success rate 30%),2026-08-23T05:57:01.843777
pay_OGDAOBchqYqTWc,659.48,card_declined,3,auto_recovery_attempted,send_reminder,rule_based,True,Mapped card_declined -> send_reminder (assumed success rate 30%),2026-08-23T05:57:01.843814
pay_vbTTwFGoND7gyZ,3059.97,issuer_unavailable,4,escalated_manual_review,escalate_to_human,stopping_rule,False,"Stopping rule triggered: 4 attempts already made, avoiding further automated contact",2026-08-23T05:57:01.843851
pay_n3WrsMxkd1OLPp,3445.77,issuer_unavailable,2,auto_recovery_attempted,retry_later_2h,rule_based,True,Mapped issuer_unavailable -> retry_later_2h (assumed success rate 55%),2026-08-23T05:57:01.843884
pay_msvSDyMNdruTPm,186.26,insufficient_balance,3,auto_recovery_attempted,send_reminder,rule_based,False,Mapped insufficient_balance -> send_reminder (assumed success rate 30%),2026-08-23T05:57:01.843921
pay_DsocEpEV7psjbh,482.15,wallet_service_down,3,auto_recovery_attempted,retry_later_2h,rule_based,True,Mapped wallet_service_down -> retry_later_2h (assumed success rate 55%),2026-08-23T05:57:01.843956
pay_QVsSl5HVbWvrL0,384.8,card_declined,1,auto_recovery_attempted,send_reminder,rule_based,False,Mapped card_declined -> send_reminder (assumed success rate 30%),2026-08-23T05:57:01.843993
pay_WisXhZcs8O3mgO,6115.51,issuer_unavailable,4,escalated_manual_review,escalate_to_human,stopping_rule,False,"Stopping rule triggered: 4 attempts already made, avoiding further automated contact",2026-08-23T05:57:01.844027
pay_jr51uQUxrqfg05,2252.13,insufficient_funds,3,auto_recovery_attempted,retry_later_24h,rule_based,False,Mapped insufficient_funds -> retry_later_24h (assumed success rate 45%),2026-08-23T05:57:01.844077
pay_EgQeiVV9b0ZIdA,2105.41,issuer_unavailable,1,auto_recovery_attempted,retry_later_2h,rule_based,False,Mapped issuer_unavailable -> retry_later_2h (assumed success rate 55%),2026-08-23T05:57:01.844118
pay_7MZU1JnJn5QLfk,1334.82,issuer_unavailable,2,auto_recovery_attempted,retry_later_2h,rule_based,True,Mapped issuer_unavailable -> retry_later_2h (assumed success rate 55%),2026-08-23T05:57:01.844158
pay_n8Lj2yld3U3vUD,1470.16,insufficient_funds,4,escalated_manual_review,escalate_to_human,stopping_rule,False,"Stopping rule triggered: 4 attempts already made, avoiding further automated contact",2026-08-23T05:57:01.844195
pay_jNOzOrvkNf38E7,317.05,issuer_unavailable,3,auto_recovery_attempted,retry_later_2h,rule_based,True,Mapped issuer_unavailable -> retry_later_2h (assumed success rate 55%),2026-08-23T05:57:01.844278
pay_6xw9KvIQkbQ9F2,368.5,incorrect_otp,4,escalated_manual_review,escalate_to_human,stopping_rule,False,"Stopping rule triggered: 4 attempts already made, avoiding further automated contact",2026-08-23T05:57:01.844332
pay_djNxpLjlaTKbYY,859.9,incorrect_otp,2,auto_recovery_attempted,send_reminder,rule_based,True,Mapped incorrect_otp -> send_reminder (assumed success rate 30%),2026-08-23T05:57:01.844372
pay_ocZIDTFnyAqjNM,2010.36,emi_not_supported,4,escalated_manual_review,escalate_to_human,stopping_rule,False,"Stopping rule triggered: 4 attempts already made, avoiding further automated contact",2026-08-23T05:57:01.844413
pay_WeG5yG0K7xkM7q,359.49,incorrect_pin,4,escalated_manual_review,escalate_to_human,stopping_rule,False,"Stopping rule triggered: 4 attempts already made, avoiding further automated contact",2026-08-23T05:57:01.844453
pay_RXRutpJaLqtel5,2816.32,card_declined,1,auto_recovery_attempted,send_reminder,rule_based,False,Mapped card_declined -> send_reminder (assumed success rate 30%),2026-08-23T05:57:01.844489
pay_IhkCYG1gEYjy3L,2717.43,session_timed_out,1,auto_recovery_attempted,send_reminder,rule_based,False,Mapped session_timed_out -> send_reminder (assumed success rate 30%),2026-08-23T05:57:01.844528
pay_ksuWHejBEeh274,4691.01,upi_collect_expired,2,auto_recovery_attempted,resend_collect_request,rule_based,True,Mapped upi_collect_expired -> resend_collect_request (assumed success rate 50%),2026-08-23T05:57:01.844566
pay_YdNdYMpA7xTQg6,2781.68,session_timed_out,4,escalated_manual_review,escalate_to_human,stopping_rule,False,"Stopping rule triggered: 4 attempts already made, avoiding further automated contact",2026-08-23T05:57:01.844605
pay_jvJwuToqkrEamI,4435.81,session_timed_out,4,escalated_manual_review,escalate_to_human,stopping_rule,False,"Stopping rule triggered: 4 attempts already made, avoiding further automated contact",2026-08-23T05:57:01.844640
pay_umpMHFAHUpPsZn,1919.27,insufficient_funds,2,auto_recovery_attempted,retry_later_24h,rule_based,False,Mapped insufficient_funds -> retry_later_24h (assumed success rate 45%),2026-08-23T05:57:01.844676
pay_Zx8YP00AONaKd3,821.37,insufficient_funds,3,auto_recovery_attempted,retry_later_24h,rule_based,True,Mapped insufficient_funds -> retry_later_24h (assumed success rate 45%),2026-08-23T05:57:01.844714
pay_64jVC3qnU6WrG8,3345.25,payment_declined,3,auto_recovery_attempted,send_reminder,rule_based,False,Mapped payment_declined -> send_reminder (assumed success rate 30%),2026-08-23T05:57:01.844752
pay_wINcPdUICp8oeG,1483.67,insufficient_funds,1,auto_recovery_attempted,retry_later_24h,rule_based,False,Mapped insufficient_funds -> retry_later_24h (assumed success rate 45%),2026-08-23T05:57:01.844791
pay_FL2EfsA2Luw0Or,4335.52,bank_technical_error,2,auto_recovery_attempted,retry_immediately,rule_based,False,Mapped bank_technical_error -> retry_immediately (assumed success rate 65%),2026-08-23T05:57:01.844828
pay_eZRznEmsthH3Sl,415.27,payment_declined,4,escalated_manual_review,escalate_to_human,stopping_rule,False,"Stopping rule triggered: 4 attempts already made, avoiding further automated contact",2026-08-23T05:57:01.844867
pay_N6fZBbosLDRjxx,572.86,issuer_unavailable,2,auto_recovery_attempted,retry_later_2h,rule_based,False,Mapped issuer_unavailable -> retry_later_2h (assumed success rate 55%),2026-08-23T05:57:01.844903
pay_pYF5POOahUMD0N,2015.82,card_declined,2,auto_recovery_attempted,send_reminder,rule_based,False,Mapped card_declined -> send_reminder (assumed success rate 30%),2026-08-23T05:57:01.844940
pay_nygTYR3UO0lWQF,696.84,card_declined,4,escalated_manual_review,escalate_to_human,stopping_rule,False,"Stopping rule triggered: 4 attempts already made, avoiding further automated contact",2026-08-23T05:57:01.844980
pay_SdnUFxMWSHfQFV,2032.61,bank_technical_error,1,auto_recovery_attempted,retry_immediately,rule_based,True,Mapped bank_technical_error -> retry_immediately (assumed success rate 65%),2026-08-23T05:57:01.845016
pay_IIgu84NKq8toRa,488.28,emi_not_supported,3,auto_recovery_attempted,suggest_alt_method,rule_based,False,Mapped emi_not_supported -> suggest_alt_method (assumed success rate 40%),2026-08-23T05:57:01.845066
pay_fibjhnEzfT5aFM,234.58,card_declined,1,auto_recovery_attempted,send_reminder,rule_based,True,Mapped card_declined -> send_reminder (assumed success rate 30%),2026-08-23T05:57:01.845111
pay_lH3bSCPOdB8ThL,1764.96,payment_declined,2,auto_recovery_attempted,send_reminder,rule_based,False,Mapped payment_declined -> send_reminder (assumed success rate 30%),2026-08-23T05:57:01.845149
pay_vKHJbpV7RDCnfM,2719.5,issuer_unavailable,2,auto_recovery_attempted,retry_later_2h,rule_based,True,Mapped issuer_unavailable -> retry_later_2h (assumed success rate 55%),2026-08-23T05:57:01.845187
pay_hvhReZ52KlBai2,248.74,card_declined,1,auto_recovery_attempted,send_reminder,rule_based,False,Mapped card_declined -> send_reminder (assumed success rate 30%),2026-08-23T05:57:01.845223
pay_2n80RUxh4gGof7,2735.05,session_timed_out,3,auto_recovery_attempted,send_reminder,rule_based,False,Mapped session_timed_out -> send_reminder (assumed success rate 30%),2026-08-23T05:57:01.845293
pay_bfEWBlcW70U0g2,1597.42,incorrect_pin,2,auto_recovery_attempted,send_reminder,rule_based,False,Mapped incorrect_pin -> send_reminder (assumed success rate 30%),2026-08-23T05:57:01.845339
pay_mCaXZzEMNaxjvt,3465.73,wallet_service_down,1,auto_recovery_attempted,retry_later_2h,rule_based,True,Mapped wallet_service_down -> retry_later_2h (assumed success rate 55%),2026-08-23T05:57:01.845380
pay_giJ1WOV2Zomcdp,3762.59,incorrect_otp,4,escalated_manual_review,escalate_to_human,stopping_rule,False,"Stopping rule triggered: 4 attempts already made, avoiding further automated contact",2026-08-23T05:57:01.845422
pay_1yyi2uN6XPEyCM,191.7,session_timed_out,4,escalated_manual_review,escalate_to_human,stopping_rule,False,"Stopping rule triggered: 4 attempts already made, avoiding further automated contact",2026-08-23T05:57:01.845459
pay_rvWmZG6b2yXol5,1499.04,payment_declined,3,auto_recovery_attempted,send_reminder,rule_based,False,Mapped payment_declined -> send_reminder (assumed success rate 30%),2026-08-23T05:57:01.845496
pay_Fj0lqhGpwlCMFk,5431.03,issuer_unavailable,4,escalated_manual_review,escalate_to_human,stopping_rule,False,"Stopping rule triggered: 4 attempts already made, avoiding further automated contact",2026-08-23T05:57:01.845536
pay_Hht1afnfpmcIqx,5736.51,upi_collect_expired,3,auto_recovery_attempted,resend_collect_request,rule_based,True,Mapped upi_collect_expired -> resend_collect_request (assumed success rate 50%),2026-08-23T05:57:01.845571
pay_GWkLmzqNXtcadL,2348.48,payment_declined,4,escalated_manual_review,escalate_to_human,stopping_rule,False,"Stopping rule triggered: 4 attempts already made, avoiding further automated contact",2026-08-23T05:57:01.845608
pay_qwC0eYClK1x9iE,305.91,card_declined,3,auto_recovery_attempted,send_reminder,rule_based,True,Mapped card_declined -> send_reminder (assumed success rate 30%),2026-08-23T05:57:01.845643
pay_o0Kl32Xoqt9dVz,3228.57,card_declined,4,escalated_manual_review,escalate_to_human,stopping_rule,False,"Stopping rule triggered: 4 attempts already made, avoiding further automated contact",2026-08-23T05:57:01.845683
pay_duNl7KYcbQK3Rp,3318.98,session_timed_out,4,escalated_manual_review,escalate_to_human,stopping_rule,False,"Stopping rule triggered: 4 attempts already made, avoiding further automated contact",2026-08-23T05:57:01.845718
pay_oFwnfSc0q06PGB,2032.64,card_declined,1,auto_recovery_attempted,send_reminder,rule_based,True,Mapped card_declined -> send_reminder (assumed success rate 30%),2026-08-23T05:57:01.845755
pay_v1dEtweSarCxay,6035.99,incorrect_otp,1,auto_recovery_attempted,send_reminder,rule_based,True,Mapped incorrect_otp -> send_reminder (assumed success rate 30%),2026-08-23T05:57:01.845792
pay_vTgy1UiGIldmLl,763.43,wallet_service_down,2,auto_recovery_attempted,retry_later_2h,rule_based,False,Mapped wallet_service_down -> retry_later_2h (assumed success rate 55%),2026-08-23T05:57:01.845831
pay_ZB8eezi8vT4Cj1,3764.62,payment_declined,4,escalated_manual_review,escalate_to_human,stopping_rule,False,"Stopping rule triggered: 4 attempts already made, avoiding further automated contact",2026-08-23T05:57:01.845868
pay_rok3TP8RRJIywp,1258.38,payment_declined,2,auto_recovery_attempted,send_reminder,rule_based,True,Mapped payment_declined -> send_reminder (assumed success rate 30%),2026-08-23T05:57:01.845903
pay_iICZv1Zi2c1uMu,988.51,upi_collect_expired,3,auto_recovery_attempted,resend_collect_request,rule_based,False,Mapped upi_collect_expired -> resend_collect_request (assumed success rate 50%),2026-08-23T05:57:01.845941
pay_sjSv23KoMHuYG7,2357.73,incorrect_otp,1,auto_recovery_attempted,send_reminder,rule_based,False,Mapped incorrect_otp -> send_reminder (assumed success rate 30%),2026-08-23T05:57:01.845978
pay_LVC3EaH9Lb2MWn,6023.8,insufficient_balance,1,auto_recovery_attempted,send_reminder,rule_based,True,Mapped insufficient_balance -> send_reminder (assumed success rate 30%),2026-08-23T05:57:01.846016
pay_LsPAcqt9ISmUsY,1092.4,session_timed_out,4,escalated_manual_review,escalate_to_human,stopping_rule,False,"Stopping rule triggered: 4 attempts already made, avoiding further automated contact",2026-08-23T05:57:01.846064
pay_yUk2S38pw2MB4f,290.55,upi_collect_expired,4,escalated_manual_review,escalate_to_human,stopping_rule,False,"Stopping rule triggered: 4 attempts already made, avoiding further automated contact",2026-08-23T05:57:01.846101
pay_w5Da69KTt7N68R,686.77,incorrect_pin,3,auto_recovery_attempted,send_reminder,rule_based,False,Mapped incorrect_pin -> send_reminder (assumed success rate 30%),2026-08-23T05:57:01.846136
pay_KHW6Qa9kjSdoFM,2825.49,incorrect_pin,1,auto_recovery_attempted,send_reminder,rule_based,False,Mapped incorrect_pin -> send_reminder (assumed success rate 30%),2026-08-23T05:57:01.846173
pay_tBvKj2eW2KO65N,912.09,emi_not_supported,4,escalated_manual_review,escalate_to_human,stopping_rule,False,"Stopping rule triggered: 4 attempts already made, avoiding further automated contact",2026-08-23T05:57:01.846211
pay_MIcuhEE4Yv6gE3,202.62,insufficient_funds,2,auto_recovery_attempted,retry_later_24h,rule_based,False,Mapped insufficient_funds -> retry_later_24h (assumed success rate 45%),2026-08-23T05:57:01.846266
pay_9yAA9D0MKyHHYE,601.82,upi_collect_expired,2,auto_recovery_attempted,resend_collect_request,rule_based,False,Mapped upi_collect_expired -> resend_collect_request (assumed success rate 50%),2026-08-23T05:57:01.846323
pay_v6tr5aDmJp8emS,3333.78,payment_declined,1,auto_recovery_attempted,send_reminder,rule_based,False,Mapped payment_declined -> send_reminder (assumed success rate 30%),2026-08-23T05:57:01.846367
pay_1zXZL6dWbfEr21,5935.64,incorrect_otp,4,escalated_manual_review,escalate_to_human,stopping_rule,False,"Stopping rule triggered: 4 attempts already made, avoiding further automated contact",2026-08-23T05:57:01.846407
pay_a47bn14PEx4UnE,69.69,issuer_unavailable,1,auto_recovery_attempted,retry_later_2h,rule_based,True,Mapped issuer_unavailable -> retry_later_2h (assumed success rate 55%),2026-08-23T05:57:01.846447
pay_tkePcxkII0VaTm,761.69,upi_collect_expired,4,escalated_manual_review,escalate_to_human,stopping_rule,False,"Stopping rule triggered: 4 attempts already made, avoiding further automated contact",2026-08-23T05:57:01.846485
pay_JfWaYAR0faGp4P,5539.11,insufficient_funds,2,auto_recovery_attempted,retry_later_24h,rule_based,False,Mapped insufficient_funds -> retry_later_24h (assumed success rate 45%),2026-08-23T05:57:01.846522
pay_WU8hqCceyAOKDU,2134.0,payment_declined,2,auto_recovery_attempted,send_reminder,rule_based,False,Mapped payment_declined -> send_reminder (assumed success rate 30%),2026-08-23T05:57:01.846560
pay_qHQfrByEqWlldE,2676.87,bank_technical_error,2,auto_recovery_attempted,retry_immediately,rule_based,False,Mapped bank_technical_error -> retry_immediately (assumed success rate 65%),2026-08-23T05:57:01.846600
pay_gVXTcclz7YykHT,6052.71,card_declined,1,auto_recovery_attempted,send_reminder,rule_based,True,Mapped card_declined -> send_reminder (assumed success rate 30%),2026-08-23T05:57:01.846638
pay_FuNv59RQ1AhKqt,3242.79,emi_not_supported,3,auto_recovery_attempted,suggest_alt_method,rule_based,False,Mapped emi_not_supported -> suggest_alt_method (assumed success rate 40%),2026-08-23T05:57:01.846675
pay_CvllrAVJI6IGOw,5257.21,upi_collect_expired,3,auto_recovery_attempted,resend_collect_request,rule_based,True,Mapped upi_collect_expired -> resend_collect_request (assumed success rate 50%),2026-08-23T05:57:01.846713
pay_Rwc9D7L6tXGh7v,2300.19,insufficient_balance,1,auto_recovery_attempted,send_reminder,rule_based,True,Mapped insufficient_balance -> send_reminder (assumed success rate 30%),2026-08-23T05:57:01.846750
pay_r7bzlXtVlGtRhh,813.44,insufficient_funds,2,auto_recovery_attempted,retry_later_24h,rule_based,True,Mapped insufficient_funds -> retry_later_24h (assumed success rate 45%),2026-08-23T05:57:01.846787
pay_RWcJQXyjjb7Biz,1319.09,card_declined,1,auto_recovery_attempted,send_reminder,rule_based,False,Mapped card_declined -> send_reminder (assumed success rate 30%),2026-08-23T05:57:01.846825
pay_hUs5UaDZGAXymk,3726.84,incorrect_pin,4,escalated_manual_review,escalate_to_human,stopping_rule,False,"Stopping rule triggered: 4 attempts already made, avoiding further automated contact",2026-08-23T05:57:01.846863
pay_ohj6JCZDOd2vT2,5155.12,wallet_service_down,1,auto_recovery_attempted,retry_later_2h,rule_based,False,Mapped wallet_service_down -> retry_later_2h (assumed success rate 55%),2026-08-23T05:57:01.846898
pay_2ckag8wlyUGL5P,1245.73,upi_collect_expired,3,auto_recovery_attempted,resend_collect_request,rule_based,False,Mapped upi_collect_expired -> resend_collect_request (assumed success rate 50%),2026-08-23T05:57:01.846936
pay_47CmtSFlbuijqy,2293.04,upi_collect_expired,1,auto_recovery_attempted,resend_collect_request,rule_based,False,Mapped upi_collect_expired -> resend_collect_request (assumed success rate 50%),2026-08-23T05:57:01.846972
pay_GRmBJrhTVRYKB8,1010.75,insufficient_balance,1,auto_recovery_attempted,send_reminder,rule_based,False,Mapped insufficient_balance -> send_reminder (assumed success rate 30%),2026-08-23T05:57:01.847010
pay_DGM9535se8UdDb,2788.65,issuer_unavailable,2,auto_recovery_attempted,retry_later_2h,rule_based,True,Mapped issuer_unavailable -> retry_later_2h (assumed success rate 55%),2026-08-23T05:57:01.847058
pay_Gojc0uSYCxs2yY,1200.82,incorrect_pin,1,auto_recovery_attempted,send_reminder,rule_based,False,Mapped incorrect_pin -> send_reminder (assumed success rate 30%),2026-08-23T05:57:01.847099
pay_mjJM9njkYl0EQd,1546.73,issuer_unavailable,2,auto_recovery_attempted,retry_later_2h,rule_based,False,Mapped issuer_unavailable -> retry_later_2h (assumed success rate 55%),2026-08-23T05:57:01.847139
pay_LYyg19HqHzz3og,4468.58,payment_declined,3,auto_recovery_attempted,send_reminder,rule_based,True,Mapped payment_declined -> send_reminder (assumed success rate 30%),2026-08-23T05:57:01.847198
pay_46L3XGIhYhQGrJ,473.58,upi_collect_expired,4,escalated_manual_review,escalate_to_human,stopping_rule,False,"Stopping rule triggered: 4 attempts already made, avoiding further automated contact",2026-08-23T05:57:01.847258
pay_USsJSeWuSsRlKC,901.26,incorrect_pin,4,escalated_manual_review,escalate_to_human,stopping_rule,False,"Stopping rule triggered: 4 attempts already made, avoiding further automated contact",2026-08-23T05:57:01.847312
pay_h2m3RbwzbDOGiS,1172.57,issuer_unavailable,2,auto_recovery_attempted,retry_later_2h,rule_based,False,Mapped issuer_unavailable -> retry_later_2h (assumed success rate 55%),2026-08-23T05:57:01.847350
pay_vcKZWJibYe2O8l,2705.82,incorrect_pin,4,escalated_manual_review,escalate_to_human,stopping_rule,False,"Stopping rule triggered: 4 attempts already made, avoiding further automated contact",2026-08-23T05:57:01.847392
pay_kPQlmTZybjK3qB,331.5,card_declined,2,auto_recovery_attempted,send_reminder,rule_based,False,Mapped card_declined -> send_reminder (assumed success rate 30%),2026-08-23T05:57:01.847428
pay_cy4blUhALbzmqM,438.91,incorrect_pin,1,auto_recovery_attempted,send_reminder,rule_based,False,Mapped incorrect_pin -> send_reminder (assumed success rate 30%),2026-08-23T05:57:01.847468
pay_5WqwPcEmjlqfKX,2789.82,insufficient_funds,1,auto_recovery_attempted,retry_later_24h,rule_based,False,Mapped insufficient_funds -> retry_later_24h (assumed success rate 45%),2026-08-23T05:57:01.847507
pay_psUtN2rSJ1e1ba,72.56,incorrect_otp,3,auto_recovery_attempted,send_reminder,rule_based,False,Mapped incorrect_otp -> send_reminder (assumed success rate 30%),2026-08-23T05:57:01.847547
pay_Vxd0WvCbyZJa7Z,542.64,card_declined,3,auto_recovery_attempted,send_reminder,rule_based,False,Mapped card_declined -> send_reminder (assumed success rate 30%),2026-08-23T05:57:01.847587
pay_nDpYWGbnyknBI5,1070.8,emi_not_supported,3,auto_recovery_attempted,suggest_alt_method,rule_based,False,Mapped emi_not_supported -> suggest_alt_method (assumed success rate 40%),2026-08-23T05:57:01.847626
pay_I8covwUYApZRgx,1584.64,payment_declined,3,auto_recovery_attempted,send_reminder,rule_based,False,Mapped payment_declined -> send_reminder (assumed success rate 30%),2026-08-23T05:57:01.847662
pay_5pT2fMF7YZsfqy,3786.45,incorrect_otp,4,escalated_manual_review,escalate_to_human,stopping_rule,False,"Stopping rule triggered: 4 attempts already made, avoiding further automated contact",2026-08-23T05:57:01.847700
pay_cV0L3ERSCGYjEp,771.79,payment_declined,2,auto_recovery_attempted,send_reminder,rule_based,True,Mapped payment_declined -> send_reminder (assumed success rate 30%),2026-08-23T05:57:01.847735
pay_NLIsJVIRzTxMsf,3962.62,issuer_unavailable,3,auto_recovery_attempted,retry_later_2h,rule_based,False,Mapped issuer_unavailable -> retry_later_2h (assumed success rate 55%),2026-08-23T05:57:01.847773
pay_bEBOxIGG1Ktd7g,893.08,insufficient_funds,1,auto_recovery_attempted,retry_later_24h,rule_based,False,Mapped insufficient_funds -> retry_later_24h (assumed success rate 45%),2026-08-23T05:57:01.847811
pay_G3NPYJdUlicGAA,111.24,incorrect_pin,3,auto_recovery_attempted,send_reminder,rule_based,True,Mapped incorrect_pin -> send_reminder (assumed success rate 30%),2026-08-23T05:57:01.847849
pay_OeZtGIYiQ7BmhW,4061.73,insufficient_funds,3,auto_recovery_attempted,retry_later_24h,rule_based,False,Mapped insufficient_funds -> retry_later_24h (assumed success rate 45%),2026-08-23T05:57:01.847888
pay_JSsmIOx4hC64IQ,444.37,payment_declined,2,auto_recovery_attempted,send_reminder,rule_based,False,Mapped payment_declined -> send_reminder (assumed success rate 30%),2026-08-23T05:57:01.847927
pay_Qrf6MY7GAgbhY5,1026.71,upi_collect_expired,2,auto_recovery_attempted,resend_collect_request,rule_based,False,Mapped upi_collect_expired -> resend_collect_request (assumed success rate 50%),2026-08-23T05:57:01.847963
pay_GJzDvWTGyNM8FZ,5893.75,bank_technical_error,2,auto_recovery_attempted,retry_immediately,rule_based,True,Mapped bank_technical_error -> retry_immediately (assumed success rate 65%),2026-08-23T05:57:01.848001
pay_E0192CqvZUwTIF,776.65,upi_collect_expired,1,auto_recovery_attempted,resend_collect_request,rule_based,False,Mapped upi_collect_expired -> resend_collect_request (assumed success rate 50%),2026-08-23T05:57:01.848045
pay_VYYUGhLlSz75ix,1134.7,issuer_unavailable,3,auto_recovery_attempted,retry_later_2h,rule_based,False,Mapped issuer_unavailable -> retry_later_2h (assumed success rate 55%),2026-08-23T05:57:01.848089
pay_H20p6Iq1vdlCmK,460.77,upi_collect_expired,2,auto_recovery_attempted,resend_collect_request,rule_based,True,Mapped upi_collect_expired -> resend_collect_request (assumed success rate 50%),2026-08-23T05:57:01.848128
pay_Srx19GU2de0sOO,1081.11,session_timed_out,3,auto_recovery_attempted,send_reminder,rule_based,True,Mapped session_timed_out -> send_reminder (assumed success rate 30%),2026-08-23T05:57:01.848166
pay_CyuPcIzCaw2pam,4537.59,incorrect_pin,2,auto_recovery_attempted,send_reminder,rule_based,False,Mapped incorrect_pin -> send_reminder (assumed success rate 30%),2026-08-23T05:57:01.848202
pay_EnsXCxdDyKLMs9,2988.48,payment_declined,1,auto_recovery_attempted,send_reminder,rule_based,True,Mapped payment_declined -> send_reminder (assumed success rate 30%),2026-08-23T05:57:01.848293
pay_rPv6s5gkzZjzyD,2186.54,issuer_unavailable,2,auto_recovery_attempted,retry_later_2h,rule_based,False,Mapped issuer_unavailable -> retry_later_2h (assumed success rate 55%),2026-08-23T05:57:01.848338
pay_jEn5c33caRbPbr,56.85,payment_declined,1,auto_recovery_attempted,send_reminder,rule_based,False,Mapped payment_declined -> send_reminder (assumed success rate 30%),2026-08-23T05:57:01.848379
pay_BMsVnOzgWYSOrz,527.14,insufficient_funds,4,escalated_manual_review,escalate_to_human,stopping_rule,False,"Stopping rule triggered: 4 attempts already made, avoiding further automated contact",2026-08-23T05:57:01.848419
pay_FiC5WMl7ds9uJu,492.9,insufficient_funds,3,auto_recovery_attempted,retry_later_24h,rule_based,True,Mapped insufficient_funds -> retry_later_24h (assumed success rate 45%),2026-08-23T05:57:01.848455
pay_gYv4SYCjQXdyE3,1510.03,upi_collect_expired,4,escalated_manual_review,escalate_to_human,stopping_rule,False,"Stopping rule triggered: 4 attempts already made, avoiding further automated contact",2026-08-23T05:57:01.848494
pay_ORTBMC6m5Rlrlw,2135.15,payment_declined,3,auto_recovery_attempted,send_reminder,rule_based,False,Mapped payment_declined -> send_reminder (assumed success rate 30%),2026-08-23T05:57:01.848533
pay_NpEnOGkELmX3rF,468.97,insufficient_balance,2,auto_recovery_attempted,send_reminder,rule_based,False,Mapped insufficient_balance -> send_reminder (assumed success rate 30%),2026-08-23T05:57:01.848573
pay_X3hWJo5molO5Zd,202.07,upi_collect_expired,1,auto_recovery_attempted,resend_collect_request,rule_based,False,Mapped upi_collect_expired -> resend_collect_request (assumed success rate 50%),2026-08-23T05:57:01.848612
pay_RzVlm9bZYYcg8e,1859.97,payment_declined,1,auto_recovery_attempted,send_reminder,rule_based,False,Mapped payment_declined -> send_reminder (assumed success rate 30%),2026-08-23T05:57:01.848650
pay_SuXVJGeDyCkhy9,115.34,upi_collect_expired,2,auto_recovery_attempted,resend_collect_request,rule_based,False,Mapped upi_collect_expired -> resend_collect_request (assumed success rate 50%),2026-08-23T05:57:01.848689
pay_V43BcQ9b80Ndoj,57.74,upi_collect_expired,3,auto_recovery_attempted,resend_collect_request,rule_based,True,Mapped upi_collect_expired -> resend_collect_request (assumed success rate 50%),2026-08-23T05:57:01.848725
pay_mjAEHjBmgPgVKE,800.02,incorrect_otp,4,escalated_manual_review,escalate_to_human,stopping_rule,False,"Stopping rule triggered: 4 attempts already made, avoiding further automated contact",2026-08-23T05:57:01.848763
pay_Fj4jR7Ferugkjd,3306.62,issuer_unavailable,4,escalated_manual_review,escalate_to_human,stopping_rule,False,"Stopping rule triggered: 4 attempts already made, avoiding further automated contact",2026-08-23T05:57:01.848798
pay_qd0TWvkL7S1SMJ,1710.2,incorrect_pin,2,auto_recovery_attempted,send_reminder,rule_based,False,Mapped incorrect_pin -> send_reminder (assumed success rate 30%),2026-08-23T05:57:01.848834
pay_VEaR5XdFbOP6D3,1444.16,bank_technical_error,2,auto_recovery_attempted,retry_immediately,rule_based,False,Mapped bank_technical_error -> retry_immediately (assumed success rate 65%),2026-08-23T05:57:01.848874
pay_ZTN299xU0RLKiQ,3578.87,issuer_unavailable,2,auto_recovery_attempted,retry_later_2h,rule_based,True,Mapped issuer_unavailable -> retry_later_2h (assumed success rate 55%),2026-08-23T05:57:01.848914
pay_qZw95h2QGDZTSN,755.38,bank_technical_error,3,auto_recovery_attempted,retry_immediately,rule_based,False,Mapped bank_technical_error -> retry_immediately (assumed success rate 65%),2026-08-23T05:57:01.848951
pay_eiwGc2LjDTKhdu,3427.8,insufficient_funds,4,escalated_manual_review,escalate_to_human,stopping_rule,False,"Stopping rule triggered: 4 attempts already made, avoiding further automated contact",2026-08-23T05:57:01.848987
pay_YyyohOsh6oW3yN,1033.34,incorrect_otp,3,auto_recovery_attempted,send_reminder,rule_based,False,Mapped incorrect_otp -> send_reminder (assumed success rate 30%),2026-08-23T05:57:01.849021
pay_BqWtcDjMZsnqaz,1470.79,session_timed_out,1,auto_recovery_attempted,send_reminder,rule_based,False,Mapped session_timed_out -> send_reminder (assumed success rate 30%),2026-08-23T05:57:01.849070
pay_TVWbEpPbcapwFx,282.17,issuer_unavailable,2,auto_recovery_attempted,retry_later_2h,rule_based,True,Mapped issuer_unavailable -> retry_later_2h (assumed success rate 55%),2026-08-23T05:57:01.849110
pay_CwuOJUkOopF99n,84.35,insufficient_funds,3,auto_recovery_attempted,retry_later_24h,rule_based,False,Mapped insufficient_funds -> retry_later_24h (assumed success rate 45%),2026-08-23T05:57:01.849148
pay_CgVR8BoBxcaWox,5184.46,incorrect_pin,4,escalated_manual_review,escalate_to_human,stopping_rule,False,"Stopping rule triggered: 4 attempts already made, avoiding further automated contact",2026-08-23T05:57:01.849188
pay_0UOfLZbUxtDjKI,4243.41,card_declined,3,auto_recovery_attempted,send_reminder,rule_based,False,Mapped card_declined -> send_reminder (assumed success rate 30%),2026-08-23T05:57:01.849224
pay_8stRGusV06IlUH,544.54,payment_declined,3,auto_recovery_attempted,send_reminder,rule_based,True,Mapped payment_declined -> send_reminder (assumed success rate 30%),2026-08-23T05:57:01.849297
pay_BiOZh76YCNC7Vg,873.36,insufficient_funds,1,auto_recovery_attempted,retry_later_24h,rule_based,True,Mapped insufficient_funds -> retry_later_24h (assumed success rate 45%),2026-08-23T05:57:01.849343
pay_YsgxBIDIcGnztl,2200.17,insufficient_balance,1,auto_recovery_attempted,send_reminder,rule_based,True,Mapped insufficient_balance -> send_reminder (assumed success rate 30%),2026-08-23T05:57:01.849385
pay_TzJfIVS5FGFaJK,464.69,incorrect_pin,1,auto_recovery_attempted,send_reminder,rule_based,False,Mapped incorrect_pin -> send_reminder (assumed success rate 30%),2026-08-23T05:57:01.849426
pay_ul2hkb7bNqC6Zg,266.11,incorrect_otp,4,escalated_manual_review,escalate_to_human,stopping_rule,False,"Stopping rule triggered: 4 attempts already made, avoiding further automated contact",2026-08-23T05:57:01.849465
pay_ZorScbRhcsLoYA,1663.95,incorrect_pin,2,auto_recovery_attempted,send_reminder,rule_based,False,Mapped incorrect_pin -> send_reminder (assumed success rate 30%),2026-08-23T05:57:01.849500
pay_wPt4ukgrN4lLU3,4843.96,card_declined,4,escalated_manual_review,escalate_to_human,stopping_rule,False,"Stopping rule triggered: 4 attempts already made, avoiding further automated contact",2026-08-23T05:57:01.849539
pay_A0M11YrgRjrbw8,223.02,upi_collect_expired,1,auto_recovery_attempted,resend_collect_request,rule_based,False,Mapped upi_collect_expired -> resend_collect_request (assumed success rate 50%),2026-08-23T05:57:01.849573
pay_padfv5FrfuWhCi,3714.63,card_declined,3,auto_recovery_attempted,send_reminder,rule_based,False,Mapped card_declined -> send_reminder (assumed success rate 30%),2026-08-23T05:57:01.849615
pay_rRRUBAj31mSFdS,432.42,emi_not_supported,4,escalated_manual_review,escalate_to_human,stopping_rule,False,"Stopping rule triggered: 4 attempts already made, avoiding further automated contact",2026-08-23T05:57:01.849653
pay_ljoYosMTCqzQmn,119.82,card_declined,3,auto_recovery_attempted,send_reminder,rule_based,True,Mapped card_declined -> send_reminder (assumed success rate 30%),2026-08-23T05:57:01.849689
pay_fz4qU1fxpQkvl7,3587.09,insufficient_balance,2,auto_recovery_attempted,send_reminder,rule_based,False,Mapped insufficient_balance -> send_reminder (assumed success rate 30%),2026-08-23T05:57:01.849727
pay_igeaDpiEqZyy3Z,2254.63,issuer_unavailable,3,auto_recovery_attempted,retry_later_2h,rule_based,False,Mapped issuer_unavailable -> retry_later_2h (assumed success rate 55%),2026-08-23T05:57:01.849765
pay_UO7pXJRVOKGj7O,1211.27,card_declined,2,auto_recovery_attempted,send_reminder,rule_based,True,Mapped card_declined -> send_reminder (assumed success rate 30%),2026-08-23T05:57:01.849803
pay_P0DHh3kdh7RZfa,1268.83,bank_technical_error,1,auto_recovery_attempted,retry_immediately,rule_based,True,Mapped bank_technical_error -> retry_immediately (assumed success rate 65%),2026-08-23T05:57:01.849839
pay_iDbVy6EGwXPV7U,84.64,issuer_unavailable,1,auto_recovery_attempted,retry_later_2h,rule_based,True,Mapped issuer_unavailable -> retry_later_2h (assumed success rate 55%),2026-08-23T05:57:01.849877
pay_ry24eDAMEFvAaC,806.49,insufficient_balance,4,escalated_manual_review,escalate_to_human,stopping_rule,False,"Stopping rule triggered: 4 attempts already made, avoiding further automated contact",2026-08-23T05:57:01.849912
pay_TW4jIhg2gS1p0F,2193.66,bank_technical_error,3,auto_recovery_attempted,retry_immediately,rule_based,False,Mapped bank_technical_error -> retry_immediately (assumed success rate 65%),2026-08-23T05:57:01.849947
pay_Aff57WSyOIqBSw,3116.08,card_declined,2,auto_recovery_attempted,send_reminder,rule_based,False,Mapped card_declined -> send_reminder (assumed success rate 30%),2026-08-23T05:57:01.849984
pay_jvRc2EozydLEME,1097.08,insufficient_funds,3,auto_recovery_attempted,retry_later_24h,rule_based,False,Mapped insufficient_funds -> retry_later_24h (assumed success rate 45%),2026-08-23T05:57:01.850023
pay_J3gGNu4bNwJBZL,2988.2,wallet_service_down,4,escalated_manual_review,escalate_to_human,stopping_rule,False,"Stopping rule triggered: 4 attempts already made, avoiding further automated contact",2026-08-23T05:57:01.850073
pay_jSLQShunmVwR31,538.27,card_declined,3,auto_recovery_attempted,send_reminder,rule_based,False,Mapped card_declined -> send_reminder (assumed success rate 30%),2026-08-23T05:57:01.850112
pay_Ridycbreisqsf7,4020.45,upi_collect_expired,4,escalated_manual_review,escalate_to_human,stopping_rule,False,"Stopping rule triggered: 4 attempts already made, avoiding further automated contact",2026-08-23T05:57:01.850150
pay_dD95hiTvNFFcz4,1446.17,insufficient_funds,1,auto_recovery_attempted,retry_later_24h,rule_based,False,Mapped insufficient_funds -> retry_later_24h (assumed success rate 45%),2026-08-23T05:57:01.850185
pay_z5cuLdoAByIEco,3547.9,session_timed_out,1,auto_recovery_attempted,send_reminder,rule_based,False,Mapped session_timed_out -> send_reminder (assumed success rate 30%),2026-08-23T05:57:01.850224
pay_XPos6KEZR15l3w,892.68,wallet_service_down,4,escalated_manual_review,escalate_to_human,stopping_rule,False,"Stopping rule triggered: 4 attempts already made, avoiding further automated contact",2026-08-23T05:57:01.850292
pay_Hl3O5u4jUyxjjd,1978.86,incorrect_pin,2,auto_recovery_attempted,send_reminder,rule_based,False,Mapped incorrect_pin -> send_reminder (assumed success rate 30%),2026-08-23T05:57:01.850333
pay_hflPLl9Br4PkF2,3486.54,issuer_unavailable,1,auto_recovery_attempted,retry_later_2h,rule_based,True,Mapped issuer_unavailable -> retry_later_2h (assumed success rate 55%),2026-08-23T05:57:01.850373
pay_MgYSs5OEy1DeXj,911.31,upi_collect_expired,1,auto_recovery_attempted,resend_collect_request,rule_based,True,Mapped upi_collect_expired -> resend_collect_request (assumed success rate 50%),2026-08-23T05:57:01.850417
pay_2bO9gWfhy2pBE3,1750.11,incorrect_otp,2,auto_recovery_attempted,send_reminder,rule_based,True,Mapped incorrect_otp -> send_reminder (assumed success rate 30%),2026-08-23T05:57:01.850457
pay_2NlSjzrzi80SB3,642.99,payment_declined,1,auto_recovery_attempted,send_reminder,rule_based,True,Mapped payment_declined -> send_reminder (assumed success rate 30%),2026-08-23T05:57:01.850497
pay_uC0uVJy9mlJEh3,332.94,incorrect_pin,1,auto_recovery_attempted,send_reminder,rule_based,False,Mapped incorrect_pin -> send_reminder (assumed success rate 30%),2026-08-23T05:57:01.850535
pay_m35kpbgjSWIlCw,4817.67,insufficient_funds,4,escalated_manual_review,escalate_to_human,stopping_rule,False,"Stopping rule triggered: 4 attempts already made, avoiding further automated contact",2026-08-23T05:57:01.850573
pay_umN3rDTSjRb6Ag,1653.1,payment_declined,3,auto_recovery_attempted,send_reminder,rule_based,False,Mapped payment_declined -> send_reminder (assumed success rate 30%),2026-08-23T05:57:01.850609
pay_uxDX2HExsvbHtv,331.76,issuer_unavailable,2,auto_recovery_attempted,retry_later_2h,rule_based,True,Mapped issuer_unavailable -> retry_later_2h (assumed success rate 55%),2026-08-23T05:57:01.850648
pay_88laZ8mwVkTvcq,906.56,insufficient_funds,4,escalated_manual_review,escalate_to_human,stopping_rule,False,"Stopping rule triggered: 4 attempts already made, avoiding further automated contact",2026-08-23T05:57:01.850686
pay_vjzG5ih0WY1wGu,242.1,issuer_unavailable,4,escalated_manual_review,escalate_to_human,stopping_rule,False,"Stopping rule triggered: 4 attempts already made, avoiding further automated contact",2026-08-23T05:57:01.850722
pay_SOi84LvyvMPF6a,687.3,incorrect_pin,3,auto_recovery_attempted,send_reminder,rule_based,True,Mapped incorrect_pin -> send_reminder (assumed success rate 30%),2026-08-23T05:57:01.850756
pay_IQkpedQre8rktE,631.51,session_timed_out,1,auto_recovery_attempted,send_reminder,rule_based,False,Mapped session_timed_out -> send_reminder (assumed success rate 30%),2026-08-23T05:57:01.850793
pay_czarZo3rBjrQFl,1551.37,card_declined,3,auto_recovery_attempted,send_reminder,rule_based,False,Mapped card_declined -> send_reminder (assumed success rate 30%),2026-08-23T05:57:01.850831
pay_SxnjYk2DQ2Vinh,804.24,card_declined,1,auto_recovery_attempted,send_reminder,rule_based,False,Mapped card_declined -> send_reminder (assumed success rate 30%),2026-08-23T05:57:01.850869
pay_1kdKVyBGEXoBZD,247.58,payment_declined,1,auto_recovery_attempted,send_reminder,rule_based,False,Mapped payment_declined -> send_reminder (assumed success rate 30%),2026-08-23T05:57:01.850905
pay_tyV2q8QC4TA0Tx,845.97,insufficient_funds,1,auto_recovery_attempted,retry_later_24h,rule_based,True,Mapped insufficient_funds -> retry_later_24h (assumed success rate 45%),2026-08-23T05:57:01.850942
pay_wJ7trMPkljQvza,4328.05,card_declined,4,escalated_manual_review,escalate_to_human,stopping_rule,False,"Stopping rule triggered: 4 attempts already made, avoiding further automated contact",2026-08-23T05:57:01.850979
pay_nS3kxgfHoJtk9P,3566.73,upi_collect_expired,4,escalated_manual_review,escalate_to_human,stopping_rule,False,"Stopping rule triggered: 4 attempts already made, avoiding further automated contact",2026-08-23T05:57:01.851013
pay_8G9HGdRrZDmxYU,1306.08,insufficient_funds,1,auto_recovery_attempted,retry_later_24h,rule_based,True,Mapped insufficient_funds -> retry_later_24h (assumed success rate 45%),2026-08-23T05:57:01.851057
pay_8oyMz2tO5AzZB8,1509.24,insufficient_balance,3,auto_recovery_attempted,send_reminder,rule_based,False,Mapped insufficient_balance -> send_reminder (assumed success rate 30%),2026-08-23T05:57:01.851101
pay_BsB1mpLUwtQqZh,906.27,emi_not_supported,2,auto_recovery_attempted,suggest_alt_method,rule_based,False,Mapped emi_not_supported -> suggest_alt_method (assumed success rate 40%),2026-08-23T05:57:01.851141
pay_jqalZS5I5r6DQK,809.71,incorrect_otp,4,escalated_manual_review,escalate_to_human,stopping_rule,False,"Stopping rule triggered: 4 attempts already made, avoiding further automated contact",2026-08-23T05:57:01.851177
pay_3N8h5PjUFMtKuN,5152.68,issuer_unavailable,4,escalated_manual_review,escalate_to_human,stopping_rule,False,"Stopping rule triggered: 4 attempts already made, avoiding further automated contact",2026-08-23T05:57:01.851212
pay_qmjYFNgl4jYxXn,3374.64,incorrect_pin,2,auto_recovery_attempted,send_reminder,rule_based,True,Mapped incorrect_pin -> send_reminder (assumed success rate 30%),2026-08-23T05:57:01.851270
pay_hjaJwfdK9ZSLQB,8317.65,insufficient_balance,2,auto_recovery_attempted,send_reminder,rule_based,False,Mapped insufficient_balance -> send_reminder (assumed success rate 30%),2026-08-23T05:57:01.851327
pay_UYE1LmpJGYrBHe,1811.9,insufficient_funds,2,auto_recovery_attempted,retry_later_24h,rule_based,False,Mapped insufficient_funds -> retry_later_24h (assumed success rate 45%),2026-08-23T05:57:01.851370
pay_fZBLedOTKBR723,2286.73,incorrect_otp,1,auto_recovery_attempted,send_reminder,rule_based,False,Mapped incorrect_otp -> send_reminder (assumed success rate 30%),2026-08-23T05:57:01.851410
pay_TTf8fei2oW2FVl,909.32,upi_collect_expired,4,escalated_manual_review,escalate_to_human,stopping_rule,False,"Stopping rule triggered: 4 attempts already made, avoiding further automated contact",2026-08-23T05:57:01.851449
pay_MjWQUloy3i2yTv,2872.34,insufficient_funds,4,escalated_manual_review,escalate_to_human,stopping_rule,False,"Stopping rule triggered: 4 attempts already made, avoiding further automated contact",2026-08-23T05:57:01.851485
pay_GJ5ER7y1rZN6jc,898.86,incorrect_pin,3,auto_recovery_attempted,send_reminder,rule_based,False,Mapped incorrect_pin -> send_reminder (assumed success rate 30%),2026-08-23T05:57:01.851521
pay_GTkWcIVEPdCAzX,1635.99,upi_collect_expired,2,auto_recovery_attempted,resend_collect_request,rule_based,False,Mapped upi_collect_expired -> resend_collect_request (assumed success rate 50%),2026-08-23T05:57:01.851559
pay_3RJ9e8VyjlFiuS,941.25,session_timed_out,4,escalated_manual_review,escalate_to_human,stopping_rule,False,"Stopping rule triggered: 4 attempts already made, avoiding further automated contact",2026-08-23T05:57:01.851599
pay_5mTDp2f958AEwa,6326.77,incorrect_otp,3,auto_recovery_attempted,send_reminder,rule_based,False,Mapped incorrect_otp -> send_reminder (assumed success rate 30%),2026-08-23T05:57:01.851635
pay_C9sRiPUUeE1Oku,1786.51,wallet_service_down,4,escalated_manual_review,escalate_to_human,stopping_rule,False,"Stopping rule triggered: 4 attempts already made, avoiding further automated contact",2026-08-23T05:57:01.851674
pay_28CMz4KL93V9qd,632.61,payment_declined,1,auto_recovery_attempted,send_reminder,rule_based,False,Mapped payment_declined -> send_reminder (assumed success rate 30%),2026-08-23T05:57:01.851707
pay_WzHN6RaV2OO5X0,1414.98,issuer_unavailable,2,auto_recovery_attempted,retry_later_2h,rule_based,True,Mapped issuer_unavailable -> retry_later_2h (assumed success rate 55%),2026-08-23T05:57:01.851745
pay_6sNeOMXmIWmIiY,771.61,incorrect_otp,4,escalated_manual_review,escalate_to_human,stopping_rule,False,"Stopping rule triggered: 4 attempts already made, avoiding further automated contact",2026-08-23T05:57:01.851783
pay_rpDPBC79IIkPRT,139.19,payment_declined,3,auto_recovery_attempted,send_reminder,rule_based,True,Mapped payment_declined -> send_reminder (assumed success rate 30%),2026-08-23T05:57:01.851817
pay_GLLG5wUMCfdphR,1365.95,upi_collect_expired,1,auto_recovery_attempted,resend_collect_request,rule_based,True,Mapped upi_collect_expired -> resend_collect_request (assumed success rate 50%),2026-08-23T05:57:01.851854
pay_TszzGHrtEvGaDU,1022.98,bank_technical_error,3,auto_recovery_attempted,retry_immediately,rule_based,False,Mapped bank_technical_error -> retry_immediately (assumed success rate 65%),2026-08-23T05:57:01.851891
pay_9EGUoC47oDwgS2,1427.68,incorrect_pin,2,auto_recovery_attempted,send_reminder,rule_based,True,Mapped incorrect_pin -> send_reminder (assumed success rate 30%),2026-08-23T05:57:01.851930
pay_HXqK7VJxR3WDV1,640.5,insufficient_funds,2,auto_recovery_attempted,retry_later_24h,rule_based,False,Mapped insufficient_funds -> retry_later_24h (assumed success rate 45%),2026-08-23T05:57:01.851968
pay_BNe35WdGF3prJu,923.5,card_declined,2,auto_recovery_attempted,send_reminder,rule_based,False,Mapped card_declined -> send_reminder (assumed success rate 30%),2026-08-23T05:57:01.852004
pay_vKn9aEoKnoti4G,1958.67,upi_collect_expired,4,escalated_manual_review,escalate_to_human,stopping_rule,False,"Stopping rule triggered: 4 attempts already made, avoiding further automated contact",2026-08-23T05:57:01.852051
pay_4B19oZDNqXvPVq,2121.06,card_declined,3,auto_recovery_attempted,send_reminder,rule_based,True,Mapped card_declined -> send_reminder (assumed success rate 30%),2026-08-23T05:57:01.852092
pay_6NQR4aPNJCquZX,2016.01,issuer_unavailable,1,auto_recovery_attempted,retry_later_2h,rule_based,False,Mapped issuer_unavailable -> retry_later_2h (assumed success rate 55%),2026-08-23T05:57:01.852130
pay_eBXIV0dokVUoAw,3757.26,bank_technical_error,4,escalated_manual_review,escalate_to_human,stopping_rule,False,"Stopping rule triggered: 4 attempts already made, avoiding further automated contact",2026-08-23T05:57:01.852178
pay_bupZySs98PyfJS,413.33,card_declined,3,auto_recovery_attempted,send_reminder,rule_based,False,Mapped card_declined -> send_reminder (assumed success rate 30%),2026-08-23T05:57:01.852259
pay_OaZlox3WUCVerH,5934.57,insufficient_funds,3,auto_recovery_attempted,retry_later_24h,rule_based,False,Mapped insufficient_funds -> retry_later_24h (assumed success rate 45%),2026-08-23T05:57:01.852319
pay_2HI1suQagUJV0H,2596.41,wallet_service_down,3,auto_recovery_attempted,retry_later_2h,rule_based,True,Mapped wallet_service_down -> retry_later_2h (assumed success rate 55%),2026-08-23T05:57:01.852363
pay_rotQqxbize2tM9,422.41,incorrect_otp,3,auto_recovery_attempted,send_reminder,rule_based,False,Mapped incorrect_otp -> send_reminder (assumed success rate 30%),2026-08-23T05:57:01.852404
pay_JRuckBDtYFfC3g,513.46,insufficient_funds,3,auto_recovery_attempted,retry_later_24h,rule_based,False,Mapped insufficient_funds -> retry_later_24h (assumed success rate 45%),2026-08-23T05:57:01.852443
pay_j7uvOsbkjrdh5Z,2500.32,payment_declined,3,auto_recovery_attempted,send_reminder,rule_based,False,Mapped payment_declined -> send_reminder (assumed success rate 30%),2026-08-23T05:57:01.852482
pay_SrEmq3Y8VUxyMI,194.87,wallet_service_down,3,auto_recovery_attempted,retry_later_2h,rule_based,False,Mapped wallet_service_down -> retry_later_2h (assumed success rate 55%),2026-08-23T05:57:01.852520
pay_6ZIKjRd9ZA4MBW,1870.14,incorrect_otp,2,auto_recovery_attempted,send_reminder,rule_based,False,Mapped incorrect_otp -> send_reminder (assumed success rate 30%),2026-08-23T05:57:01.852558
pay_ESWvXmH5wVsCBS,320.04,emi_not_supported,2,auto_recovery_attempted,suggest_alt_method,rule_based,False,Mapped emi_not_supported -> suggest_alt_method (assumed success rate 40%),2026-08-23T05:57:01.852596
pay_afPXIHJO8DSB9u,6654.39,insufficient_funds,4,escalated_manual_review,escalate_to_human,stopping_rule,False,"Stopping rule triggered: 4 attempts already made, avoiding further automated contact",2026-08-23T05:57:01.852636
pay_eZ8AmuFydmhed9,1415.54,incorrect_pin,1,auto_recovery_attempted,send_reminder,rule_based,False,Mapped incorrect_pin -> send_reminder (assumed success rate 30%),2026-08-23T05:57:01.852671
pay_DHUrsasBlbE6ke,2553.56,incorrect_otp,3,auto_recovery_attempted,send_reminder,rule_based,False,Mapped incorrect_otp -> send_reminder (assumed success rate 30%),2026-08-23T05:57:01.852711
pay_VVFxdwqyJ0ehdj,2944.71,incorrect_otp,1,auto_recovery_attempted,send_reminder,rule_based,True,Mapped incorrect_otp -> send_reminder (assumed success rate 30%),2026-08-23T05:57:01.852751
pay_rWrOVnCwzxzTfw,2498.1,payment_declined,3,auto_recovery_attempted,send_reminder,rule_based,False,Mapped payment_declined -> send_reminder (assumed success rate 30%),2026-08-23T05:57:01.852789
pay_p9w7I9foIT91OB,416.82,incorrect_otp,1,auto_recovery_attempted,send_reminder,rule_based,False,Mapped incorrect_otp -> send_reminder (assumed success rate 30%),2026-08-23T05:57:01.852826
pay_kU9TOBzYN6hkNt,546.94,payment_declined,4,escalated_manual_review,escalate_to_human,stopping_rule,False,"Stopping rule triggered: 4 attempts already made, avoiding further automated contact",2026-08-23T05:57:01.852863
pay_n42OB9MKutouR2,88.57,session_timed_out,2,auto_recovery_attempted,send_reminder,rule_based,False,Mapped session_timed_out -> send_reminder (assumed success rate 30%),2026-08-23T05:57:01.852898
pay_8vKQfFHvn6mFsd,1734.81,bank_technical_error,4,escalated_manual_review,escalate_to_human,stopping_rule,False,"Stopping rule triggered: 4 attempts already made, avoiding further automated contact",2026-08-23T05:57:01.852936
pay_zp8ZpmHrL27o4V,2778.19,upi_collect_expired,3,auto_recovery_attempted,resend_collect_request,rule_based,True,Mapped upi_collect_expired -> resend_collect_request (assumed success rate 50%),2026-08-23T05:57:01.852971
pay_kf9kyeNdW9Zqrt,11741.21,incorrect_otp,3,auto_recovery_attempted,send_reminder,rule_based,False,Mapped incorrect_otp -> send_reminder (assumed success rate 30%),2026-08-23T05:57:01.853010
pay_IFzJvyd1JZuxWz,2161.1,insufficient_balance,1,auto_recovery_attempted,send_reminder,rule_based,False,Mapped insufficient_balance -> send_reminder (assumed success rate 30%),2026-08-23T05:57:01.853059
pay_txVzqJNKREP013,2317.76,wallet_service_down,3,auto_recovery_attempted,retry_later_2h,rule_based,False,Mapped wallet_service_down -> retry_later_2h (assumed success rate 55%),2026-08-23T05:57:01.853101
pay_xT2vfwQCcYYDT9,2176.92,card_declined,4,escalated_manual_review,escalate_to_human,stopping_rule,False,"Stopping rule triggered: 4 attempts already made, avoiding further automated contact",2026-08-23T05:57:01.853140
pay_zGJC29eCE3TkHv,450.98,bank_technical_error,3,auto_recovery_attempted,retry_immediately,rule_based,True,Mapped bank_technical_error -> retry_immediately (assumed success rate 65%),2026-08-23T05:57:01.853176
pay_x1yoRCoRV9fCOh,1177.61,payment_declined,4,escalated_manual_review,escalate_to_human,stopping_rule,False,"Stopping rule triggered: 4 attempts already made, avoiding further automated contact",2026-08-23T05:57:01.853214
pay_SeYVLkae0M3jXF,84.47,upi_collect_expired,3,auto_recovery_attempted,resend_collect_request,rule_based,False,Mapped upi_collect_expired -> resend_collect_request (assumed success rate 50%),2026-08-23T05:57:01.853272
pay_HwWZZIO7byf6Z7,2756.17,insufficient_funds,1,auto_recovery_attempted,retry_later_24h,rule_based,False,Mapped insufficient_funds -> retry_later_24h (assumed success rate 45%),2026-08-23T05:57:01.853327
pay_YWrFfMEf7DogYF,1017.4,session_timed_out,4,escalated_manual_review,escalate_to_human,stopping_rule,False,"Stopping rule triggered: 4 attempts already made, avoiding further automated contact",2026-08-23T05:57:01.853373
pay_mytLvXTgedz6vL,1145.8,incorrect_otp,4,escalated_manual_review,escalate_to_human,stopping_rule,False,"Stopping rule triggered: 4 attempts already made, avoiding further automated contact",2026-08-23T05:57:01.853411
pay_c28rJfQlpc9nVM,1529.49,wallet_service_down,1,auto_recovery_attempted,retry_later_2h,rule_based,True,Mapped wallet_service_down -> retry_later_2h (assumed success rate 55%),2026-08-23T05:57:01.853448
pay_QEKZL86iDh9hbq,433.75,payment_declined,1,auto_recovery_attempted,send_reminder,rule_based,False,Mapped payment_declined -> send_reminder (assumed success rate 30%),2026-08-23T05:57:01.853489
pay_Toajr9XzdgQVK6,2237.71,incorrect_pin,3,auto_recovery_attempted,send_reminder,rule_based,False,Mapped incorrect_pin -> send_reminder (assumed success rate 30%),2026-08-23T05:57:01.853528
pay_l0IKQYXUjKGS4a,2325.71,incorrect_otp,3,auto_recovery_attempted,send_reminder,rule_based,False,Mapped incorrect_otp -> send_reminder (assumed success rate 30%),2026-08-23T05:57:01.853568
pay_yn3Iuyx6Z6cZ67,1623.54,bank_technical_error,4,escalated_manual_review,escalate_to_human,stopping_rule,False,"Stopping rule triggered: 4 attempts already made, avoiding further automated contact",2026-08-23T05:57:01.853606
pay_JZpWfvFGcMLJry,505.24,session_timed_out,2,auto_recovery_attempted,send_reminder,rule_based,False,Mapped session_timed_out -> send_reminder (assumed success rate 30%),2026-08-23T05:57:01.853641
pay_K5mpzIPQkwQX23,4603.81,emi_not_supported,1,auto_recovery_attempted,suggest_alt_method,rule_based,False,Mapped emi_not_supported -> suggest_alt_method (assumed success rate 40%),2026-08-23T05:57:01.853680
pay_gWNVhxLQ6j0dEV,3146.59,insufficient_balance,4,escalated_manual_review,escalate_to_human,stopping_rule,False,"Stopping rule triggered: 4 attempts already made, avoiding further automated contact",2026-08-23T05:57:01.853719
pay_cXvyotVWULZyHn,1387.74,wallet_service_down,2,auto_recovery_attempted,retry_later_2h,rule_based,False,Mapped wallet_service_down -> retry_later_2h (assumed success rate 55%),2026-08-23T05:57:01.853753
pay_C5G1ygRleUfO4H,2376.53,incorrect_otp,4,escalated_manual_review,escalate_to_human,stopping_rule,False,"Stopping rule triggered: 4 attempts already made, avoiding further automated contact",2026-08-23T05:57:01.853791
pay_Qxv5TXPJuKMRv0,623.98,insufficient_funds,4,escalated_manual_review,escalate_to_human,stopping_rule,False,"Stopping rule triggered: 4 attempts already made, avoiding further automated contact",2026-08-23T05:57:01.853826
pay_fr7n1H6JGJrgXo,193.31,insufficient_funds,4,escalated_manual_review,escalate_to_human,stopping_rule,False,"Stopping rule triggered: 4 attempts already made, avoiding further automated contact",2026-08-23T05:57:01.853860
pay_eU8VurPejk7Xft,4498.8,upi_collect_expired,3,auto_recovery_attempted,resend_collect_request,rule_based,False,Mapped upi_collect_expired -> resend_collect_request (assumed success rate 50%),2026-08-23T05:57:01.853893
pay_GBRTUwomLCzoDQ,5258.9,session_timed_out,4,escalated_manual_review,escalate_to_human,stopping_rule,False,"Stopping rule triggered: 4 attempts already made, avoiding further automated contact",2026-08-23T05:57:01.853932
pay_BibEj2avVNk5PN,1349.33,session_timed_out,1,auto_recovery_attempted,send_reminder,rule_based,False,Mapped session_timed_out -> send_reminder (assumed success rate 30%),2026-08-23T05:57:01.853967
pay_hQdsacZBarTHqi,587.14,payment_declined,2,auto_recovery_attempted,send_reminder,rule_based,False,Mapped payment_declined -> send_reminder (assumed success rate 30%),2026-08-23T05:57:01.854004
pay_ZgwwVLhXfsGGGy,258.51,insufficient_funds,4,escalated_manual_review,escalate_to_human,stopping_rule,False,"Stopping rule triggered: 4 attempts already made, avoiding further automated contact",2026-08-23T05:57:01.854048
pay_H11nOHTphzlj4Y,820.55,upi_collect_expired,1,auto_recovery_attempted,resend_collect_request,rule_based,False,Mapped upi_collect_expired -> resend_collect_request (assumed success rate 50%),2026-08-23T05:57:01.854088
pay_SRTXF73UWzvXyx,8288.81,insufficient_balance,3,auto_recovery_attempted,send_reminder,rule_based,False,Mapped insufficient_balance -> send_reminder (assumed success rate 30%),2026-08-23T05:57:01.854127
pay_tsZct0kOL1laQA,2223.52,bank_technical_error,2,auto_recovery_attempted,retry_immediately,rule_based,False,Mapped bank_technical_error -> retry_immediately (assumed success rate 65%),2026-08-23T05:57:01.854166
pay_tEMzhS9akbIVsx,409.08,wallet_service_down,1,auto_recovery_attempted,retry_later_2h,rule_based,False,Mapped wallet_service_down -> retry_later_2h (assumed success rate 55%),2026-08-23T05:57:01.854203
pay_DgtgnIx7aLUam1,874.22,insufficient_funds,2,auto_recovery_attempted,retry_later_24h,rule_based,True,Mapped insufficient_funds -> retry_later_24h (assumed success rate 45%),2026-08-23T05:57:01.854259
pay_hwwx98oFCnPChH,1792.95,incorrect_pin,3,auto_recovery_attempted,send_reminder,rule_based,False,Mapped incorrect_pin -> send_reminder (assumed success rate 30%),2026-08-23T05:57:01.854317
pay_syTpTdCSVPEqam,1106.06,issuer_unavailable,3,auto_recovery_attempted,retry_later_2h,rule_based,True,Mapped issuer_unavailable -> retry_later_2h (assumed success rate 55%),2026-08-23T05:57:01.854360
pay_5boHdgh5gjbCP1,1047.21,payment_declined,2,auto_recovery_attempted,send_reminder,rule_based,False,Mapped payment_declined -> send_reminder (assumed success rate 30%),2026-08-23T05:57:01.854400
pay_F2WwArSz4lO7NF,1959.14,issuer_unavailable,3,auto_recovery_attempted,retry_later_2h,rule_based,True,Mapped issuer_unavailable -> retry_later_2h (assumed success rate 55%),2026-08-23T05:57:01.854438
pay_NrHrfMyuPp6rjy,2779.2,incorrect_pin,1,auto_recovery_attempted,send_reminder,rule_based,False,Mapped incorrect_pin -> send_reminder (assumed success rate 30%),2026-08-23T05:57:01.854475
pay_skF1ZWglg1JxZz,1873.61,incorrect_otp,1,auto_recovery_attempted,send_reminder,rule_based,False,Mapped incorrect_otp -> send_reminder (assumed success rate 30%),2026-08-23T05:57:01.854514
pay_2QU7drqO8VVVt8,77.27,card_declined,1,auto_recovery_attempted,send_reminder,rule_based,False,Mapped card_declined -> send_reminder (assumed success rate 30%),2026-08-23T05:57:01.854552
pay_SrPqYAJDMYXb8p,4048.35,incorrect_otp,1,auto_recovery_attempted,send_reminder,rule_based,False,Mapped incorrect_otp -> send_reminder (assumed success rate 30%),2026-08-23T05:57:01.854589
pay_O48jHyMIYbOfaT,538.94,insufficient_funds,3,auto_recovery_attempted,retry_later_24h,rule_based,True,Mapped insufficient_funds -> retry_later_24h (assumed success rate 45%),2026-08-23T05:57:01.854625
pay_xFNDkULZNA2uck,1689.32,payment_declined,1,auto_recovery_attempted,send_reminder,rule_based,False,Mapped payment_declined -> send_reminder (assumed success rate 30%),2026-08-23T05:57:01.854663
pay_B5zn3hFLafikn0,72.12,emi_not_supported,1,auto_recovery_attempted,suggest_alt_method,rule_based,True,Mapped emi_not_supported -> suggest_alt_method (assumed success rate 40%),2026-08-23T05:57:01.854701
pay_YYQsomNx9YLgJv,440.38,card_declined,1,auto_recovery_attempted,send_reminder,rule_based,False,Mapped card_declined -> send_reminder (assumed success rate 30%),2026-08-23T05:57:01.854743
pay_nCknqGapsojUuo,1747.39,issuer_unavailable,3,auto_recovery_attempted,retry_later_2h,rule_based,True,Mapped issuer_unavailable -> retry_later_2h (assumed success rate 55%),2026-08-23T05:57:01.854781
pay_vaYCmOK7INGaG9,246.11,issuer_unavailable,2,auto_recovery_attempted,retry_later_2h,rule_based,True,Mapped issuer_unavailable -> retry_later_2h (assumed success rate 55%),2026-08-23T05:57:01.854818
pay_Avy043xoW6XcTi,2245.08,issuer_unavailable,1,auto_recovery_attempted,retry_later_2h,rule_based,False,Mapped issuer_unavailable -> retry_later_2h (assumed success rate 55%),2026-08-23T05:57:01.854858
pay_rJ5BKVPw1FNXau,1746.53,card_declined,2,auto_recovery_attempted,send_reminder,rule_based,False,Mapped card_declined -> send_reminder (assumed success rate 30%),2026-08-23T05:57:01.854896
pay_7xsC6Wlv2U25NO,2286.11,card_declined,3,auto_recovery_attempted,send_reminder,rule_based,False,Mapped card_declined -> send_reminder (assumed success rate 30%),2026-08-23T05:57:01.854932
pay_lI6dAkdYixPfrQ,656.89,upi_collect_expired,3,auto_recovery_attempted,resend_collect_request,rule_based,True,Mapped upi_collect_expired -> resend_collect_request (assumed success rate 50%),2026-08-23T05:57:01.854972
pay_QzA9FAfZiIhPJV,637.0,payment_declined,4,escalated_manual_review,escalate_to_human,stopping_rule,False,"Stopping rule triggered: 4 attempts already made, avoiding further automated contact",2026-08-23T05:57:01.855008
pay_3XE1IQoPPNtBF1,72.81,bank_technical_error,2,auto_recovery_attempted,retry_immediately,rule_based,True,Mapped bank_technical_error -> retry_immediately (assumed success rate 65%),2026-08-23T05:57:01.855054
pay_tORIChiHFydIhf,461.82,upi_collect_expired,4,escalated_manual_review,escalate_to_human,stopping_rule,False,"Stopping rule triggered: 4 attempts already made, avoiding further automated contact",2026-08-23T05:57:01.855099
pay_kF4QMPt5pPIZci,882.36,payment_declined,3,auto_recovery_attempted,send_reminder,rule_based,False,Mapped payment_declined -> send_reminder (assumed success rate 30%),2026-08-23T05:57:01.855136
pay_T4OUEPFnMSsWsK,262.08,session_timed_out,1,auto_recovery_attempted,send_reminder,rule_based,False,Mapped session_timed_out -> send_reminder (assumed success rate 30%),2026-08-23T05:57:01.855173
pay_ZWFOWWbEijz0S4,6435.07,incorrect_otp,4,escalated_manual_review,escalate_to_human,stopping_rule,False,"Stopping rule triggered: 4 attempts already made, avoiding further automated contact",2026-08-23T05:57:01.855212
pay_YXvMhkY8PcNuel,2013.1,issuer_unavailable,1,auto_recovery_attempted,retry_later_2h,rule_based,True,Mapped issuer_unavailable -> retry_later_2h (assumed success rate 55%),2026-08-23T05:57:01.855271
pay_GkdPtaMXUI1Tfd,102.09,incorrect_otp,3,auto_recovery_attempted,send_reminder,rule_based,True,Mapped incorrect_otp -> send_reminder (assumed success rate 30%),2026-08-23T05:57:01.855328
pay_uL1JyvC3ZIBYDQ,3424.6,session_timed_out,3,auto_recovery_attempted,send_reminder,rule_based,False,Mapped session_timed_out -> send_reminder (assumed success rate 30%),2026-08-23T05:57:01.855372
pay_nTmHMGEtDJFNEB,1035.97,payment_declined,2,auto_recovery_attempted,send_reminder,rule_based,False,Mapped payment_declined -> send_reminder (assumed success rate 30%),2026-08-23T05:57:01.855417
pay_1tgotnGmhLrrRG,1940.13,issuer_unavailable,3,auto_recovery_attempted,retry_later_2h,rule_based,True,Mapped issuer_unavailable -> retry_later_2h (assumed success rate 55%),2026-08-23T05:57:01.855458
pay_iWGYHHv4Co7deK,7010.32,emi_not_supported,4,escalated_manual_review,escalate_to_human,stopping_rule,False,"Stopping rule triggered: 4 attempts already made, avoiding further automated contact",2026-08-23T05:57:01.855496
pay_gRtY6w2Exk7erZ,1093.42,upi_collect_expired,2,auto_recovery_attempted,resend_collect_request,rule_based,False,Mapped upi_collect_expired -> resend_collect_request (assumed success rate 50%),2026-08-23T05:57:01.855531
pay_tDIhmGRYALtdcz,4972.38,session_timed_out,3,auto_recovery_attempted,send_reminder,rule_based,False,Mapped session_timed_out -> send_reminder (assumed success rate 30%),2026-08-23T05:57:01.855571
pay_J0yQwG4DuGUZyg,2693.32,upi_collect_expired,4,escalated_manual_review,escalate_to_human,stopping_rule,False,"Stopping rule triggered: 4 attempts already made, avoiding further automated contact",2026-08-23T05:57:01.855610
pay_VB5gsE0DmkRWxz,1346.73,issuer_unavailable,2,auto_recovery_attempted,retry_later_2h,rule_based,False,Mapped issuer_unavailable -> retry_later_2h (assumed success rate 55%),2026-08-23T05:57:01.855644
pay_OPPd0MS2A3ti08,177.8,upi_collect_expired,1,auto_recovery_attempted,resend_collect_request,rule_based,False,Mapped upi_collect_expired -> resend_collect_request (assumed success rate 50%),2026-08-23T05:57:01.855684
pay_RvMRAZQGDw6mde,964.19,payment_declined,1,auto_recovery_attempted,send_reminder,rule_based,False,Mapped payment_declined -> send_reminder (assumed success rate 30%),2026-08-23T05:57:01.855722
pay_lZRnrEczyh7zEl,8292.1,card_declined,1,auto_recovery_attempted,send_reminder,rule_based,False,Mapped card_declined -> send_reminder (assumed success rate 30%),2026-08-23T05:57:01.855759
pay_hNUxrVFANSbdul,1371.77,wallet_service_down,1,auto_recovery_attempted,retry_later_2h,rule_based,False,Mapped wallet_service_down -> retry_later_2h (assumed success rate 55%),2026-08-23T05:57:01.855798
pay_OwYZgGyVDOFLFN,2278.44,bank_technical_error,3,auto_recovery_attempted,retry_immediately,rule_based,True,Mapped bank_technical_error -> retry_immediately (assumed success rate 65%),2026-08-23T05:57:01.855836
pay_lSVmgHZsdv6edF,354.42,wallet_service_down,3,auto_recovery_attempted,retry_later_2h,rule_based,True,Mapped wallet_service_down -> retry_later_2h (assumed success rate 55%),2026-08-23T05:57:01.855876
pay_rdzRIaoY5U8qCB,6039.42,emi_not_supported,2,auto_recovery_attempted,suggest_alt_method,rule_based,True,Mapped emi_not_supported -> suggest_alt_method (assumed success rate 40%),2026-08-23T05:57:01.855912
pay_1sKOwKcLFVdZYw,607.73,issuer_unavailable,1,auto_recovery_attempted,retry_later_2h,rule_based,False,Mapped issuer_unavailable -> retry_later_2h (assumed success rate 55%),2026-08-23T05:57:01.855950
pay_gEHDO6L4SgKygK,2294.01,card_declined,2,auto_recovery_attempted,send_reminder,rule_based,False,Mapped card_declined -> send_reminder (assumed success rate 30%),2026-08-23T05:57:01.855987
pay_sbbzgnnklarjeO,56.2,payment_declined,3,auto_recovery_attempted,send_reminder,rule_based,True,Mapped payment_declined -> send_reminder (assumed success rate 30%),2026-08-23T05:57:01.856024
pay_m9i9MzV6Kq9rZH,6063.9,incorrect_pin,1,auto_recovery_attempted,send_reminder,rule_based,False,Mapped incorrect_pin -> send_reminder (assumed success rate 30%),2026-08-23T05:57:01.856074
pay_zNnXrUIHzCYLvp,2045.14,incorrect_pin,3,auto_recovery_attempted,send_reminder,rule_based,True,Mapped incorrect_pin -> send_reminder (assumed success rate 30%),2026-08-23T05:57:01.856115
pay_E4Y7pZNCiG1I2h,153.24,card_declined,4,escalated_manual_review,escalate_to_human,stopping_rule,False,"Stopping rule triggered: 4 attempts already made, avoiding further automated contact",2026-08-23T05:57:01.856153
pay_wuU2jgK0Zya7tA,205.9,incorrect_otp,3,auto_recovery_attempted,send_reminder,rule_based,False,Mapped incorrect_otp -> send_reminder (assumed success rate 30%),2026-08-23T05:57:01.856187
pay_shcmkN9rpTRx2U,1141.24,incorrect_pin,4,escalated_manual_review,escalate_to_human,stopping_rule,False,"Stopping rule triggered: 4 attempts already made, avoiding further automated contact",2026-08-23T05:57:01.856270
pay_F8N7jX2PLxeLoP,1412.64,incorrect_otp,3,auto_recovery_attempted,send_reminder,rule_based,False,Mapped incorrect_otp -> send_reminder (assumed success rate 30%),2026-08-23T05:57:01.856321
pay_Rbf3Ji83HGyNJm,959.44,payment_declined,2,auto_recovery_attempted,send_reminder,rule_based,True,Mapped payment_declined -> send_reminder (assumed success rate 30%),2026-08-23T05:57:01.856365
pay_h2b9y6pGeI5Vi1,1997.43,incorrect_pin,1,auto_recovery_attempted,send_reminder,rule_based,False,Mapped incorrect_pin -> send_reminder (assumed success rate 30%),2026-08-23T05:57:01.856405
pay_2HSXaiD4N2zkps,8936.92,insufficient_funds,3,auto_recovery_attempted,retry_later_24h,rule_based,True,Mapped insufficient_funds -> retry_later_24h (assumed success rate 45%),2026-08-23T05:57:01.856444
pay_aBEl1kHMUydfvy,2013.28,insufficient_funds,1,auto_recovery_attempted,retry_later_24h,rule_based,True,Mapped insufficient_funds -> retry_later_24h (assumed success rate 45%),2026-08-23T05:57:01.856484
pay_NOACRsEXqzmz5F,666.91,session_timed_out,1,auto_recovery_attempted,send_reminder,rule_based,False,Mapped session_timed_out -> send_reminder (assumed success rate 30%),2026-08-23T05:57:01.856523
pay_WMFlKcSH2mxGqA,966.12,issuer_unavailable,2,auto_recovery_attempted,retry_later_2h,rule_based,False,Mapped issuer_unavailable -> retry_later_2h (assumed success rate 55%),2026-08-23T05:57:01.856562
pay_LuqAWW45XIlUFS,57.8,insufficient_funds,1,auto_recovery_attempted,retry_later_24h,rule_based,False,Mapped insufficient_funds -> retry_later_24h (assumed success rate 45%),2026-08-23T05:57:01.856601
pay_zRV6tvy1biynbT,1397.91,issuer_unavailable,2,auto_recovery_attempted,retry_later_2h,rule_based,True,Mapped issuer_unavailable -> retry_later_2h (assumed success rate 55%),2026-08-23T05:57:01.856639
pay_WGaCZZQNubPjGb,1093.97,wallet_service_down,1,auto_recovery_attempted,retry_later_2h,rule_based,False,Mapped wallet_service_down -> retry_later_2h (assumed success rate 55%),2026-08-23T05:57:01.856676
pay_md2CoJDZUiCzob,191.6,payment_declined,1,auto_recovery_attempted,send_reminder,rule_based,False,Mapped payment_declined -> send_reminder (assumed success rate 30%),2026-08-23T05:57:01.856716
pay_v84OkeasIts6eM,3026.62,emi_not_supported,3,auto_recovery_attempted,suggest_alt_method,rule_based,True,Mapped emi_not_supported -> suggest_alt_method (assumed success rate 40%),2026-08-23T05:57:01.856755
pay_i661WB0R4ocojV,1316.7,insufficient_funds,2,auto_recovery_attempted,retry_later_24h,rule_based,True,Mapped insufficient_funds -> retry_later_24h (assumed success rate 45%),2026-08-23T05:57:01.856792
pay_wTENMtkvYidvTJ,702.15,insufficient_funds,2,auto_recovery_attempted,retry_later_24h,rule_based,True,Mapped insufficient_funds -> retry_later_24h (assumed success rate 45%),2026-08-23T05:57:01.856829
pay_D95qVN3zD11ivY,439.24,upi_collect_expired,3,auto_recovery_attempted,resend_collect_request,rule_based,True,Mapped upi_collect_expired -> resend_collect_request (assumed success rate 50%),2026-08-23T05:57:01.856866
pay_N9tIvR7MrPXZNU,2864.23,insufficient_funds,4,escalated_manual_review,escalate_to_human,stopping_rule,False,"Stopping rule triggered: 4 attempts already made, avoiding further automated contact",2026-08-23T05:57:01.856904
pay_uoqTYvlsHI5TcN,2437.29,insufficient_funds,3,auto_recovery_attempted,retry_later_24h,rule_based,False,Mapped insufficient_funds -> retry_later_24h (assumed success rate 45%),2026-08-23T05:57:01.856938
pay_oJQQ5BiYQmDSmc,3557.49,emi_not_supported,3,auto_recovery_attempted,suggest_alt_method,rule_based,True,Mapped emi_not_supported -> suggest_alt_method (assumed success rate 40%),2026-08-23T05:57:01.856974
pay_ArdQWobAh7qSOJ,1629.81,payment_declined,2,auto_recovery_attempted,send_reminder,rule_based,False,Mapped payment_declined -> send_reminder (assumed success rate 30%),2026-08-23T05:57:01.857012
pay_4emdYZ29MEQo1h,1883.33,session_timed_out,4,escalated_manual_review,escalate_to_human,stopping_rule,False,"Stopping rule triggered: 4 attempts already made, avoiding further automated contact",2026-08-23T05:57:01.857059
pay_mhrju5ok0QpKEK,4158.68,upi_collect_expired,1,auto_recovery_attempted,resend_collect_request,rule_based,False,Mapped upi_collect_expired -> resend_collect_request (assumed success rate 50%),2026-08-23T05:57:01.857097
pay_2Kr8xBXFam8RMk,285.58,payment_declined,1,auto_recovery_attempted,send_reminder,rule_based,True,Mapped payment_declined -> send_reminder (assumed success rate 30%),2026-08-23T05:57:01.857137
pay_02OCgJ3dc6O0ks,3929.42,incorrect_pin,3,auto_recovery_attempted,send_reminder,rule_based,False,Mapped incorrect_pin -> send_reminder (assumed success rate 30%),2026-08-23T05:57:01.857191
pay_pSxWlSbraUi6kp,832.54,card_declined,1,auto_recovery_attempted,send_reminder,rule_based,True,Mapped card_declined -> send_reminder (assumed success rate 30%),2026-08-23T05:57:01.857248
pay_MLykBzXpONa1NN,749.84,incorrect_pin,2,auto_recovery_attempted,send_reminder,rule_based,False,Mapped incorrect_pin -> send_reminder (assumed success rate 30%),2026-08-23T05:57:01.857306
pay_gKbJ2a4jadXO0K,5129.6,wallet_service_down,4,escalated_manual_review,escalate_to_human,stopping_rule,False,"Stopping rule triggered: 4 attempts already made, avoiding further automated contact",2026-08-23T05:57:01.857348
pay_Z1UTtrmyUF4MHv,2921.6,incorrect_otp,2,auto_recovery_attempted,send_reminder,rule_based,False,Mapped incorrect_otp -> send_reminder (assumed success rate 30%),2026-08-23T05:57:01.857386
pay_hbsM1UwXxXzeyl,1001.94,card_declined,2,auto_recovery_attempted,send_reminder,rule_based,False,Mapped card_declined -> send_reminder (assumed success rate 30%),2026-08-23T05:57:01.857425
pay_WVxMsBVdLHCDOn,859.1,incorrect_pin,3,auto_recovery_attempted,send_reminder,rule_based,False,Mapped incorrect_pin -> send_reminder (assumed success rate 30%),2026-08-23T05:57:01.857463
pay_IhgiY6ngOK4VGV,648.12,upi_collect_expired,3,auto_recovery_attempted,resend_collect_request,rule_based,True,Mapped upi_collect_expired -> resend_collect_request (assumed success rate 50%),2026-08-23T05:57:01.857510
pay_G9PpfWNNTff9JX,2071.55,issuer_unavailable,3,auto_recovery_attempted,retry_later_2h,rule_based,False,Mapped issuer_unavailable -> retry_later_2h (assumed success rate 55%),2026-08-23T05:57:01.857550
pay_hPHzn8yN2LoShG,1469.89,session_timed_out,4,escalated_manual_review,escalate_to_human,stopping_rule,False,"Stopping rule triggered: 4 attempts already made, avoiding further automated contact",2026-08-23T05:57:01.857590
pay_uuS8OIqd9fYABi,1750.67,card_declined,3,auto_recovery_attempted,send_reminder,rule_based,False,Mapped card_declined -> send_reminder (assumed success rate 30%),2026-08-23T05:57:01.857626
pay_Kz2TlZ6rX3kDuq,1668.89,payment_declined,1,auto_recovery_attempted,send_reminder,rule_based,False,Mapped payment_declined -> send_reminder (assumed success rate 30%),2026-08-23T05:57:01.857665
pay_ifAYqMdgJTvVPL,7271.62,card_declined,3,auto_recovery_attempted,send_reminder,rule_based,False,Mapped card_declined -> send_reminder (assumed success rate 30%),2026-08-23T05:57:01.857705
pay_oKa6DxwQIG1Gw4,1885.71,emi_not_supported,2,auto_recovery_attempted,suggest_alt_method,rule_based,False,Mapped emi_not_supported -> suggest_alt_method (assumed success rate 40%),2026-08-23T05:57:01.857742
pay_GMqtg8vVwOcjQe,3671.48,card_declined,4,escalated_manual_review,escalate_to_human,stopping_rule,False,"Stopping rule triggered: 4 attempts already made, avoiding further automated contact",2026-08-23T05:57:01.857781
pay_De4ee5C4gLTChI,461.61,emi_not_supported,1,auto_recovery_attempted,suggest_alt_method,rule_based,True,Mapped emi_not_supported -> suggest_alt_method (assumed success rate 40%),2026-08-23T05:57:01.857816
pay_2e5PJRTehsQoXb,4914.0,bank_technical_error,3,auto_recovery_attempted,retry_immediately,rule_based,True,Mapped bank_technical_error -> retry_immediately (assumed success rate 65%),2026-08-23T05:57:01.857856
pay_NWO3YOM2zrS5bY,1392.39,incorrect_pin,1,auto_recovery_attempted,send_reminder,rule_based,False,Mapped incorrect_pin -> send_reminder (assumed success rate 30%),2026-08-23T05:57:01.857894
pay_7skC4w4fhEIr3p,626.22,payment_declined,3,auto_recovery_attempted,send_reminder,rule_based,False,Mapped payment_declined -> send_reminder (assumed success rate 30%),2026-08-23T05:57:01.857930
pay_4I9I0Z502sDRIY,466.78,card_declined,2,auto_recovery_attempted,send_reminder,rule_based,False,Mapped card_declined -> send_reminder (assumed success rate 30%),2026-08-23T05:57:01.857967
pay_X08lEw8VJiROlb,1243.72,issuer_unavailable,4,escalated_manual_review,escalate_to_human,stopping_rule,False,"Stopping rule triggered: 4 attempts already made, avoiding further automated contact",2026-08-23T05:57:01.858005
pay_Te9UKppeYCwm5z,1792.27,bank_technical_error,4,escalated_manual_review,escalate_to_human,stopping_rule,False,"Stopping rule triggered: 4 attempts already made, avoiding further automated contact",2026-08-23T05:57:01.858049
pay_wkguY7tBphMxZT,175.44,issuer_unavailable,3,auto_recovery_attempted,retry_later_2h,rule_based,False,Mapped issuer_unavailable -> retry_later_2h (assumed success rate 55%),2026-08-23T05:57:01.858089
pay_yGgjiXluBnvM0E,322.69,wallet_service_down,3,auto_recovery_attempted,retry_later_2h,rule_based,True,Mapped wallet_service_down -> retry_later_2h (assumed success rate 55%),2026-08-23T05:57:01.858138
pay_9HJpNWx5ZN1jPU,2291.06,incorrect_pin,2,auto_recovery_attempted,send_reminder,rule_based,True,Mapped incorrect_pin -> send_reminder (assumed success rate 30%),2026-08-23T05:57:01.858180
pay_W72moabJS92dG4,2808.22,incorrect_pin,3,auto_recovery_attempted,send_reminder,rule_based,False,Mapped incorrect_pin -> send_reminder (assumed success rate 30%),2026-08-23T05:57:01.858219
pay_OC5YiDnj3qKKZg,492.97,wallet_service_down,2,auto_recovery_attempted,retry_later_2h,rule_based,True,Mapped wallet_service_down -> retry_later_2h (assumed success rate 55%),2026-08-23T05:57:01.858290
pay_9x96ElLPFatGK2,1627.75,session_timed_out,2,auto_recovery_attempted,send_reminder,rule_based,False,Mapped session_timed_out -> send_reminder (assumed success rate 30%),2026-08-23T05:57:01.858342
pay_dhtfePtieurp0W,10052.62,incorrect_otp,2,auto_recovery_attempted,send_reminder,rule_based,False,Mapped incorrect_otp -> send_reminder (assumed success rate 30%),2026-08-23T05:57:01.858385
pay_CKO5fcSClCOMo5,2765.47,insufficient_funds,2,auto_recovery_attempted,retry_later_24h,rule_based,False,Mapped insufficient_funds -> retry_later_24h (assumed success rate 45%),2026-08-23T05:57:01.858454
pay_3DENgfVGJ3uDg9,1569.22,incorrect_otp,4,escalated_manual_review,escalate_to_human,stopping_rule,False,"Stopping rule triggered: 4 attempts already made, avoiding further automated contact",2026-08-23T05:57:01.858526
pay_lGUMM6BgSESgek,469.62,incorrect_pin,4,escalated_manual_review,escalate_to_human,stopping_rule,False,"Stopping rule triggered: 4 attempts already made, avoiding further automated contact",2026-08-23T05:57:01.858569
pay_nLOl12ClJ10k2a,3357.96,issuer_unavailable,4,escalated_manual_review,escalate_to_human,stopping_rule,False,"Stopping rule triggered: 4 attempts already made, avoiding further automated contact",2026-08-23T05:57:01.858605
pay_XTS9IIPu6dDDwF,2883.84,issuer_unavailable,4,escalated_manual_review,escalate_to_human,stopping_rule,False,"Stopping rule triggered: 4 attempts already made, avoiding further automated contact",2026-08-23T05:57:01.858642
pay_MOgomxeBEeqY6v,1025.09,wallet_service_down,2,auto_recovery_attempted,retry_later_2h,rule_based,True,Mapped wallet_service_down -> retry_later_2h (assumed success rate 55%),2026-08-23T05:57:01.858677
pay_Ex9sVdgZq6rqfG,2669.9,wallet_service_down,1,auto_recovery_attempted,retry_later_2h,rule_based,False,Mapped wallet_service_down -> retry_later_2h (assumed success rate 55%),2026-08-23T05:57:01.858717
pay_XvTUyHjbI94N3m,3052.18,incorrect_pin,4,escalated_manual_review,escalate_to_human,stopping_rule,False,"Stopping rule triggered: 4 attempts already made, avoiding further automated contact",2026-08-23T05:57:01.858756
pay_yU2zcipTkdWJ9e,128.72,session_timed_out,4,escalated_manual_review,escalate_to_human,stopping_rule,False,"Stopping rule triggered: 4 attempts already made, avoiding further automated contact",2026-08-23T05:57:01.858792
pay_9CJnPPMFcmSxWl,1224.23,payment_declined,1,auto_recovery_attempted,send_reminder,rule_based,False,Mapped payment_declined -> send_reminder (assumed success rate 30%),2026-08-23T05:57:01.858830
pay_5UsAliifZVGa8j,112.64,insufficient_funds,1,auto_recovery_attempted,retry_later_24h,rule_based,False,Mapped insufficient_funds -> retry_later_24h (assumed success rate 45%),2026-08-23T05:57:01.858868
pay_CAuOxtjEVDrix9,1820.11,insufficient_funds,3,auto_recovery_attempted,retry_later_24h,rule_based,True,Mapped insufficient_funds -> retry_later_24h (assumed success rate 45%),2026-08-23T05:57:01.858906
pay_UzBG6JekFCfzNN,2330.44,card_declined,4,escalated_manual_review,escalate_to_human,stopping_rule,False,"Stopping rule triggered: 4 attempts already made, avoiding further automated contact",2026-08-23T05:57:01.858943
pay_7QUxsaoF5zG0rQ,398.33,insufficient_funds,4,escalated_manual_review,escalate_to_human,stopping_rule,False,"Stopping rule triggered: 4 attempts already made, avoiding further automated contact",2026-08-23T05:57:01.858977
pay_pmv4lwv0UmLwY0,1443.92,wallet_service_down,2,auto_recovery_attempted,retry_later_2h,rule_based,False,Mapped wallet_service_down -> retry_later_2h (assumed success rate 55%),2026-08-23T05:57:01.859013
pay_wyPp9BsVOAFVTU,411.25,issuer_unavailable,4,escalated_manual_review,escalate_to_human,stopping_rule,False,"Stopping rule triggered: 4 attempts already made, avoiding further automated contact",2026-08-23T05:57:01.859062
pay_WjfMne8NdwPi46,809.72,card_declined,1,auto_recovery_attempted,send_reminder,rule_based,False,Mapped card_declined -> send_reminder (assumed success rate 30%),2026-08-23T05:57:01.859099
pay_eH51z17BGwLEle,5975.36,issuer_unavailable,1,auto_recovery_attempted,retry_later_2h,rule_based,True,Mapped issuer_unavailable -> retry_later_2h (assumed success rate 55%),2026-08-23T05:57:01.859141
pay_0PygFpSw8842d9,1645.89,insufficient_balance,3,auto_recovery_attempted,send_reminder,rule_based,True,Mapped insufficient_balance -> send_reminder (assumed success rate 30%),2026-08-23T05:57:01.859180
pay_hiQpGhp8NqdwgA,257.97,bank_technical_error,2,auto_recovery_attempted,retry_immediately,rule_based,True,Mapped bank_technical_error -> retry_immediately (assumed success rate 65%),2026-08-23T05:57:01.859218
pay_VbKnMT9CHynZ0k,1745.7,bank_technical_error,3,auto_recovery_attempted,retry_immediately,rule_based,True,Mapped bank_technical_error -> retry_immediately (assumed success rate 65%),2026-08-23T05:57:01.859290
pay_kDK5qUbs40wyf1,3970.17,insufficient_funds,3,auto_recovery_attempted,retry_later_24h,rule_based,False,Mapped insufficient_funds -> retry_later_24h (assumed success rate 45%),2026-08-23T05:57:01.859341
pay_SMm50bqfhTGr4r,575.25,payment_declined,3,auto_recovery_attempted,send_reminder,rule_based,False,Mapped payment_declined -> send_reminder (assumed success rate 30%),2026-08-23T05:57:01.859384
pay_UQ03IVmbfuDYhk,2027.34,upi_collect_expired,1,auto_recovery_attempted,resend_collect_request,rule_based,True,Mapped upi_collect_expired -> resend_collect_request (assumed success rate 50%),2026-08-23T05:57:01.859423
pay_sMj6GT2YGXfwOB,3020.94,issuer_unavailable,3,auto_recovery_attempted,retry_later_2h,rule_based,True,Mapped issuer_unavailable -> retry_later_2h (assumed success rate 55%),2026-08-23T05:57:01.859461
pay_pEecn6IseKH72F,2391.53,issuer_unavailable,2,auto_recovery_attempted,retry_later_2h,rule_based,False,Mapped issuer_unavailable -> retry_later_2h (assumed success rate 55%),2026-08-23T05:57:01.859499
pay_iYMXhkPqdgubuc,2707.0,upi_collect_expired,2,auto_recovery_attempted,resend_collect_request,rule_based,True,Mapped upi_collect_expired -> resend_collect_request (assumed success rate 50%),2026-08-23T05:57:01.859535
pay_O6LMYN39L9NeGl,1798.06,upi_collect_expired,4,escalated_manual_review,escalate_to_human,stopping_rule,False,"Stopping rule triggered: 4 attempts already made, avoiding further automated contact",2026-08-23T05:57:01.859572
pay_QjoYHoHUVRkDgM,4032.43,incorrect_otp,3,auto_recovery_attempted,send_reminder,rule_based,False,Mapped incorrect_otp -> send_reminder (assumed success rate 30%),2026-08-23T05:57:01.859606
pay_kB4kdo5BttzV1e,300.82,incorrect_otp,4,escalated_manual_review,escalate_to_human,stopping_rule,False,"Stopping rule triggered: 4 attempts already made, avoiding further automated contact",2026-08-23T05:57:01.859643
pay_ps71RaBlack2EL,3201.6,upi_collect_expired,2,auto_recovery_attempted,resend_collect_request,rule_based,True,Mapped upi_collect_expired -> resend_collect_request (assumed success rate 50%),2026-08-23T05:57:01.859681
pay_zVyCNlonZTphYn,7423.92,insufficient_funds,2,auto_recovery_attempted,retry_later_24h,rule_based,False,Mapped insufficient_funds -> retry_later_24h (assumed success rate 45%),2026-08-23T05:57:01.859719
pay_FffeXbwQkVqDtB,141.74,session_timed_out,2,auto_recovery_attempted,send_reminder,rule_based,False,Mapped session_timed_out -> send_reminder (assumed success rate 30%),2026-08-23T05:57:01.859756
pay_C0X9ZASbTzZjmE,1046.23,insufficient_funds,1,auto_recovery_attempted,retry_later_24h,rule_based,True,Mapped insufficient_funds -> retry_later_24h (assumed success rate 45%),2026-08-23T05:57:01.859793
pay_hsyyUq8UjIx3bQ,58.19,upi_collect_expired,3,auto_recovery_attempted,resend_collect_request,rule_based,False,Mapped upi_collect_expired -> resend_collect_request (assumed success rate 50%),2026-08-23T05:57:01.859832
pay_0MRgqj1oWMX2Yc,381.67,session_timed_out,2,auto_recovery_attempted,send_reminder,rule_based,False,Mapped session_timed_out -> send_reminder (assumed success rate 30%),2026-08-23T05:57:01.859869
pay_wfLqedobgEedQs,897.22,incorrect_pin,3,auto_recovery_attempted,send_reminder,rule_based,False,Mapped incorrect_pin -> send_reminder (assumed success rate 30%),2026-08-23T05:57:01.859921
pay_mcuzD8qPDVAGaQ,3177.88,payment_declined,3,auto_recovery_attempted,send_reminder,rule_based,True,Mapped payment_declined -> send_reminder (assumed success rate 30%),2026-08-23T05:57:01.859968
pay_X7OiOnImW5vepM,5270.59,incorrect_pin,4,escalated_manual_review,escalate_to_human,stopping_rule,False,"Stopping rule triggered: 4 attempts already made, avoiding further automated contact",2026-08-23T05:57:01.860007
pay_qJ6dowsSGnpl5b,5953.81,card_declined,3,auto_recovery_attempted,send_reminder,rule_based,True,Mapped card_declined -> send_reminder (assumed success rate 30%),2026-08-23T05:57:01.860049
pay_gDveBApaEcnP11,273.6,issuer_unavailable,1,auto_recovery_attempted,retry_later_2h,rule_based,False,Mapped issuer_unavailable -> retry_later_2h (assumed success rate 55%),2026-08-23T05:57:01.860093
pay_uPljTQehYy6wSe,726.66,insufficient_balance,1,auto_recovery_attempted,send_reminder,rule_based,False,Mapped insufficient_balance -> send_reminder (assumed success rate 30%),2026-08-23T05:57:01.860132
pay_AxIi3tcWKUsB7Q,326.79,issuer_unavailable,1,auto_recovery_attempted,retry_later_2h,rule_based,True,Mapped issuer_unavailable -> retry_later_2h (assumed success rate 55%),2026-08-23T05:57:01.860170
pay_0DRIX4tYA4AvDs,3022.47,upi_collect_expired,2,auto_recovery_attempted,resend_collect_request,rule_based,True,Mapped upi_collect_expired -> resend_collect_request (assumed success rate 50%),2026-08-23T05:57:01.860207
pay_hU0f8tBz0XKWBf,2328.37,issuer_unavailable,1,auto_recovery_attempted,retry_later_2h,rule_based,True,Mapped issuer_unavailable -> retry_later_2h (assumed success rate 55%),2026-08-23T05:57:01.860300
pay_tGkxjuXnUOBWZJ,2717.12,bank_technical_error,4,escalated_manual_review,escalate_to_human,stopping_rule,False,"Stopping rule triggered: 4 attempts already made, avoiding further automated contact",2026-08-23T05:57:01.860343
pay_CfycoXqByNjPbA,1957.97,card_declined,4,escalated_manual_review,escalate_to_human,stopping_rule,False,"Stopping rule triggered: 4 attempts already made, avoiding further automated contact",2026-08-23T05:57:01.860380
pay_MGcQcvPrcj6s0s,1758.81,bank_technical_error,1,auto_recovery_attempted,retry_immediately,rule_based,False,Mapped bank_technical_error -> retry_immediately (assumed success rate 65%),2026-08-23T05:57:01.860416
pay_X9qqHRIDqkJCUZ,431.12,issuer_unavailable,1,auto_recovery_attempted,retry_later_2h,rule_based,True,Mapped issuer_unavailable -> retry_later_2h (assumed success rate 55%),2026-08-23T05:57:01.860454
pay_YondiGCcGjjNoj,3696.22,incorrect_pin,1,auto_recovery_attempted,send_reminder,rule_based,False,Mapped incorrect_pin -> send_reminder (assumed success rate 30%),2026-08-23T05:57:01.860492
pay_XeLHhCK1y4ly3b,267.82,insufficient_balance,3,auto_recovery_attempted,send_reminder,rule_based,True,Mapped insufficient_balance -> send_reminder (assumed success rate 30%),2026-08-23T05:57:01.860529
pay_O3HfhCUl3hpCHd,1042.84,insufficient_balance,3,auto_recovery_attempted,send_reminder,rule_based,False,Mapped insufficient_balance -> send_reminder (assumed success rate 30%),2026-08-23T05:57:01.860568
pay_m7TTtDyPjGnWw8,4319.42,payment_declined,3,auto_recovery_attempted,send_reminder,rule_based,True,Mapped payment_declined -> send_reminder (assumed success rate 30%),2026-08-23T05:57:01.860605
pay_XufyjGgrcJ2zx6,291.2,payment_declined,4,escalated_manual_review,escalate_to_human,stopping_rule,False,"Stopping rule triggered: 4 attempts already made, avoiding further automated contact",2026-08-23T05:57:01.860640
pay_LPbqMRK1ZvLifs,2782.33,insufficient_funds,4,escalated_manual_review,escalate_to_human,stopping_rule,False,"Stopping rule triggered: 4 attempts already made, avoiding further automated contact",2026-08-23T05:57:01.860674
pay_h6hqEDE1MtXo4r,1195.36,issuer_unavailable,1,auto_recovery_attempted,retry_later_2h,rule_based,True,Mapped issuer_unavailable -> retry_later_2h (assumed success rate 55%),2026-08-23T05:57:01.860708
pay_l03St6PojLSIzN,1577.04,card_declined,1,auto_recovery_attempted,send_reminder,rule_based,True,Mapped card_declined -> send_reminder (assumed success rate 30%),2026-08-23T05:57:01.860746
pay_IEmrYz2xp1LddV,219.51,payment_declined,1,auto_recovery_attempted,send_reminder,rule_based,False,Mapped payment_declined -> send_reminder (assumed success rate 30%),2026-08-23T05:57:01.860785
pay_vNOHxML7i0mo6R,1278.26,insufficient_funds,1,auto_recovery_attempted,retry_later_24h,rule_based,True,Mapped insufficient_funds -> retry_later_24h (assumed success rate 45%),2026-08-23T05:57:01.860822
pay_2E4wICvoXS0B8T,518.44,upi_collect_expired,2,auto_recovery_attempted,resend_collect_request,rule_based,False,Mapped upi_collect_expired -> resend_collect_request (assumed success rate 50%),2026-08-23T05:57:01.860858
pay_ZGmOMG8oiS55c7,4392.95,issuer_unavailable,4,escalated_manual_review,escalate_to_human,stopping_rule,False,"Stopping rule triggered: 4 attempts already made, avoiding further automated contact",2026-08-23T05:57:01.860896
pay_JBpXP7mkA4eQd8,2003.24,issuer_unavailable,2,auto_recovery_attempted,retry_later_2h,rule_based,False,Mapped issuer_unavailable -> retry_later_2h (assumed success rate 55%),2026-08-23T05:57:01.860932
pay_BS1TepZxMJr9vY,1613.73,incorrect_pin,4,escalated_manual_review,escalate_to_human,stopping_rule,False,"Stopping rule triggered: 4 attempts already made, avoiding further automated contact",2026-08-23T05:57:01.860971
pay_nA9P727EVWTD34,413.42,issuer_unavailable,1,auto_recovery_attempted,retry_later_2h,rule_based,False,Mapped issuer_unavailable -> retry_later_2h (assumed success rate 55%),2026-08-23T05:57:01.861006
pay_3844SWUoSUVqN6,351.58,card_declined,3,auto_recovery_attempted,send_reminder,rule_based,False,Mapped card_declined -> send_reminder (assumed success rate 30%),2026-08-23T05:57:01.861052
pay_cNd2EyP1O2gjl4,1501.25,bank_technical_error,2,auto_recovery_attempted,retry_immediately,rule_based,True,Mapped bank_technical_error -> retry_immediately (assumed success rate 65%),2026-08-23T05:57:01.861096
pay_vxUZhUKmqAB47e,2053.23,insufficient_balance,3,auto_recovery_attempted,send_reminder,rule_based,False,Mapped insufficient_balance -> send_reminder (assumed success rate 30%),2026-08-23T05:57:01.861133
pay_3EHjISGH4SViaE,1116.25,insufficient_funds,4,escalated_manual_review,escalate_to_human,stopping_rule,False,"Stopping rule triggered: 4 attempts already made, avoiding further automated contact",2026-08-23T05:57:01.861171
pay_ihYiu13Sa46cOd,2372.51,insufficient_balance,4,escalated_manual_review,escalate_to_human,stopping_rule,False,"Stopping rule triggered: 4 attempts already made, avoiding further automated contact",2026-08-23T05:57:01.861206
pay_EoiJ8p8ikPDCxy,799.0,upi_collect_expired,4,escalated_manual_review,escalate_to_human,stopping_rule,False,"Stopping rule triggered: 4 attempts already made, avoiding further automated contact",2026-08-23T05:57:01.861319
pay_fxgzR1P0ECkW8O,441.29,incorrect_otp,3,auto_recovery_attempted,send_reminder,rule_based,False,Mapped incorrect_otp -> send_reminder (assumed success rate 30%),2026-08-23T05:57:01.861382
pay_UsvPt5l0X8hqEb,3328.56,card_declined,3,auto_recovery_attempted,send_reminder,rule_based,False,Mapped card_declined -> send_reminder (assumed success rate 30%),2026-08-23T05:57:01.861429
pay_X1t4BrccmjYzdY,1511.04,card_declined,4,escalated_manual_review,escalate_to_human,stopping_rule,False,"Stopping rule triggered: 4 attempts already made, avoiding further automated contact",2026-08-23T05:57:01.861471
pay_HDyA44MsLHYyeV,1672.9,wallet_service_down,3,auto_recovery_attempted,retry_later_2h,rule_based,False,Mapped wallet_service_down -> retry_later_2h (assumed success rate 55%),2026-08-23T05:57:01.861508
pay_XFE4KAz7gcyBsT,3504.86,session_timed_out,2,auto_recovery_attempted,send_reminder,rule_based,False,Mapped session_timed_out -> send_reminder (assumed success rate 30%),2026-08-23T05:57:01.861547
pay_HWcjuMUnHUekth,439.04,payment_declined,4,escalated_manual_review,escalate_to_human,stopping_rule,False,"Stopping rule triggered: 4 attempts already made, avoiding further automated contact",2026-08-23T05:57:01.861587
pay_DMV82DWPSxbanp,3499.18,incorrect_otp,3,auto_recovery_attempted,send_reminder,rule_based,False,Mapped incorrect_otp -> send_reminder (assumed success rate 30%),2026-08-23T05:57:01.861628
pay_5EEShWVGqjuxsN,1220.71,card_declined,4,escalated_manual_review,escalate_to_human,stopping_rule,False,"Stopping rule triggered: 4 attempts already made, avoiding further automated contact",2026-08-23T05:57:01.861669
pay_OQODTW7oDOQ70o,723.39,bank_technical_error,2,auto_recovery_attempted,retry_immediately,rule_based,True,Mapped bank_technical_error -> retry_immediately (assumed success rate 65%),2026-08-23T05:57:01.861703
pay_xqajcc5HIIsKWb,1071.94,insufficient_funds,3,auto_recovery_attempted,retry_later_24h,rule_based,True,Mapped insufficient_funds -> retry_later_24h (assumed success rate 45%),2026-08-23T05:57:01.861742
pay_BtSSv5rdfqFC7S,912.58,insufficient_funds,4,escalated_manual_review,escalate_to_human,stopping_rule,False,"Stopping rule triggered: 4 attempts already made, avoiding further automated contact",2026-08-23T05:57:01.861783
pay_ZQvTJZY8OzxwRb,1875.82,incorrect_otp,1,auto_recovery_attempted,send_reminder,rule_based,False,Mapped incorrect_otp -> send_reminder (assumed success rate 30%),2026-08-23T05:57:01.861817
pay_rR7eBXV37iq3Ia,3710.22,insufficient_funds,3,auto_recovery_attempted,retry_later_24h,rule_based,False,Mapped insufficient_funds -> retry_later_24h (assumed success rate 45%),2026-08-23T05:57:01.861856
pay_2oti9eKOi2Q3mm,3607.59,issuer_unavailable,2,auto_recovery_attempted,retry_later_2h,rule_based,True,Mapped issuer_unavailable -> retry_later_2h (assumed success rate 55%),2026-08-23T05:57:01.861894
pay_mX9nvgrF5xjBtW,963.65,incorrect_pin,3,auto_recovery_attempted,send_reminder,rule_based,False,Mapped incorrect_pin -> send_reminder (assumed success rate 30%),2026-08-23T05:57:01.861932
pay_3m4zHx81Pt4HIz,1270.08,card_declined,4,escalated_manual_review,escalate_to_human,stopping_rule,False,"Stopping rule triggered: 4 attempts already made, avoiding further automated contact",2026-08-23T05:57:01.861969
pay_LAoDKHiX1VEsQw,420.0,issuer_unavailable,2,auto_recovery_attempted,retry_later_2h,rule_based,True,Mapped issuer_unavailable -> retry_later_2h (assumed success rate 55%),2026-08-23T05:57:01.862004
pay_IjzkocgoxNz304,501.71,incorrect_otp,1,auto_recovery_attempted,send_reminder,rule_based,False,Mapped incorrect_otp -> send_reminder (assumed success rate 30%),2026-08-23T05:57:01.862050
pay_EgFyrlF254BlE2,1222.28,upi_collect_expired,1,auto_recovery_attempted,resend_collect_request,rule_based,True,Mapped upi_collect_expired -> resend_collect_request (assumed success rate 50%),2026-08-23T05:57:01.862094
pay_E80EN20y6e4mK7,4646.45,wallet_service_down,1,auto_recovery_attempted,retry_later_2h,rule_based,True,Mapped wallet_service_down -> retry_later_2h (assumed success rate 55%),2026-08-23T05:57:01.862134
pay_iNNy7sYB27DWlK,2827.08,issuer_unavailable,3,auto_recovery_attempted,retry_later_2h,rule_based,False,Mapped issuer_unavailable -> retry_later_2h (assumed success rate 55%),2026-08-23T05:57:01.862188
pay_s4AzERVbsMqo9H,799.84,payment_declined,3,auto_recovery_attempted,send_reminder,rule_based,False,Mapped payment_declined -> send_reminder (assumed success rate 30%),2026-08-23T05:57:01.862229
pay_F3oFgelti8Y0hk,867.93,incorrect_pin,1,auto_recovery_attempted,send_reminder,rule_based,False,Mapped incorrect_pin -> send_reminder (assumed success rate 30%),2026-08-23T05:57:01.862307
pay_7BZDus0bsSFjsi,2301.63,upi_collect_expired,3,auto_recovery_attempted,resend_collect_request,rule_based,False,Mapped upi_collect_expired -> resend_collect_request (assumed success rate 50%),2026-08-23T05:57:01.862351
pay_IkX4GeFyIFH9V9,220.16,incorrect_otp,2,auto_recovery_attempted,send_reminder,rule_based,False,Mapped incorrect_otp -> send_reminder (assumed success rate 30%),2026-08-23T05:57:01.862392
pay_fipFrTVo1M6NbN,1308.81,wallet_service_down,4,escalated_manual_review,escalate_to_human,stopping_rule,False,"Stopping rule triggered: 4 attempts already made, avoiding further automated contact",2026-08-23T05:57:01.862433
pay_aztsVAxEvJp9lh,2674.99,wallet_service_down,4,escalated_manual_review,escalate_to_human,stopping_rule,False,"Stopping rule triggered: 4 attempts already made, avoiding further automated contact",2026-08-23T05:57:01.862471
pay_hh2HtSs7fllrtV,1008.59,incorrect_otp,2,auto_recovery_attempted,send_reminder,rule_based,True,Mapped incorrect_otp -> send_reminder (assumed success rate 30%),2026-08-23T05:57:01.862506
pay_btH3bOa213I5Gx,2587.08,issuer_unavailable,2,auto_recovery_attempted,retry_later_2h,rule_based,True,Mapped issuer_unavailable -> retry_later_2h (assumed success rate 55%),2026-08-23T05:57:01.862544
pay_R7xj9W8EZW3aHo,169.13,bank_technical_error,3,auto_recovery_attempted,retry_immediately,rule_based,True,Mapped bank_technical_error -> retry_immediately (assumed success rate 65%),2026-08-23T05:57:01.862581
pay_fBUt7VF8Dldkqy,3433.73,incorrect_otp,3,auto_recovery_attempted,send_reminder,rule_based,False,Mapped incorrect_otp -> send_reminder (assumed success rate 30%),2026-08-23T05:57:01.862619
pay_ovNEt0J5uXG3nE,1421.11,incorrect_pin,4,escalated_manual_review,escalate_to_human,stopping_rule,False,"Stopping rule triggered: 4 attempts already made, avoiding further automated contact",2026-08-23T05:57:01.862655
pay_OMRqI4YenUgyp1,134.76,payment_declined,4,escalated_manual_review,escalate_to_human,stopping_rule,False,"Stopping rule triggered: 4 attempts already made, avoiding further automated contact",2026-08-23T05:57:01.862689
pay_uqFhbVnh0chKQs,5569.51,payment_declined,2,auto_recovery_attempted,send_reminder,rule_based,False,Mapped payment_declined -> send_reminder (assumed success rate 30%),2026-08-23T05:57:01.862723
pay_PzVmAzavoKHGvO,884.81,incorrect_otp,2,auto_recovery_attempted,send_reminder,rule_based,False,Mapped incorrect_otp -> send_reminder (assumed success rate 30%),2026-08-23T05:57:01.862762
pay_trDKBKoBIv5SI3,349.43,bank_technical_error,1,auto_recovery_attempted,retry_immediately,rule_based,False,Mapped bank_technical_error -> retry_immediately (assumed success rate 65%),2026-08-23T05:57:01.862799
pay_FwWFSInYwNdYTn,2146.23,wallet_service_down,1,auto_recovery_attempted,retry_later_2h,rule_based,True,Mapped wallet_service_down -> retry_later_2h (assumed success rate 55%),2026-08-23T05:57:01.862836
pay_x18VzPPTNwzoGk,1575.14,upi_collect_expired,1,auto_recovery_attempted,resend_collect_request,rule_based,False,Mapped upi_collect_expired -> resend_collect_request (assumed success rate 50%),2026-08-23T05:57:01.862873
pay_FFoAQ7AmyqPRmh,4244.37,issuer_unavailable,3,auto_recovery_attempted,retry_later_2h,rule_based,True,Mapped issuer_unavailable -> retry_later_2h (assumed success rate 55%),2026-08-23T05:57:01.862910
pay_m0I7wpIZj6Kabf,1087.33,insufficient_funds,1,auto_recovery_attempted,retry_later_24h,rule_based,False,Mapped insufficient_funds -> retry_later_24h (assumed success rate 45%),2026-08-23T05:57:01.862948
pay_vVBF9pjuV2SbQU,4747.38,emi_not_supported,1,auto_recovery_attempted,suggest_alt_method,rule_based,True,Mapped emi_not_supported -> suggest_alt_method (assumed success rate 40%),2026-08-23T05:57:01.862986
pay_waVDR6y0H3lg8U,377.4,insufficient_funds,3,auto_recovery_attempted,retry_later_24h,rule_based,False,Mapped insufficient_funds -> retry_later_24h (assumed success rate 45%),2026-08-23T05:57:01.863022
pay_YbX83YAOLAwZ3f,2751.69,incorrect_pin,3,auto_recovery_attempted,send_reminder,rule_based,False,Mapped incorrect_pin -> send_reminder (assumed success rate 30%),2026-08-23T05:57:01.863071
pay_X0pJPuWTgSIWgF,994.52,payment_declined,2,auto_recovery_attempted,send_reminder,rule_based,False,Mapped payment_declined -> send_reminder (assumed success rate 30%),2026-08-23T05:57:01.863111
pay_hmJKj30oMmUySv,4655.1,upi_collect_expired,2,auto_recovery_attempted,resend_collect_request,rule_based,True,Mapped upi_collect_expired -> resend_collect_request (assumed success rate 50%),2026-08-23T05:57:01.863149
pay_m9cE4TNFuxphJu,1791.21,issuer_unavailable,2,auto_recovery_attempted,retry_later_2h,rule_based,True,Mapped issuer_unavailable -> retry_later_2h (assumed success rate 55%),2026-08-23T05:57:01.863191
pay_6iepph0u9e9lRT,1031.71,issuer_unavailable,3,auto_recovery_attempted,retry_later_2h,rule_based,True,Mapped issuer_unavailable -> retry_later_2h (assumed success rate 55%),2026-08-23T05:57:01.863230
pay_qxnK0I4F8nF4Qm,1726.48,session_timed_out,1,auto_recovery_attempted,send_reminder,rule_based,False,Mapped session_timed_out -> send_reminder (assumed success rate 30%),2026-08-23T05:57:01.863304
pay_dW3UAfpdu6v7uE,158.85,incorrect_otp,2,auto_recovery_attempted,send_reminder,rule_based,True,Mapped incorrect_otp -> send_reminder (assumed success rate 30%),2026-08-23T05:57:01.863348
pay_YgjY9mrGvqcIDN,150.99,insufficient_balance,2,auto_recovery_attempted,send_reminder,rule_based,False,Mapped insufficient_balance -> send_reminder (assumed success rate 30%),2026-08-23T05:57:01.863389
pay_86kau0SZCoAKVx,2775.25,incorrect_pin,2,auto_recovery_attempted,send_reminder,rule_based,False,Mapped incorrect_pin -> send_reminder (assumed success rate 30%),2026-08-23T05:57:01.863429
pay_L2ItF5JeflSm2y,1568.25,insufficient_funds,3,auto_recovery_attempted,retry_later_24h,rule_based,True,Mapped insufficient_funds -> retry_later_24h (assumed success rate 45%),2026-08-23T05:57:01.863468
pay_9NzHtGjcrZZhLC,2790.58,upi_collect_expired,1,auto_recovery_attempted,resend_collect_request,rule_based,True,Mapped upi_collect_expired -> resend_collect_request (assumed success rate 50%),2026-08-23T05:57:01.863507
pay_Nqqifsoc38CM86,537.19,payment_declined,3,auto_recovery_attempted,send_reminder,rule_based,False,Mapped payment_declined -> send_reminder (assumed success rate 30%),2026-08-23T05:57:01.863547
pay_HfsRXg4MaGdDy5,7066.58,payment_declined,1,auto_recovery_attempted,send_reminder,rule_based,False,Mapped payment_declined -> send_reminder (assumed success rate 30%),2026-08-23T05:57:01.863585
pay_7gJZfMM5XEK5tz,2799.88,insufficient_funds,3,auto_recovery_attempted,retry_later_24h,rule_based,False,Mapped insufficient_funds -> retry_later_24h (assumed success rate 45%),2026-08-23T05:57:01.863623
pay_t7VKwjh0S1We1f,638.27,bank_technical_error,4,escalated_manual_review,escalate_to_human,stopping_rule,False,"Stopping rule triggered: 4 attempts already made, avoiding further automated contact",2026-08-23T05:57:01.863661
pay_kxCLAdOzqSsANY,796.15,insufficient_balance,3,auto_recovery_attempted,send_reminder,rule_based,False,Mapped insufficient_balance -> send_reminder (assumed success rate 30%),2026-08-23T05:57:01.863697
pay_t8De1TiIvdej5F,289.74,payment_declined,2,auto_recovery_attempted,send_reminder,rule_based,False,Mapped payment_declined -> send_reminder (assumed success rate 30%),2026-08-23T05:57:01.863735
pay_mbcepGplydVE5H,906.71,issuer_unavailable,3,auto_recovery_attempted,retry_later_2h,rule_based,False,Mapped issuer_unavailable -> retry_later_2h (assumed success rate 55%),2026-08-23T05:57:01.863772
pay_AywFbD8mjBXUsZ,711.24,insufficient_funds,1,auto_recovery_attempted,retry_later_24h,rule_based,False,Mapped insufficient_funds -> retry_later_24h (assumed success rate 45%),2026-08-23T05:57:01.863810
pay_oi0lQ6q7w1AU4y,503.3,wallet_service_down,4,escalated_manual_review,escalate_to_human,stopping_rule,False,"Stopping rule triggered: 4 attempts already made, avoiding further automated contact",2026-08-23T05:57:01.863849
pay_zwW0ial5ngECry,1714.4,card_declined,2,auto_recovery_attempted,send_reminder,rule_based,True,Mapped card_declined -> send_reminder (assumed success rate 30%),2026-08-23T05:57:01.863884
pay_kQ0EFpBsPxi8QU,1897.32,incorrect_otp,4,escalated_manual_review,escalate_to_human,stopping_rule,False,"Stopping rule triggered: 4 attempts already made, avoiding further automated contact",2026-08-23T05:57:01.863922
pay_xyHJ4ugR9fzzWm,715.67,session_timed_out,2,auto_recovery_attempted,send_reminder,rule_based,False,Mapped session_timed_out -> send_reminder (assumed success rate 30%),2026-08-23T05:57:01.863959
pay_V7Brm2iKqh1uoe,544.12,incorrect_otp,3,auto_recovery_attempted,send_reminder,rule_based,True,Mapped incorrect_otp -> send_reminder (assumed success rate 30%),2026-08-23T05:57:01.863997
pay_rnOEGKoEHGHa9r,2400.44,incorrect_otp,4,escalated_manual_review,escalate_to_human,stopping_rule,False,"Stopping rule triggered: 4 attempts already made, avoiding further automated contact",2026-08-23T05:57:01.864041
pay_n8dLtD660zO9Sm,2088.67,insufficient_funds,2,auto_recovery_attempted,retry_later_24h,rule_based,False,Mapped insufficient_funds -> retry_later_24h (assumed success rate 45%),2026-08-23T05:57:01.864084
pay_2JQ5vs3ZfSbEFo,3068.45,insufficient_funds,2,auto_recovery_attempted,retry_later_24h,rule_based,True,Mapped insufficient_funds -> retry_later_24h (assumed success rate 45%),2026-08-23T05:57:01.864124
pay_DcyVD4i0ejqqnB,581.64,card_declined,4,escalated_manual_review,escalate_to_human,stopping_rule,False,"Stopping rule triggered: 4 attempts already made, avoiding further automated contact",2026-08-23T05:57:01.864163
pay_hz9oL57b4qK4sj,2609.87,upi_collect_expired,1,auto_recovery_attempted,resend_collect_request,rule_based,False,Mapped upi_collect_expired -> resend_collect_request (assumed success rate 50%),2026-08-23T05:57:01.864200
pay_3n4ydxpSzckIgq,6126.58,session_timed_out,4,escalated_manual_review,escalate_to_human,stopping_rule,False,"Stopping rule triggered: 4 attempts already made, avoiding further automated contact",2026-08-23T05:57:01.864296
pay_Us3nDqN379uy0D,111.81,wallet_service_down,2,auto_recovery_attempted,retry_later_2h,rule_based,False,Mapped wallet_service_down -> retry_later_2h (assumed success rate 55%),2026-08-23T05:57:01.864338
pay_AzR0ohK4MWddKD,12555.63,card_declined,4,escalated_manual_review,escalate_to_human,stopping_rule,False,"Stopping rule triggered: 4 attempts already made, avoiding further automated contact",2026-08-23T05:57:01.864379
pay_9bkXUjcjBSwYt3,918.36,incorrect_pin,2,auto_recovery_attempted,send_reminder,rule_based,False,Mapped incorrect_pin -> send_reminder (assumed success rate 30%),2026-08-23T05:57:01.864415
pay_nZsU4pv0I9pV6e,2319.04,card_declined,2,auto_recovery_attempted,send_reminder,rule_based,False,Mapped card_declined -> send_reminder (assumed success rate 30%),2026-08-23T05:57:01.864453
pay_y7g7n38CJ1hw0W,408.5,upi_collect_expired,3,auto_recovery_attempted,resend_collect_request,rule_based,True,Mapped upi_collect_expired -> resend_collect_request (assumed success rate 50%),2026-08-23T05:57:01.864492
pay_9ge6ZDBtlNDhPi,906.98,incorrect_pin,2,auto_recovery_attempted,send_reminder,rule_based,True,Mapped incorrect_pin -> send_reminder (assumed success rate 30%),2026-08-23T05:57:01.864533
pay_B48OwSCX1M99RL,195.93,incorrect_otp,3,auto_recovery_attempted,send_reminder,rule_based,False,Mapped incorrect_otp -> send_reminder (assumed success rate 30%),2026-08-23T05:57:01.864571
pay_EOafcssRJmsi40,818.3,card_declined,4,escalated_manual_review,escalate_to_human,stopping_rule,False,"Stopping rule triggered: 4 attempts already made, avoiding further automated contact",2026-08-23T05:57:01.864610
pay_9R8wn4yfHeWJyi,2060.48,issuer_unavailable,4,escalated_manual_review,escalate_to_human,stopping_rule,False,"Stopping rule triggered: 4 attempts already made, avoiding further automated contact",2026-08-23T05:57:01.864647
pay_aXcT4pBBN2ZOxq,1552.16,incorrect_otp,3,auto_recovery_attempted,send_reminder,rule_based,True,Mapped incorrect_otp -> send_reminder (assumed success rate 30%),2026-08-23T05:57:01.864681
pay_ANOMgD2B5dXX7H,932.67,upi_collect_expired,2,auto_recovery_attempted,resend_collect_request,rule_based,False,Mapped upi_collect_expired -> resend_collect_request (assumed success rate 50%),2026-08-23T05:57:01.864720
pay_7LPCaoz8C8DYer,217.34,emi_not_supported,3,auto_recovery_attempted,suggest_alt_method,rule_based,True,Mapped emi_not_supported -> suggest_alt_method (assumed success rate 40%),2026-08-23T05:57:01.864758
pay_qxYA4lSGuJku5D,1019.8,insufficient_funds,4,escalated_manual_review,escalate_to_human,stopping_rule,False,"Stopping rule triggered: 4 attempts already made, avoiding further automated contact",2026-08-23T05:57:01.864798
pay_ztJetrTRFkOUVW,492.83,incorrect_pin,3,auto_recovery_attempted,send_reminder,rule_based,False,Mapped incorrect_pin -> send_reminder (assumed success rate 30%),2026-08-23T05:57:01.864833
pay_pTPfEYcSWmehKs,2563.13,bank_technical_error,2,auto_recovery_attempted,retry_immediately,rule_based,True,Mapped bank_technical_error -> retry_immediately (assumed success rate 65%),2026-08-23T05:57:01.864870
pay_AdXVeuv7xAolyi,1018.99,card_declined,2,auto_recovery_attempted,send_reminder,rule_based,False,Mapped card_declined -> send_reminder (assumed success rate 30%),2026-08-23T05:57:01.864907
pay_1NXrtWqhITzQas,4746.25,issuer_unavailable,4,escalated_manual_review,escalate_to_human,stopping_rule,False,"Stopping rule triggered: 4 attempts already made, avoiding further automated contact",2026-08-23T05:57:01.864945
pay_pCI4Cq1EFaVm3C,4210.99,incorrect_pin,4,escalated_manual_review,escalate_to_human,stopping_rule,False,"Stopping rule triggered: 4 attempts already made, avoiding further automated contact",2026-08-23T05:57:01.864979
pay_KJZGhkalMWAgmP,1117.96,incorrect_pin,1,auto_recovery_attempted,send_reminder,rule_based,True,Mapped incorrect_pin -> send_reminder (assumed success rate 30%),2026-08-23T05:57:01.865013
pay_8064y8kXWwVNth,1877.86,incorrect_pin,3,auto_recovery_attempted,send_reminder,rule_based,False,Mapped incorrect_pin -> send_reminder (assumed success rate 30%),2026-08-23T05:57:01.865061
pay_WrygodXy9rfqlV,1300.0,issuer_unavailable,3,auto_recovery_attempted,retry_later_2h,rule_based,False,Mapped issuer_unavailable -> retry_later_2h (assumed success rate 55%),2026-08-23T05:57:01.865102
pay_DpjM7WezJYkVYz,4008.01,payment_declined,4,escalated_manual_review,escalate_to_human,stopping_rule,False,"Stopping rule triggered: 4 attempts already made, avoiding further automated contact",2026-08-23T05:57:01.865141
pay_R9jtRc9uuWw96C,182.2,issuer_unavailable,4,escalated_manual_review,escalate_to_human,stopping_rule,False,"Stopping rule triggered: 4 attempts already made, avoiding further automated contact",2026-08-23T05:57:01.865177
pay_mZObOfSRkhCdjV,799.07,incorrect_pin,4,escalated_manual_review,escalate_to_human,stopping_rule,False,"Stopping rule triggered: 4 attempts already made, avoiding further automated contact",2026-08-23T05:57:01.865213
pay_8tToVkOOOUivx6,1663.97,bank_technical_error,3,auto_recovery_attempted,retry_immediately,rule_based,True,Mapped bank_technical_error -> retry_immediately (assumed success rate 65%),2026-08-23T05:57:01.865274
pay_cKN4qSq7BlXo3p,1425.82,issuer_unavailable,3,auto_recovery_attempted,retry_later_2h,rule_based,False,Mapped issuer_unavailable -> retry_later_2h (assumed success rate 55%),2026-08-23T05:57:01.865324
pay_pP4Fr5VTvwfgZT,239.88,wallet_service_down,4,escalated_manual_review,escalate_to_human,stopping_rule,False,"Stopping rule triggered: 4 attempts already made, avoiding further automated contact",2026-08-23T05:57:01.865365
pay_ns6Sx5JqqumYCa,1936.5,insufficient_funds,2,auto_recovery_attempted,retry_later_24h,rule_based,False,Mapped insufficient_funds -> retry_later_24h (assumed success rate 45%),2026-08-23T05:57:01.865402
pay_IUwtUIxZNyoW0s,1193.05,insufficient_balance,3,auto_recovery_attempted,send_reminder,rule_based,True,Mapped insufficient_balance -> send_reminder (assumed success rate 30%),2026-08-23T05:57:01.865442
pay_7CWACgbpQheaNy,1227.96,payment_declined,3,auto_recovery_attempted,send_reminder,rule_based,False,Mapped payment_declined -> send_reminder (assumed success rate 30%),2026-08-23T05:57:01.865481
pay_Hx3dmGNstad5qf,637.82,insufficient_funds,3,auto_recovery_attempted,retry_later_24h,rule_based,True,Mapped insufficient_funds -> retry_later_24h (assumed success rate 45%),2026-08-23T05:57:01.865519
pay_pyj5pjv0FaJIXo,8615.92,bank_technical_error,3,auto_recovery_attempted,retry_immediately,rule_based,True,Mapped bank_technical_error -> retry_immediately (assumed success rate 65%),2026-08-23T05:57:01.865559
pay_CuP2quIbnjs0aV,898.85,insufficient_balance,1,auto_recovery_attempted,send_reminder,rule_based,False,Mapped insufficient_balance -> send_reminder (assumed success rate 30%),2026-08-23T05:57:01.865599
pay_XDyOSn8GpIBxmb,676.69,issuer_unavailable,3,auto_recovery_attempted,retry_later_2h,rule_based,True,Mapped issuer_unavailable -> retry_later_2h (assumed success rate 55%),2026-08-23T05:57:01.865637
pay_leXBsNGrlADfjE,1750.83,insufficient_balance,1,auto_recovery_attempted,send_reminder,rule_based,True,Mapped insufficient_balance -> send_reminder (assumed success rate 30%),2026-08-23T05:57:01.865675
pay_Ho12iIZQu7a1n3,330.44,insufficient_funds,2,auto_recovery_attempted,retry_later_24h,rule_based,True,Mapped insufficient_funds -> retry_later_24h (assumed success rate 45%),2026-08-23T05:57:01.865712
pay_qqRNqIpJsehMLs,140.8,emi_not_supported,3,auto_recovery_attempted,suggest_alt_method,rule_based,False,Mapped emi_not_supported -> suggest_alt_method (assumed success rate 40%),2026-08-23T05:57:01.865749
pay_qaP6LehnlBWUvN,4579.89,session_timed_out,4,escalated_manual_review,escalate_to_human,stopping_rule,False,"Stopping rule triggered: 4 attempts already made, avoiding further automated contact",2026-08-23T05:57:01.865789
pay_5bwHQkz73Qq07j,1434.6,incorrect_pin,3,auto_recovery_attempted,send_reminder,rule_based,False,Mapped incorrect_pin -> send_reminder (assumed success rate 30%),2026-08-23T05:57:01.865825
pay_m4nuf6E0mxI0aq,805.25,session_timed_out,3,auto_recovery_attempted,send_reminder,rule_based,False,Mapped session_timed_out -> send_reminder (assumed success rate 30%),2026-08-23T05:57:01.865864
pay_S2qahqUxreQGPi,8630.37,incorrect_otp,3,auto_recovery_attempted,send_reminder,rule_based,False,Mapped incorrect_otp -> send_reminder (assumed success rate 30%),2026-08-23T05:57:01.865903
pay_Gfxw6eYuK13uac,1657.04,issuer_unavailable,4,escalated_manual_review,escalate_to_human,stopping_rule,False,"Stopping rule triggered: 4 attempts already made, avoiding further automated contact",2026-08-23T05:57:01.865940
pay_kULWtdUrAzTavo,1525.77,issuer_unavailable,2,auto_recovery_attempted,retry_later_2h,rule_based,True,Mapped issuer_unavailable -> retry_later_2h (assumed success rate 55%),2026-08-23T05:57:01.865976
pay_oBPo9ESOBO22WR,298.58,incorrect_pin,1,auto_recovery_attempted,send_reminder,rule_based,False,Mapped incorrect_pin -> send_reminder (assumed success rate 30%),2026-08-23T05:57:01.866014
pay_EaNgQdeHSzr7RI,5256.91,issuer_unavailable,3,auto_recovery_attempted,retry_later_2h,rule_based,True,Mapped issuer_unavailable -> retry_later_2h (assumed success rate 55%),2026-08-23T05:57:01.866061
pay_ODFIlfkNRUBRqm,634.09,issuer_unavailable,2,auto_recovery_attempted,retry_later_2h,rule_based,True,Mapped issuer_unavailable -> retry_later_2h (assumed success rate 55%),2026-08-23T05:57:01.866102
pay_21PEuZ9Vn5afoU,1126.73,incorrect_otp,3,auto_recovery_attempted,send_reminder,rule_based,False,Mapped incorrect_otp -> send_reminder (assumed success rate 30%),2026-08-23T05:57:01.866139
pay_Zt07ccLdxViKY1,2362.42,session_timed_out,4,escalated_manual_review,escalate_to_human,stopping_rule,False,"Stopping rule triggered: 4 attempts already made, avoiding further automated contact",2026-08-23T05:57:01.866176
pay_dPafRFW7DeoKHx,1127.11,payment_declined,3,auto_recovery_attempted,send_reminder,rule_based,True,Mapped payment_declined -> send_reminder (assumed success rate 30%),2026-08-23T05:57:01.866211
pay_bWgdhnTsC0r08t,4390.88,card_declined,1,auto_recovery_attempted,send_reminder,rule_based,False,Mapped card_declined -> send_reminder (assumed success rate 30%),2026-08-23T05:57:01.866271
pay_dsyy6bkKzVOD5I,4155.54,issuer_unavailable,1,auto_recovery_attempted,retry_later_2h,rule_based,False,Mapped issuer_unavailable -> retry_later_2h (assumed success rate 55%),2026-08-23T05:57:01.866327
pay_zgzrLq4XfeEDE6,523.91,incorrect_otp,1,auto_recovery_attempted,send_reminder,rule_based,True,Mapped incorrect_otp -> send_reminder (assumed success rate 30%),2026-08-23T05:57:01.866373
pay_vd3Vc3uoDqK6pF,1962.28,issuer_unavailable,4,escalated_manual_review,escalate_to_human,stopping_rule,False,"Stopping rule triggered: 4 attempts already made, avoiding further automated contact",2026-08-23T05:57:01.866413
pay_zUpJgtnelWtf0r,1823.75,incorrect_otp,4,escalated_manual_review,escalate_to_human,stopping_rule,False,"Stopping rule triggered: 4 attempts already made, avoiding further automated contact",2026-08-23T05:57:01.866449
pay_zs3dt9ris67CbX,1619.9,payment_declined,4,escalated_manual_review,escalate_to_human,stopping_rule,False,"Stopping rule triggered: 4 attempts already made, avoiding further automated contact",2026-08-23T05:57:01.866484
pay_Jaq7NF2MJk66ud,6686.88,upi_collect_expired,2,auto_recovery_attempted,resend_collect_request,rule_based,True,Mapped upi_collect_expired -> resend_collect_request (assumed success rate 50%),2026-08-23T05:57:01.866519
pay_10l2mNtm453nYr,500.79,incorrect_pin,3,auto_recovery_attempted,send_reminder,rule_based,False,Mapped incorrect_pin -> send_reminder (assumed success rate 30%),2026-08-23T05:57:01.866557
pay_czm8N7ExIkJB0r,769.15,wallet_service_down,1,auto_recovery_attempted,retry_later_2h,rule_based,True,Mapped wallet_service_down -> retry_later_2h (assumed success rate 55%),2026-08-23T05:57:01.866596
pay_yXb1fWdTDkZkHe,1702.86,bank_technical_error,4,escalated_manual_review,escalate_to_human,stopping_rule,False,"Stopping rule triggered: 4 attempts already made, avoiding further automated contact",2026-08-23T05:57:01.866633
pay_uQBVcTAo6INXBL,138.32,emi_not_supported,1,auto_recovery_attempted,suggest_alt_method,rule_based,True,Mapped emi_not_supported -> suggest_alt_method (assumed success rate 40%),2026-08-23T05:57:01.866667
pay_zFVF1xsEHcBEPE,200.11,insufficient_funds,2,auto_recovery_attempted,retry_later_24h,rule_based,False,Mapped insufficient_funds -> retry_later_24h (assumed success rate 45%),2026-08-23T05:57:01.866705
pay_wd83hjDbyyExzn,1202.25,insufficient_balance,2,auto_recovery_attempted,send_reminder,rule_based,True,Mapped insufficient_balance -> send_reminder (assumed success rate 30%),2026-08-23T05:57:01.866744
pay_Ie9QV3A4HYosMj,490.19,payment_declined,2,auto_recovery_attempted,send_reminder,rule_based,False,Mapped payment_declined -> send_reminder (assumed success rate 30%),2026-08-23T05:57:01.866780
pay_9x6zoTiQ3TYbJE,758.1,incorrect_otp,2,auto_recovery_attempted,send_reminder,rule_based,False,Mapped incorrect_otp -> send_reminder (assumed success rate 30%),2026-08-23T05:57:01.866817
pay_BBUlnueMAUkWKE,12097.42,incorrect_pin,2,auto_recovery_attempted,send_reminder,rule_based,True,Mapped incorrect_pin -> send_reminder (assumed success rate 30%),2026-08-23T05:57:01.866854
pay_G61iZh3uNHS44l,2015.26,session_timed_out,3,auto_recovery_attempted,send_reminder,rule_based,True,Mapped session_timed_out -> send_reminder (assumed success rate 30%),2026-08-23T05:57:01.866891
pay_WW8XEdKUb04oww,984.8,card_declined,1,auto_recovery_attempted,send_reminder,rule_based,True,Mapped card_declined -> send_reminder (assumed success rate 30%),2026-08-23T05:57:01.866930
pay_iGxUvitFSS6ZF1,554.15,issuer_unavailable,1,auto_recovery_attempted,retry_later_2h,rule_based,True,Mapped issuer_unavailable -> retry_later_2h (assumed success rate 55%),2026-08-23T05:57:01.866965
pay_vwrsAl3qzrAiUz,588.76,insufficient_balance,4,escalated_manual_review,escalate_to_human,stopping_rule,False,"Stopping rule triggered: 4 attempts already made, avoiding further automated contact",2026-08-23T05:57:01.867001
pay_LTJgfvBfrTVyMr,334.38,session_timed_out,2,auto_recovery_attempted,send_reminder,rule_based,True,Mapped session_timed_out -> send_reminder (assumed success rate 30%),2026-08-23T05:57:01.867041
pay_l41O5VFfQ0Xp4N,4305.08,incorrect_pin,4,escalated_manual_review,escalate_to_human,stopping_rule,False,"Stopping rule triggered: 4 attempts already made, avoiding further automated contact",2026-08-23T05:57:01.867088
pay_Un5mbDR1E5ehXk,897.31,card_declined,3,auto_recovery_attempted,send_reminder,rule_based,False,Mapped card_declined -> send_reminder (assumed success rate 30%),2026-08-23T05:57:01.867125
pay_RYhyvsBgBcOYlA,213.97,payment_declined,4,escalated_manual_review,escalate_to_human,stopping_rule,False,"Stopping rule triggered: 4 attempts already made, avoiding further automated contact",2026-08-23T05:57:01.867183
pay_3OltHc1aw8MiPM,916.88,incorrect_pin,2,auto_recovery_attempted,send_reminder,rule_based,True,Mapped incorrect_pin -> send_reminder (assumed success rate 30%),2026-08-23T05:57:01.867222
pay_HNVK3ib7sADNdW,1858.13,session_timed_out,4,escalated_manual_review,escalate_to_human,stopping_rule,False,"Stopping rule triggered: 4 attempts already made, avoiding further automated contact",2026-08-23T05:57:01.867294
pay_DFZcFctiTQDYvh,6796.47,insufficient_balance,1,auto_recovery_attempted,send_reminder,rule_based,False,Mapped insufficient_balance -> send_reminder (assumed success rate 30%),2026-08-23T05:57:01.867337
pay_bd6Ri50cp8DzhW,238.51,card_declined,1,auto_recovery_attempted,send_reminder,rule_based,False,Mapped card_declined -> send_reminder (assumed success rate 30%),2026-08-23T05:57:01.867380
pay_PXeVrgpwVkutcA,365.76,incorrect_pin,1,auto_recovery_attempted,send_reminder,rule_based,False,Mapped incorrect_pin -> send_reminder (assumed success rate 30%),2026-08-23T05:57:01.867419
pay_s88KNdKnurIpAP,2809.71,insufficient_funds,1,auto_recovery_attempted,retry_later_24h,rule_based,False,Mapped insufficient_funds -> retry_later_24h (assumed success rate 45%),2026-08-23T05:57:01.867459
pay_XIARzNUBow7rc5,1681.85,incorrect_otp,3,auto_recovery_attempted,send_reminder,rule_based,False,Mapped incorrect_otp -> send_reminder (assumed success rate 30%),2026-08-23T05:57:01.867497
pay_1kZF1mG5OCzPcr,368.82,card_declined,4,escalated_manual_review,escalate_to_human,stopping_rule,False,"Stopping rule triggered: 4 attempts already made, avoiding further automated contact",2026-08-23T05:57:01.867536
pay_RsQWFTTCKmOMub,3157.74,upi_collect_expired,1,auto_recovery_attempted,resend_collect_request,rule_based,False,Mapped upi_collect_expired -> resend_collect_request (assumed success rate 50%),2026-08-23T05:57:01.867577
pay_o9KpriJZqr5KZP,2766.7,payment_declined,4,escalated_manual_review,escalate_to_human,stopping_rule,False,"Stopping rule triggered: 4 attempts already made, avoiding further automated contact",2026-08-23T05:57:01.867616
pay_9tj42VF2weznBr,3546.56,card_declined,4,escalated_manual_review,escalate_to_human,stopping_rule,False,"Stopping rule triggered: 4 attempts already made, avoiding further automated contact",2026-08-23T05:57:01.867651
pay_qv7oB6dpTBwH3e,1280.93,bank_technical_error,4,escalated_manual_review,escalate_to_human,stopping_rule,False,"Stopping rule triggered: 4 attempts already made, avoiding further automated contact",2026-08-23T05:57:01.867728
pay_3sJxRwuf12cCvO,851.69,payment_declined,1,auto_recovery_attempted,send_reminder,rule_based,False,Mapped payment_declined -> send_reminder (assumed success rate 30%),2026-08-23T05:57:01.867783
pay_0K5PbSNURtcW20,1573.08,upi_collect_expired,3,auto_recovery_attempted,resend_collect_request,rule_based,True,Mapped upi_collect_expired -> resend_collect_request (assumed success rate 50%),2026-08-23T05:57:01.867827
pay_q7Gn2rjCbkRM9U,3853.8,bank_technical_error,1,auto_recovery_attempted,retry_immediately,rule_based,True,Mapped bank_technical_error -> retry_immediately (assumed success rate 65%),2026-08-23T05:57:01.867867
pay_MII4bBO4qjzLSv,3051.35,payment_declined,4,escalated_manual_review,escalate_to_human,stopping_rule,False,"Stopping rule triggered: 4 attempts already made, avoiding further automated contact",2026-08-23T05:57:01.867905
pay_InxzSaKJqo5nMv,1602.54,incorrect_otp,1,auto_recovery_attempted,send_reminder,rule_based,False,Mapped incorrect_otp -> send_reminder (assumed success rate 30%),2026-08-23T05:57:01.867941
pay_GHmhwQAc0TF1vL,3617.78,incorrect_otp,2,auto_recovery_attempted,send_reminder,rule_based,False,Mapped incorrect_otp -> send_reminder (assumed success rate 30%),2026-08-23T05:57:01.867985
pay_JwD6MB5TTxj4c9,153.47,payment_declined,3,auto_recovery_attempted,send_reminder,rule_based,True,Mapped payment_declined -> send_reminder (assumed success rate 30%),2026-08-23T05:57:01.868024
pay_ipEnq5Yc9uEcgP,2327.96,issuer_unavailable,4,escalated_manual_review,escalate_to_human,stopping_rule,False,"Stopping rule triggered: 4 attempts already made, avoiding further automated contact",2026-08-23T05:57:01.868077
pay_Pp8N1uQX5zkkYN,2931.2,session_timed_out,1,auto_recovery_attempted,send_reminder,rule_based,False,Mapped session_timed_out -> send_reminder (assumed success rate 30%),2026-08-23T05:57:01.868115
pay_0FozbedbXrWgs3,1442.02,insufficient_funds,1,auto_recovery_attempted,retry_later_24h,rule_based,True,Mapped insufficient_funds -> retry_later_24h (assumed success rate 45%),2026-08-23T05:57:01.868156
pay_jOGzsci54PxnDl,466.12,incorrect_otp,3,auto_recovery_attempted,send_reminder,rule_based,False,Mapped incorrect_otp -> send_reminder (assumed success rate 30%),2026-08-23T05:57:01.868194
pay_xr6PU5wTjxcCPt,3018.38,upi_collect_expired,1,auto_recovery_attempted,resend_collect_request,rule_based,False,Mapped upi_collect_expired -> resend_collect_request (assumed success rate 50%),2026-08-23T05:57:01.868285
pay_XYSwi4uFLYW9qq,311.98,incorrect_otp,1,auto_recovery_attempted,send_reminder,rule_based,False,Mapped incorrect_otp -> send_reminder (assumed success rate 30%),2026-08-23T05:57:01.868336
pay_VMYEhYAl42ly5i,529.35,session_timed_out,1,auto_recovery_attempted,send_reminder,rule_based,True,Mapped session_timed_out -> send_reminder (assumed success rate 30%),2026-08-23T05:57:01.868378
pay_7HAxAWVJIhYeWg,824.56,insufficient_funds,4,escalated_manual_review,escalate_to_human,stopping_rule,False,"Stopping rule triggered: 4 attempts already made, avoiding further automated contact",2026-08-23T05:57:01.868419
pay_WRH6KWyVtznbV6,2016.98,card_declined,2,auto_recovery_attempted,send_reminder,rule_based,False,Mapped card_declined -> send_reminder (assumed success rate 30%),2026-08-23T05:57:01.868459
pay_Ig3GpkfwoXaz9o,88.12,issuer_unavailable,2,auto_recovery_attempted,retry_later_2h,rule_based,True,Mapped issuer_unavailable -> retry_later_2h (assumed success rate 55%),2026-08-23T05:57:01.868498
pay_iu7HWlrwynq5Jd,662.79,bank_technical_error,2,auto_recovery_attempted,retry_immediately,rule_based,True,Mapped bank_technical_error -> retry_immediately (assumed success rate 65%),2026-08-23T05:57:01.868537
pay_cZNmPJcHaRtyXD,772.27,upi_collect_expired,1,auto_recovery_attempted,resend_collect_request,rule_based,True,Mapped upi_collect_expired -> resend_collect_request (assumed success rate 50%),2026-08-23T05:57:01.868575
pay_1ahTcFIKbmbiQE,3108.39,session_timed_out,2,auto_recovery_attempted,send_reminder,rule_based,False,Mapped session_timed_out -> send_reminder (assumed success rate 30%),2026-08-23T05:57:01.868613
pay_E47YVYMD5pswoh,652.7,insufficient_funds,4,escalated_manual_review,escalate_to_human,stopping_rule,False,"Stopping rule triggered: 4 attempts already made, avoiding further automated contact",2026-08-23T05:57:01.868653
pay_qrBL0pxI4SICwr,1591.48,incorrect_pin,1,auto_recovery_attempted,send_reminder,rule_based,True,Mapped incorrect_pin -> send_reminder (assumed success rate 30%),2026-08-23T05:57:01.868688
pay_QDOCeJPqrM2hnI,3928.65,bank_technical_error,3,auto_recovery_attempted,retry_immediately,rule_based,True,Mapped bank_technical_error -> retry_immediately (assumed success rate 65%),2026-08-23T05:57:01.868727
pay_ceyQHV7Zoaz57c,244.15,incorrect_otp,3,auto_recovery_attempted,send_reminder,rule_based,True,Mapped incorrect_otp -> send_reminder (assumed success rate 30%),2026-08-23T05:57:01.868767
pay_YdukBSSRyv5hPd,3079.07,payment_declined,1,auto_recovery_attempted,send_reminder,rule_based,True,Mapped payment_declined -> send_reminder (assumed success rate 30%),2026-08-23T05:57:01.868807
pay_JoTLPArx3P1ocj,1777.43,payment_declined,2,auto_recovery_attempted,send_reminder,rule_based,True,Mapped payment_declined -> send_reminder (assumed success rate 30%),2026-08-23T05:57:01.868846
pay_YPiF577c9aPPbF,393.95,incorrect_otp,4,escalated_manual_review,escalate_to_human,stopping_rule,False,"Stopping rule triggered: 4 attempts already made, avoiding further automated contact",2026-08-23T05:57:01.868883
pay_nxU8JmRixdj9Mm,2884.44,insufficient_funds,1,auto_recovery_attempted,retry_later_24h,rule_based,False,Mapped insufficient_funds -> retry_later_24h (assumed success rate 45%),2026-08-23T05:57:01.868918
pay_RLxGkAGdwIBQKR,717.05,upi_collect_expired,1,auto_recovery_attempted,resend_collect_request,rule_based,False,Mapped upi_collect_expired -> resend_collect_request (assumed success rate 50%),2026-08-23T05:57:01.868954
pay_vE4Zf8VWZtkaE0,1037.58,card_declined,3,auto_recovery_attempted,send_reminder,rule_based,False,Mapped card_declined -> send_reminder (assumed success rate 30%),2026-08-23T05:57:01.868989
pay_mwXa57fRmlDFgp,187.95,incorrect_otp,3,auto_recovery_attempted,send_reminder,rule_based,False,Mapped incorrect_otp -> send_reminder (assumed success rate 30%),2026-08-23T05:57:01.869027
pay_fvrlcwqHXthxLN,479.75,issuer_unavailable,2,auto_recovery_attempted,retry_later_2h,rule_based,True,Mapped issuer_unavailable -> retry_later_2h (assumed success rate 55%),2026-08-23T05:57:01.869076
pay_xLlVKJ4KZwFtUQ,1337.31,wallet_service_down,4,escalated_manual_review,escalate_to_human,stopping_rule,False,"Stopping rule triggered: 4 attempts already made, avoiding further automated contact",2026-08-23T05:57:01.869117
pay_sUrcVzSo7uyV9f,1048.54,upi_collect_expired,2,auto_recovery_attempted,resend_collect_request,rule_based,False,Mapped upi_collect_expired -> resend_collect_request (assumed success rate 50%),2026-08-23T05:57:01.869153
pay_hA1oyOpmnArwyC,774.72,incorrect_pin,1,auto_recovery_attempted,send_reminder,rule_based,False,Mapped incorrect_pin -> send_reminder (assumed success rate 30%),2026-08-23T05:57:01.869191
pay_xkttRJEf3y1cs4,3742.0,wallet_service_down,4,escalated_manual_review,escalate_to_human,stopping_rule,False,"Stopping rule triggered: 4 attempts already made, avoiding further automated contact",2026-08-23T05:57:01.869227
pay_8OwQHUkRhtg9aW,847.68,incorrect_pin,4,escalated_manual_review,escalate_to_human,stopping_rule,False,"Stopping rule triggered: 4 attempts already made, avoiding further automated contact",2026-08-23T05:57:01.869296
pay_8wGEyQV4JNhPyY,738.5,incorrect_otp,1,auto_recovery_attempted,send_reminder,rule_based,False,Mapped incorrect_otp -> send_reminder (assumed success rate 30%),2026-08-23T05:57:01.869338
pay_PdohLm5TajH7sq,5653.97,incorrect_otp,2,auto_recovery_attempted,send_reminder,rule_based,True,Mapped incorrect_otp -> send_reminder (assumed success rate 30%),2026-08-23T05:57:01.869381
pay_BDtYadrOYRoXzT,1091.98,incorrect_otp,4,escalated_manual_review,escalate_to_human,stopping_rule,False,"Stopping rule triggered: 4 attempts already made, avoiding further automated contact",2026-08-23T05:57:01.869421
pay_nN2SIJ1IAboKWf,427.83,card_declined,4,escalated_manual_review,escalate_to_human,stopping_rule,False,"Stopping rule triggered: 4 attempts already made, avoiding further automated contact",2026-08-23T05:57:01.869456
pay_zEnpvvQjvHF7L8,466.35,incorrect_pin,2,auto_recovery_attempted,send_reminder,rule_based,False,Mapped incorrect_pin -> send_reminder (assumed success rate 30%),2026-08-23T05:57:01.869492
pay_pU7PhfzAy4bdmy,1754.04,insufficient_funds,3,auto_recovery_attempted,retry_later_24h,rule_based,True,Mapped insufficient_funds -> retry_later_24h (assumed success rate 45%),2026-08-23T05:57:01.869532
pay_n89AQO2WeTWLD7,1987.29,issuer_unavailable,2,auto_recovery_attempted,retry_later_2h,rule_based,True,Mapped issuer_unavailable -> retry_later_2h (assumed success rate 55%),2026-08-23T05:57:01.869569
pay_OQTq16nsjFLt2X,1795.04,insufficient_funds,2,auto_recovery_attempted,retry_later_24h,rule_based,False,Mapped insufficient_funds -> retry_later_24h (assumed success rate 45%),2026-08-23T05:57:01.869611
pay_ID4IaghZLGTyQu,955.58,incorrect_otp,2,auto_recovery_attempted,send_reminder,rule_based,False,Mapped incorrect_otp -> send_reminder (assumed success rate 30%),2026-08-23T05:57:01.869651
pay_7JK4yc2r2dp9Bn,104.11,session_timed_out,1,auto_recovery_attempted,send_reminder,rule_based,False,Mapped session_timed_out -> send_reminder (assumed success rate 30%),2026-08-23T05:57:01.869688
pay_41OA7VJKSbMDz1,1844.24,issuer_unavailable,1,auto_recovery_attempted,retry_later_2h,rule_based,True,Mapped issuer_unavailable -> retry_later_2h (assumed success rate 55%),2026-08-23T05:57:01.869726
pay_H92EwDyEpa2kp2,777.5,card_declined,1,auto_recovery_attempted,send_reminder,rule_based,False,Mapped card_declined -> send_reminder (assumed success rate 30%),2026-08-23T05:57:01.869762
pay_KciSSZTorVvzrr,483.87,payment_declined,2,auto_recovery_attempted,send_reminder,rule_based,False,Mapped payment_declined -> send_reminder (assumed success rate 30%),2026-08-23T05:57:01.869800
pay_I4ZHLju3wcmcxm,1744.76,upi_collect_expired,2,auto_recovery_attempted,resend_collect_request,rule_based,False,Mapped upi_collect_expired -> resend_collect_request (assumed success rate 50%),2026-08-23T05:57:01.869837
pay_5zGqbU282a66PH,1499.77,issuer_unavailable,2,auto_recovery_attempted,retry_later_2h,rule_based,False,Mapped issuer_unavailable -> retry_later_2h (assumed success rate 55%),2026-08-23T05:57:01.869874
pay_sM6isRFSLqSw7u,96.65,incorrect_otp,3,auto_recovery_attempted,send_reminder,rule_based,False,Mapped incorrect_otp -> send_reminder (assumed success rate 30%),2026-08-23T05:57:01.869911
pay_C53owvnBfJzduO,400.21,card_declined,4,escalated_manual_review,escalate_to_human,stopping_rule,False,"Stopping rule triggered: 4 attempts already made, avoiding further automated contact",2026-08-23T05:57:01.869947
pay_x4KTnEUMnQKS3e,282.41,issuer_unavailable,1,auto_recovery_attempted,retry_later_2h,rule_based,True,Mapped issuer_unavailable -> retry_later_2h (assumed success rate 55%),2026-08-23T05:57:01.869981
pay_lrRmd2CUPRVErQ,188.36,issuer_unavailable,3,auto_recovery_attempted,retry_later_2h,rule_based,False,Mapped issuer_unavailable -> retry_later_2h (assumed success rate 55%),2026-08-23T05:57:01.870018
pay_w6jMTi2fAMFdIQ,485.55,card_declined,2,auto_recovery_attempted,send_reminder,rule_based,False,Mapped card_declined -> send_reminder (assumed success rate 30%),2026-08-23T05:57:01.870067
pay_aoeGJI1yyKVvS5,4047.01,upi_collect_expired,1,auto_recovery_attempted,resend_collect_request,rule_based,True,Mapped upi_collect_expired -> resend_collect_request (assumed success rate 50%),2026-08-23T05:57:01.870109
pay_xv85jE4QOeG0Lx,120.56,incorrect_pin,3,auto_recovery_attempted,send_reminder,rule_based,False,Mapped incorrect_pin -> send_reminder (assumed success rate 30%),2026-08-23T05:57:01.870148
pay_2cOkjTXYlTK97g,216.35,upi_collect_expired,4,escalated_manual_review,escalate_to_human,stopping_rule,False,"Stopping rule triggered: 4 attempts already made, avoiding further automated contact",2026-08-23T05:57:01.870185
pay_RqVLA7vwwCO3Xh,2340.6,bank_technical_error,3,auto_recovery_attempted,retry_immediately,rule_based,True,Mapped bank_technical_error -> retry_immediately (assumed success rate 65%),2026-08-23T05:57:01.870221
pay_gAfURwI89tLhFJ,284.99,payment_declined,1,auto_recovery_attempted,send_reminder,rule_based,False,Mapped payment_declined -> send_reminder (assumed success rate 30%),2026-08-23T05:57:01.870290
pay_JrPoIVOoYRlLPy,143.44,issuer_unavailable,4,escalated_manual_review,escalate_to_human,stopping_rule,False,"Stopping rule triggered: 4 attempts already made, avoiding further automated contact",2026-08-23T05:57:01.870336
pay_OEYuqXmAvdhAUw,3743.12,card_declined,4,escalated_manual_review,escalate_to_human,stopping_rule,False,"Stopping rule triggered: 4 attempts already made, avoiding further automated contact",2026-08-23T05:57:01.870376
pay_54R8a2TRYQmBa2,3127.06,payment_declined,3,auto_recovery_attempted,send_reminder,rule_based,False,Mapped payment_declined -> send_reminder (assumed success rate 30%),2026-08-23T05:57:01.870413
pay_Kvf9rkIHiIa7mt,3553.6,emi_not_supported,1,auto_recovery_attempted,suggest_alt_method,rule_based,False,Mapped emi_not_supported -> suggest_alt_method (assumed success rate 40%),2026-08-23T05:57:01.870453
pay_wKG8oBCu9P3Fcj,2311.94,session_timed_out,4,escalated_manual_review,escalate_to_human,stopping_rule,False,"Stopping rule triggered: 4 attempts already made, avoiding further automated contact",2026-08-23T05:57:01.870495
pay_vHIemU2xCROOKg,2152.36,insufficient_funds,3,auto_recovery_attempted,retry_later_24h,rule_based,False,Mapped insufficient_funds -> retry_later_24h (assumed success rate 45%),2026-08-23T05:57:01.870531
pay_wQniqJW2ZgYHn8,4684.8,insufficient_funds,2,auto_recovery_attempted,retry_later_24h,rule_based,False,Mapped insufficient_funds -> retry_later_24h (assumed success rate 45%),2026-08-23T05:57:01.870570
pay_kPGsbC2vP3CAjh,142.5,incorrect_otp,4,escalated_manual_review,escalate_to_human,stopping_rule,False,"Stopping rule triggered: 4 attempts already made, avoiding further automated contact",2026-08-23T05:57:01.870608
pay_GSOqMqgfyYdK7O,1525.32,payment_declined,2,auto_recovery_attempted,send_reminder,rule_based,False,Mapped payment_declined -> send_reminder (assumed success rate 30%),2026-08-23T05:57:01.870643
pay_AXaHf1duvPlx9V,1324.09,incorrect_otp,1,auto_recovery_attempted,send_reminder,rule_based,False,Mapped incorrect_otp -> send_reminder (assumed success rate 30%),2026-08-23T05:57:01.870682
pay_Homz4pQNi3Y7A4,1812.82,incorrect_pin,4,escalated_manual_review,escalate_to_human,stopping_rule,False,"Stopping rule triggered: 4 attempts already made, avoiding further automated contact",2026-08-23T05:57:01.870721
pay_mAjCX11bPyUHSd,2787.04,emi_not_supported,2,auto_recovery_attempted,suggest_alt_method,rule_based,True,Mapped emi_not_supported -> suggest_alt_method (assumed success rate 40%),2026-08-23T05:57:01.870755
pay_DjQNchAgb89I8S,1158.3,incorrect_pin,4,escalated_manual_review,escalate_to_human,stopping_rule,False,"Stopping rule triggered: 4 attempts already made, avoiding further automated contact",2026-08-23T05:57:01.870794
pay_nQryFT7BpnztZd,4359.39,upi_collect_expired,3,auto_recovery_attempted,resend_collect_request,rule_based,False,Mapped upi_collect_expired -> resend_collect_request (assumed success rate 50%),2026-08-23T05:57:01.870828
pay_oRPwIe8cwlNuOc,2315.63,session_timed_out,3,auto_recovery_attempted,send_reminder,rule_based,True,Mapped session_timed_out -> send_reminder (assumed success rate 30%),2026-08-23T05:57:01.870865
pay_B6lfnu4BgEszOq,1426.26,upi_collect_expired,4,escalated_manual_review,escalate_to_human,stopping_rule,False,"Stopping rule triggered: 4 attempts already made, avoiding further automated contact",2026-08-23T05:57:01.870902
pay_dWOAtQRJkMCSmY,915.94,session_timed_out,4,escalated_manual_review,escalate_to_human,stopping_rule,False,"Stopping rule triggered: 4 attempts already made, avoiding further automated contact",2026-08-23T05:57:01.870938
pay_9RUZ1CADVdw1MQ,292.64,insufficient_funds,3,auto_recovery_attempted,retry_later_24h,rule_based,False,Mapped insufficient_funds -> retry_later_24h (assumed success rate 45%),2026-08-23T05:57:01.870973
pay_tcaWVr8OakAXAf,510.38,incorrect_otp,3,auto_recovery_attempted,send_reminder,rule_based,False,Mapped incorrect_otp -> send_reminder (assumed success rate 30%),2026-08-23T05:57:01.871011
pay_RIl1l8Oyk1jR1S,1856.62,emi_not_supported,2,auto_recovery_attempted,suggest_alt_method,rule_based,False,Mapped emi_not_supported -> suggest_alt_method (assumed success rate 40%),2026-08-23T05:57:01.871058
pay_PMxMf4RBd68lw3,1902.5,issuer_unavailable,1,auto_recovery_attempted,retry_later_2h,rule_based,True,Mapped issuer_unavailable -> retry_later_2h (assumed success rate 55%),2026-08-23T05:57:01.871102
pay_gqrTpWxjy5kqgL,1338.6,payment_declined,4,escalated_manual_review,escalate_to_human,stopping_rule,False,"Stopping rule triggered: 4 attempts already made, avoiding further automated contact",2026-08-23T05:57:01.871144
pay_NionKYLEewIiSE,63.94,card_declined,1,auto_recovery_attempted,send_reminder,rule_based,True,Mapped card_declined -> send_reminder (assumed success rate 30%),2026-08-23T05:57:01.871182
pay_A4HjUdMNJJ0KaK,1111.18,issuer_unavailable,4,escalated_manual_review,escalate_to_human,stopping_rule,False,"Stopping rule triggered: 4 attempts already made, avoiding further automated contact",2026-08-23T05:57:01.871220
pay_96HCJ6yUKp4J4J,9069.29,issuer_unavailable,4,escalated_manual_review,escalate_to_human,stopping_rule,False,"Stopping rule triggered: 4 attempts already made, avoiding further automated contact",2026-08-23T05:57:01.871283
pay_PPJNGGB4xVrrKj,2284.11,session_timed_out,4,escalated_manual_review,escalate_to_human,stopping_rule,False,"Stopping rule triggered: 4 attempts already made, avoiding further automated contact",2026-08-23T05:57:01.871329
pay_W7E33vZzDzngoi,2096.71,upi_collect_expired,1,auto_recovery_attempted,resend_collect_request,rule_based,False,Mapped upi_collect_expired -> resend_collect_request (assumed success rate 50%),2026-08-23T05:57:01.871367
pay_eJ5KljIHeIPzJo,458.86,incorrect_otp,1,auto_recovery_attempted,send_reminder,rule_based,True,Mapped incorrect_otp -> send_reminder (assumed success rate 30%),2026-08-23T05:57:01.871407
pay_Ir4sUwzspCJsei,1858.27,insufficient_funds,1,auto_recovery_attempted,retry_later_24h,rule_based,True,Mapped insufficient_funds -> retry_later_24h (assumed success rate 45%),2026-08-23T05:57:01.871447
pay_79HjDm6aqtTGKa,2228.15,insufficient_funds,4,escalated_manual_review,escalate_to_human,stopping_rule,False,"Stopping rule triggered: 4 attempts already made, avoiding further automated contact",2026-08-23T05:57:01.871486
pay_gSTWLF0xjMXlp7,1295.06,insufficient_funds,1,auto_recovery_attempted,retry_later_24h,rule_based,True,Mapped insufficient_funds -> retry_later_24h (assumed success rate 45%),2026-08-23T05:57:01.871522
pay_LsAdpAE88c1dEv,3015.14,card_declined,1,auto_recovery_attempted,send_reminder,rule_based,False,Mapped card_declined -> send_reminder (assumed success rate 30%),2026-08-23T05:57:01.871561
pay_EEECAyHMPiuqWy,2068.48,insufficient_funds,2,auto_recovery_attempted,retry_later_24h,rule_based,False,Mapped insufficient_funds -> retry_later_24h (assumed success rate 45%),2026-08-23T05:57:01.871599
pay_Fwt0ERyeTlfi4v,3170.55,payment_declined,4,escalated_manual_review,escalate_to_human,stopping_rule,False,"Stopping rule triggered: 4 attempts already made, avoiding further automated contact",2026-08-23T05:57:01.871638
pay_t9CY4uzEoB3H7M,293.92,emi_not_supported,3,auto_recovery_attempted,suggest_alt_method,rule_based,True,Mapped emi_not_supported -> suggest_alt_method (assumed success rate 40%),2026-08-23T05:57:01.871675
pay_W1ze1AIA07qjgz,3274.15,issuer_unavailable,3,auto_recovery_attempted,retry_later_2h,rule_based,True,Mapped issuer_unavailable -> retry_later_2h (assumed success rate 55%),2026-08-23T05:57:01.871713
pay_2L2gCFZGWHIvFD,1564.72,issuer_unavailable,1,auto_recovery_attempted,retry_later_2h,rule_based,True,Mapped issuer_unavailable -> retry_later_2h (assumed success rate 55%),2026-08-23T05:57:01.871750
pay_m3pg5BVgOzFU1I,594.55,issuer_unavailable,1,auto_recovery_attempted,retry_later_2h,rule_based,False,Mapped issuer_unavailable -> retry_later_2h (assumed success rate 55%),2026-08-23T05:57:01.871789
pay_8Ime3J0zcX8p2d,90.65,payment_declined,4,escalated_manual_review,escalate_to_human,stopping_rule,False,"Stopping rule triggered: 4 attempts already made, avoiding further automated contact",2026-08-23T05:57:01.871826
pay_BSffafTk6WS3Nt,530.52,incorrect_otp,1,auto_recovery_attempted,send_reminder,rule_based,False,Mapped incorrect_otp -> send_reminder (assumed success rate 30%),2026-08-23T05:57:01.871861
pay_CUFxGs8bHLzrkF,154.28,incorrect_otp,1,auto_recovery_attempted,send_reminder,rule_based,True,Mapped incorrect_otp -> send_reminder (assumed success rate 30%),2026-08-23T05:57:01.871901
pay_4YgkysnLVXsXlB,8306.19,issuer_unavailable,4,escalated_manual_review,escalate_to_human,stopping_rule,False,"Stopping rule triggered: 4 attempts already made, avoiding further automated contact",2026-08-23T05:57:01.871938
pay_1VAENU9UKaly6O,555.98,incorrect_pin,2,auto_recovery_attempted,send_reminder,rule_based,True,Mapped incorrect_pin -> send_reminder (assumed success rate 30%),2026-08-23T05:57:01.871971
pay_DAWj2XZVPZDkjK,1176.13,upi_collect_expired,2,auto_recovery_attempted,resend_collect_request,rule_based,True,Mapped upi_collect_expired -> resend_collect_request (assumed success rate 50%),2026-08-23T05:57:01.872008
pay_z7yXJ3qU2mapVq,2346.34,insufficient_funds,2,auto_recovery_attempted,retry_later_24h,rule_based,False,Mapped insufficient_funds -> retry_later_24h (assumed success rate 45%),2026-08-23T05:57:01.872055
pay_pzfd2xgLl69gjE,548.64,card_declined,1,auto_recovery_attempted,send_reminder,rule_based,False,Mapped card_declined -> send_reminder (assumed success rate 30%),2026-08-23T05:57:01.872098
pay_9FLz8avUSd89qt,2981.67,payment_declined,4,escalated_manual_review,escalate_to_human,stopping_rule,False,"Stopping rule triggered: 4 attempts already made, avoiding further automated contact",2026-08-23T05:57:01.872139
pay_Ku7Yjb5I2pxdPC,437.08,insufficient_funds,3,auto_recovery_attempted,retry_later_24h,rule_based,True,Mapped insufficient_funds -> retry_later_24h (assumed success rate 45%),2026-08-23T05:57:01.872188
pay_NgcDZA6pLYoz3U,2136.26,card_declined,1,auto_recovery_attempted,send_reminder,rule_based,True,Mapped card_declined -> send_reminder (assumed success rate 30%),2026-08-23T05:57:01.872278
pay_U53tL7tqzedbP1,141.35,incorrect_otp,1,auto_recovery_attempted,send_reminder,rule_based,True,Mapped incorrect_otp -> send_reminder (assumed success rate 30%),2026-08-23T05:57:01.872347
pay_ORAUVJwAUcZbm6,892.8,insufficient_balance,3,auto_recovery_attempted,send_reminder,rule_based,False,Mapped insufficient_balance -> send_reminder (assumed success rate 30%),2026-08-23T05:57:01.872407
pay_Zpmyu7IRavRHaQ,2516.84,issuer_unavailable,4,escalated_manual_review,escalate_to_human,stopping_rule,False,"Stopping rule triggered: 4 attempts already made, avoiding further automated contact",2026-08-23T05:57:01.872452
pay_fIPGmYZhiSFdnT,63.47,insufficient_balance,2,auto_recovery_attempted,send_reminder,rule_based,True,Mapped insufficient_balance -> send_reminder (assumed success rate 30%),2026-08-23T05:57:01.872491
pay_Mz5KutpvxPIrk1,1377.5,insufficient_funds,3,auto_recovery_attempted,retry_later_24h,rule_based,False,Mapped insufficient_funds -> retry_later_24h (assumed success rate 45%),2026-08-23T05:57:01.872531
pay_IqMZr92HcFVDL1,1575.93,incorrect_otp,1,auto_recovery_attempted,send_reminder,rule_based,False,Mapped incorrect_otp -> send_reminder (assumed success rate 30%),2026-08-23T05:57:01.872570
pay_1Fsa4A99XEcykY,569.2,card_declined,1,auto_recovery_attempted,send_reminder,rule_based,False,Mapped card_declined -> send_reminder (assumed success rate 30%),2026-08-23T05:57:01.872608
pay_0uCGq3QBj1OVsI,1154.33,insufficient_funds,2,auto_recovery_attempted,retry_later_24h,rule_based,True,Mapped insufficient_funds -> retry_later_24h (assumed success rate 45%),2026-08-23T05:57:01.872646
pay_JpyCnuSVgUEZ3P,116.28,card_declined,1,auto_recovery_attempted,send_reminder,rule_based,True,Mapped card_declined -> send_reminder (assumed success rate 30%),2026-08-23T05:57:01.872686
pay_JcKur4TZ6iO2it,1768.83,card_declined,4,escalated_manual_review,escalate_to_human,stopping_rule,False,"Stopping rule triggered: 4 attempts already made, avoiding further automated contact",2026-08-23T05:57:01.872724
pay_tnDq7lxDkNAks1,3573.87,insufficient_balance,3,auto_recovery_attempted,send_reminder,rule_based,False,Mapped insufficient_balance -> send_reminder (assumed success rate 30%),2026-08-23T05:57:01.872759
pay_UGt9byKUM6nYcI,3237.94,bank_technical_error,4,escalated_manual_review,escalate_to_human,stopping_rule,False,"Stopping rule triggered: 4 attempts already made, avoiding further automated contact",2026-08-23T05:57:01.872801
pay_KjatJIaOFcDGuz,1029.46,insufficient_funds,4,escalated_manual_review,escalate_to_human,stopping_rule,False,"Stopping rule triggered: 4 attempts already made, avoiding further automated contact",2026-08-23T05:57:01.872836
pay_qCNA8dyexIykcr,1955.16,payment_declined,1,auto_recovery_attempted,send_reminder,rule_based,False,Mapped payment_declined -> send_reminder (assumed success rate 30%),2026-08-23T05:57:01.872869
pay_Pny1P551sPcbLV,1574.73,issuer_unavailable,3,auto_recovery_attempted,retry_later_2h,rule_based,False,Mapped issuer_unavailable -> retry_later_2h (assumed success rate 55%),2026-08-23T05:57:01.872909
pay_uCV7u40sZaKZVn,7636.54,payment_declined,2,auto_recovery_attempted,send_reminder,rule_based,False,Mapped payment_declined -> send_reminder (assumed success rate 30%),2026-08-23T05:57:01.872946
pay_yS4aG7l0LzvcUm,3025.72,upi_collect_expired,1,auto_recovery_attempted,resend_collect_request,rule_based,True,Mapped upi_collect_expired -> resend_collect_request (assumed success rate 50%),2026-08-23T05:57:01.872983
pay_stSnTosxa0jbqq,3171.57,bank_technical_error,1,auto_recovery_attempted,retry_immediately,rule_based,False,Mapped bank_technical_error -> retry_immediately (assumed success rate 65%),2026-08-23T05:57:01.873021
pay_eVTVZWVK4ohG1h,1426.03,incorrect_pin,4,escalated_manual_review,escalate_to_human,stopping_rule,False,"Stopping rule triggered: 4 attempts already made, avoiding further automated contact",2026-08-23T05:57:01.873071
pay_udV72D4XlaDhpJ,424.77,insufficient_funds,2,auto_recovery_attempted,retry_later_24h,rule_based,False,Mapped insufficient_funds -> retry_later_24h (assumed success rate 45%),2026-08-23T05:57:01.873109
pay_h9O1A0n3upx3XV,1192.99,bank_technical_error,2,auto_recovery_attempted,retry_immediately,rule_based,True,Mapped bank_technical_error -> retry_immediately (assumed success rate 65%),2026-08-23T05:57:01.873148
pay_d4C2qlnYkC9QKX,1101.16,session_timed_out,3,auto_recovery_attempted,send_reminder,rule_based,False,Mapped session_timed_out -> send_reminder (assumed success rate 30%),2026-08-23T05:57:01.873185
pay_YQKecjsNrTZBLi,2091.41,issuer_unavailable,4,escalated_manual_review,escalate_to_human,stopping_rule,False,"Stopping rule triggered: 4 attempts already made, avoiding further automated contact",2026-08-23T05:57:01.873222
pay_m6HVyg7FphOmPD,560.09,incorrect_otp,3,auto_recovery_attempted,send_reminder,rule_based,False,Mapped incorrect_otp -> send_reminder (assumed success rate 30%),2026-08-23T05:57:01.873289
pay_8eQMP2pHER1kIT,232.47,card_declined,4,escalated_manual_review,escalate_to_human,stopping_rule,False,"Stopping rule triggered: 4 attempts already made, avoiding further automated contact",2026-08-23T05:57:01.873339
pay_rrsboprCHlYSRX,3596.15,upi_collect_expired,3,auto_recovery_attempted,resend_collect_request,rule_based,False,Mapped upi_collect_expired -> resend_collect_request (assumed success rate 50%),2026-08-23T05:57:01.873378
pay_OXTDhAEIG8cld1,2131.6,issuer_unavailable,2,auto_recovery_attempted,retry_later_2h,rule_based,False,Mapped issuer_unavailable -> retry_later_2h (assumed success rate 55%),2026-08-23T05:57:01.873418
pay_iXHM9hjaID0pvE,252.7,upi_collect_expired,3,auto_recovery_attempted,resend_collect_request,rule_based,False,Mapped upi_collect_expired -> resend_collect_request (assumed success rate 50%),2026-08-23T05:57:01.873457
pay_NbUx3civgD5dFm,339.02,incorrect_pin,1,auto_recovery_attempted,send_reminder,rule_based,False,Mapped incorrect_pin -> send_reminder (assumed success rate 30%),2026-08-23T05:57:01.873495
pay_R5B2grgZZyQSj8,1597.1,card_declined,2,auto_recovery_attempted,send_reminder,rule_based,True,Mapped card_declined -> send_reminder (assumed success rate 30%),2026-08-23T05:57:01.873533
pay_aHtHBK0TFBBXlH,1389.57,upi_collect_expired,4,escalated_manual_review,escalate_to_human,stopping_rule,False,"Stopping rule triggered: 4 attempts already made, avoiding further automated contact",2026-08-23T05:57:01.873575
pay_H2NGV6NBWVmZvP,2068.21,wallet_service_down,4,escalated_manual_review,escalate_to_human,stopping_rule,False,"Stopping rule triggered: 4 attempts already made, avoiding further automated contact",2026-08-23T05:57:01.873612
pay_Y1WO0mCh7imiPF,4765.18,incorrect_pin,4,escalated_manual_review,escalate_to_human,stopping_rule,False,"Stopping rule triggered: 4 attempts already made, avoiding further automated contact",2026-08-23T05:57:01.873651
pay_mb6xPBpWJJljcq,2399.33,session_timed_out,3,auto_recovery_attempted,send_reminder,rule_based,False,Mapped session_timed_out -> send_reminder (assumed success rate 30%),2026-08-23T05:57:01.873685
pay_PNy3p0UJ6p5u9x,1229.96,insufficient_funds,1,auto_recovery_attempted,retry_later_24h,rule_based,False,Mapped insufficient_funds -> retry_later_24h (assumed success rate 45%),2026-08-23T05:57:01.873726
pay_1Lu1zDqfoGh6Wx,5260.39,session_timed_out,3,auto_recovery_attempted,send_reminder,rule_based,True,Mapped session_timed_out -> send_reminder (assumed success rate 30%),2026-08-23T05:57:01.873764
pay_OrIiuyb1cjmPbw,210.0,insufficient_balance,1,auto_recovery_attempted,send_reminder,rule_based,False,Mapped insufficient_balance -> send_reminder (assumed success rate 30%),2026-08-23T05:57:01.873802
pay_5I3hzFiPrRZSf5,55.75,incorrect_otp,2,auto_recovery_attempted,send_reminder,rule_based,False,Mapped incorrect_otp -> send_reminder (assumed success rate 30%),2026-08-23T05:57:01.873839
pay_G59GEIAD9CUBBD,414.54,incorrect_pin,1,auto_recovery_attempted,send_reminder,rule_based,False,Mapped incorrect_pin -> send_reminder (assumed success rate 30%),2026-08-23T05:57:01.873878
pay_K4IQzlBTlS1aHU,1028.82,session_timed_out,3,auto_recovery_attempted,send_reminder,rule_based,False,Mapped session_timed_out -> send_reminder (assumed success rate 30%),2026-08-23T05:57:01.873915
pay_WpGePxAM8FjVuy,807.74,issuer_unavailable,3,auto_recovery_attempted,retry_later_2h,rule_based,False,Mapped issuer_unavailable -> retry_later_2h (assumed success rate 55%),2026-08-23T05:57:01.873953
pay_0oJWOQhy7hDXNY,1143.59,emi_not_supported,1,auto_recovery_attempted,suggest_alt_method,rule_based,True,Mapped emi_not_supported -> suggest_alt_method (assumed success rate 40%),2026-08-23T05:57:01.873991
pay_K6CmzgqZUgejA7,5641.5,bank_technical_error,1,auto_recovery_attempted,retry_immediately,rule_based,True,Mapped bank_technical_error -> retry_immediately (assumed success rate 65%),2026-08-23T05:57:01.874029
pay_IfCiCnFxN9pcG3,1814.17,upi_collect_expired,4,escalated_manual_review,escalate_to_human,stopping_rule,False,"Stopping rule triggered: 4 attempts already made, avoiding further automated contact",2026-08-23T05:57:01.874079
pay_fzNzI8fPn5MYgn,1600.35,incorrect_pin,4,escalated_manual_review,escalate_to_human,stopping_rule,False,"Stopping rule triggered: 4 attempts already made, avoiding further automated contact",2026-08-23T05:57:01.874115
pay_6j7diyROQPEerD,6831.14,payment_declined,3,auto_recovery_attempted,send_reminder,rule_based,True,Mapped payment_declined -> send_reminder (assumed success rate 30%),2026-08-23T05:57:01.874151
pay_qNwAlIivjHwCvw,4957.03,payment_declined,2,auto_recovery_attempted,send_reminder,rule_based,False,Mapped payment_declined -> send_reminder (assumed success rate 30%),2026-08-23T05:57:01.874189
pay_r7CA9lSlWYIU09,1421.7,issuer_unavailable,1,auto_recovery_attempted,retry_later_2h,rule_based,False,Mapped issuer_unavailable -> retry_later_2h (assumed success rate 55%),2026-08-23T05:57:01.874226
pay_sw2JtLqYYkjokS,327.64,payment_declined,1,auto_recovery_attempted,send_reminder,rule_based,True,Mapped payment_declined -> send_reminder (assumed success rate 30%),2026-08-23T05:57:01.874324
pay_JOcJwiz6XS7hyU,994.99,wallet_service_down,4,escalated_manual_review,escalate_to_human,stopping_rule,False,"Stopping rule triggered: 4 attempts already made, avoiding further automated contact",2026-08-23T05:57:01.874394
pay_hXotx3c9GnYQ9y,365.08,insufficient_funds,3,auto_recovery_attempted,retry_later_24h,rule_based,False,Mapped insufficient_funds -> retry_later_24h (assumed success rate 45%),2026-08-23T05:57:01.874441
pay_rPg1Jf7S6MbY0Z,5280.64,card_declined,4,escalated_manual_review,escalate_to_human,stopping_rule,False,"Stopping rule triggered: 4 attempts already made, avoiding further automated contact",2026-08-23T05:57:01.874482
pay_2KvDTJ7Idq8Rwd,2351.44,issuer_unavailable,2,auto_recovery_attempted,retry_later_2h,rule_based,False,Mapped issuer_unavailable -> retry_later_2h (assumed success rate 55%),2026-08-23T05:57:01.874519
pay_NMmv9stKonF2jl,50.05,bank_technical_error,1,auto_recovery_attempted,retry_immediately,rule_based,False,Mapped bank_technical_error -> retry_immediately (assumed success rate 65%),2026-08-23T05:57:01.874559
pay_K7mlx2qSQDHWCN,4486.21,bank_technical_error,1,auto_recovery_attempted,retry_immediately,rule_based,False,Mapped bank_technical_error -> retry_immediately (assumed success rate 65%),2026-08-23T05:57:01.874598
pay_te5v94zOdfAYft,269.2,payment_declined,1,auto_recovery_attempted,send_reminder,rule_based,True,Mapped payment_declined -> send_reminder (assumed success rate 30%),2026-08-23T05:57:01.874637
pay_yP5g0VmRJ093cD,3593.35,payment_declined,3,auto_recovery_attempted,send_reminder,rule_based,False,Mapped payment_declined -> send_reminder (assumed success rate 30%),2026-08-23T05:57:01.874676
pay_xYWbrxSs2kC4YS,1464.94,payment_declined,1,auto_recovery_attempted,send_reminder,rule_based,False,Mapped payment_declined -> send_reminder (assumed success rate 30%),2026-08-23T05:57:01.874715
pay_RexI4SxRNvLsU5,694.74,issuer_unavailable,1,auto_recovery_attempted,retry_later_2h,rule_based,False,Mapped issuer_unavailable -> retry_later_2h (assumed success rate 55%),2026-08-23T05:57:01.874755
pay_LM5dMANF6F9ZuX,1348.74,insufficient_balance,4,escalated_manual_review,escalate_to_human,stopping_rule,False,"Stopping rule triggered: 4 attempts already made, avoiding further automated contact",2026-08-23T05:57:01.874794
pay_YK5RIDJEHn6I0o,8948.58,session_timed_out,1,auto_recovery_attempted,send_reminder,rule_based,False,Mapped session_timed_out -> send_reminder (assumed success rate 30%),2026-08-23T05:57:01.874828
pay_yxjOqfirowgN5Q,551.07,insufficient_funds,1,auto_recovery_attempted,retry_later_24h,rule_based,False,Mapped insufficient_funds -> retry_later_24h (assumed success rate 45%),2026-08-23T05:57:01.874864
pay_TtN0LqE3IWqToS,6379.63,incorrect_pin,4,escalated_manual_review,escalate_to_human,stopping_rule,False,"Stopping rule triggered: 4 attempts already made, avoiding further automated contact",2026-08-23T05:57:01.874901
pay_AHXoxLjuVycGAL,991.74,incorrect_pin,4,escalated_manual_review,escalate_to_human,stopping_rule,False,"Stopping rule triggered: 4 attempts already made, avoiding further automated contact",2026-08-23T05:57:01.874935
pay_SMeDjuGOlqQBHK,879.77,card_declined,2,auto_recovery_attempted,send_reminder,rule_based,False,Mapped card_declined -> send_reminder (assumed success rate 30%),2026-08-23T05:57:01.874967
pay_hAf5FNtYeyEfaR,823.33,card_declined,1,auto_recovery_attempted,send_reminder,rule_based,True,Mapped card_declined -> send_reminder (assumed success rate 30%),2026-08-23T05:57:01.875005
pay_qte5B0xmMNHknb,295.99,issuer_unavailable,2,auto_recovery_attempted,retry_later_2h,rule_based,True,Mapped issuer_unavailable -> retry_later_2h (assumed success rate 55%),2026-08-23T05:57:01.875052
pay_idYfubmCaQilQF,1474.55,incorrect_otp,1,auto_recovery_attempted,send_reminder,rule_based,False,Mapped incorrect_otp -> send_reminder (assumed success rate 30%),2026-08-23T05:57:01.875095
pay_qdGwBofCfoHN7n,529.09,incorrect_otp,4,escalated_manual_review,escalate_to_human,stopping_rule,False,"Stopping rule triggered: 4 attempts already made, avoiding further automated contact",2026-08-23T05:57:01.875133
pay_Ncr1V3qgny1yb6,983.92,incorrect_pin,4,escalated_manual_review,escalate_to_human,stopping_rule,False,"Stopping rule triggered: 4 attempts already made, avoiding further automated contact",2026-08-23T05:57:01.875173
pay_zHRoNccqvqwNQz,4852.58,insufficient_funds,1,auto_recovery_attempted,retry_later_24h,rule_based,False,Mapped insufficient_funds -> retry_later_24h (assumed success rate 45%),2026-08-23T05:57:01.875208
pay_091ueyFI8ZG9Y9,3181.32,insufficient_balance,2,auto_recovery_attempted,send_reminder,rule_based,True,Mapped insufficient_balance -> send_reminder (assumed success rate 30%),2026-08-23T05:57:01.875275
pay_CZfvSCfiKvPaya,1788.1,session_timed_out,3,auto_recovery_attempted,send_reminder,rule_based,True,Mapped session_timed_out -> send_reminder (assumed success rate 30%),2026-08-23T05:57:01.875331
pay_1LPnERl1gAF2RG,591.04,payment_declined,4,escalated_manual_review,escalate_to_human,stopping_rule,False,"Stopping rule triggered: 4 attempts already made, avoiding further automated contact",2026-08-23T05:57:01.875374
pay_NnbSDOnHC8aHDj,2844.19,incorrect_pin,1,auto_recovery_attempted,send_reminder,rule_based,True,Mapped incorrect_pin -> send_reminder (assumed success rate 30%),2026-08-23T05:57:01.875412
pay_XULnJKv2nL2vhV,895.72,card_declined,2,auto_recovery_attempted,send_reminder,rule_based,False,Mapped card_declined -> send_reminder (assumed success rate 30%),2026-08-23T05:57:01.875453
pay_wxkrsJLHaZwYnI,889.19,insufficient_funds,2,auto_recovery_attempted,retry_later_24h,rule_based,False,Mapped insufficient_funds -> retry_later_24h (assumed success rate 45%),2026-08-23T05:57:01.875492
pay_VFXeRT3IrNXEJf,963.97,issuer_unavailable,3,auto_recovery_attempted,retry_later_2h,rule_based,True,Mapped issuer_unavailable -> retry_later_2h (assumed success rate 55%),2026-08-23T05:57:01.875531
pay_RTuZDwhQdAhjih,1409.07,incorrect_pin,3,auto_recovery_attempted,send_reminder,rule_based,False,Mapped incorrect_pin -> send_reminder (assumed success rate 30%),2026-08-23T05:57:01.875569
pay_teCv7ZTH28YPlb,332.04,wallet_service_down,4,escalated_manual_review,escalate_to_human,stopping_rule,False,"Stopping rule triggered: 4 attempts already made, avoiding further automated contact",2026-08-23T05:57:01.875609
pay_GTLv54DcTSCx8n,802.72,wallet_service_down,1,auto_recovery_attempted,retry_later_2h,rule_based,False,Mapped wallet_service_down -> retry_later_2h (assumed success rate 55%),2026-08-23T05:57:01.875644
pay_vFaqTqgz43sigD,919.73,payment_declined,2,auto_recovery_attempted,send_reminder,rule_based,False,Mapped payment_declined -> send_reminder (assumed success rate 30%),2026-08-23T05:57:01.875683
pay_wc2IDJ3ebbVlHi,454.17,bank_technical_error,3,auto_recovery_attempted,retry_immediately,rule_based,True,Mapped bank_technical_error -> retry_immediately (assumed success rate 65%),2026-08-23T05:57:01.875721
pay_JfUP5Vr9Tdz06a,2159.08,bank_technical_error,3,auto_recovery_attempted,retry_immediately,rule_based,True,Mapped bank_technical_error -> retry_immediately (assumed success rate 65%),2026-08-23T05:57:01.875762
pay_RMKVcRRvu2mZLn,1265.28,incorrect_otp,3,auto_recovery_attempted,send_reminder,rule_based,False,Mapped incorrect_otp -> send_reminder (assumed success rate 30%),2026-08-23T05:57:01.875802
pay_1f0FCeIDS550u2,1701.86,insufficient_funds,1,auto_recovery_attempted,retry_later_24h,rule_based,True,Mapped insufficient_funds -> retry_later_24h (assumed success rate 45%),2026-08-23T05:57:01.875841
pay_vDH9igUv6nGL5y,4362.09,incorrect_otp,1,auto_recovery_attempted,send_reminder,rule_based,False,Mapped incorrect_otp -> send_reminder (assumed success rate 30%),2026-08-23T05:57:01.875877
pay_NsQ9SUGPC2KXfd,142.9,insufficient_funds,4,escalated_manual_review,escalate_to_human,stopping_rule,False,"Stopping rule triggered: 4 attempts already made, avoiding further automated contact",2026-08-23T05:57:01.875914
pay_YlzM58AydGnbve,481.56,card_declined,1,auto_recovery_attempted,send_reminder,rule_based,False,Mapped card_declined -> send_reminder (assumed success rate 30%),2026-08-23T05:57:01.875949
pay_Ls0XFaIAb7ekj9,1006.65,payment_declined,4,escalated_manual_review,escalate_to_human,stopping_rule,False,"Stopping rule triggered: 4 attempts already made, avoiding further automated contact",2026-08-23T05:57:01.875987
pay_aqA3fVqHDuOm7j,83.54,issuer_unavailable,4,escalated_manual_review,escalate_to_human,stopping_rule,False,"Stopping rule triggered: 4 attempts already made, avoiding further automated contact",2026-08-23T05:57:01.876023
pay_4n2PEgBzRqPyha,3545.05,issuer_unavailable,1,auto_recovery_attempted,retry_later_2h,rule_based,False,Mapped issuer_unavailable -> retry_later_2h (assumed success rate 55%),2026-08-23T05:57:01.876111
pay_c5XlsZvPOXFQdO,1550.93,bank_technical_error,3,auto_recovery_attempted,retry_immediately,rule_based,True,Mapped bank_technical_error -> retry_immediately (assumed success rate 65%),2026-08-23T05:57:01.876157
pay_Q9YP0ppCuOq92a,2890.04,upi_collect_expired,3,auto_recovery_attempted,resend_collect_request,rule_based,False,Mapped upi_collect_expired -> resend_collect_request (assumed success rate 50%),2026-08-23T05:57:01.876210
pay_kwH5SAd5y1fxWC,2677.19,bank_technical_error,3,auto_recovery_attempted,retry_immediately,rule_based,True,Mapped bank_technical_error -> retry_immediately (assumed success rate 65%),2026-08-23T05:57:01.876337
pay_tBiHQRXAjr9iuM,205.8,insufficient_balance,3,auto_recovery_attempted,send_reminder,rule_based,False,Mapped insufficient_balance -> send_reminder (assumed success rate 30%),2026-08-23T05:57:01.876406
pay_SBnqRPlMzcUPE3,2317.04,upi_collect_expired,1,auto_recovery_attempted,resend_collect_request,rule_based,True,Mapped upi_collect_expired -> resend_collect_request (assumed success rate 50%),2026-08-23T05:57:01.876462
pay_UwTJVi7NfkX7je,431.68,incorrect_pin,2,auto_recovery_attempted,send_reminder,rule_based,True,Mapped incorrect_pin -> send_reminder (assumed success rate 30%),2026-08-23T05:57:01.876503
pay_u7oqkZvmQSswC8,2798.39,insufficient_balance,4,escalated_manual_review,escalate_to_human,stopping_rule,False,"Stopping rule triggered: 4 attempts already made, avoiding further automated contact",2026-08-23T05:57:01.876545
pay_NmcRNxqZx9inWt,2329.85,issuer_unavailable,4,escalated_manual_review,escalate_to_human,stopping_rule,False,"Stopping rule triggered: 4 attempts already made, avoiding further automated contact",2026-08-23T05:57:01.876582
pay_9XPp65J5TU3c0u,3469.41,wallet_service_down,3,auto_recovery_attempted,retry_later_2h,rule_based,False,Mapped wallet_service_down -> retry_later_2h (assumed success rate 55%),2026-08-23T05:57:01.876636
pay_KcF2OlEe3atvQ2,485.35,session_timed_out,4,escalated_manual_review,escalate_to_human,stopping_rule,False,"Stopping rule triggered: 4 attempts already made, avoiding further automated contact",2026-08-23T05:57:01.876696
pay_AksSq3GltSVkh9,4441.39,payment_declined,3,auto_recovery_attempted,send_reminder,rule_based,False,Mapped payment_declined -> send_reminder (assumed success rate 30%),2026-08-23T05:57:01.876735
pay_kE2bMiVY52EARr,2032.08,insufficient_balance,4,escalated_manual_review,escalate_to_human,stopping_rule,False,"Stopping rule triggered: 4 attempts already made, avoiding further automated contact",2026-08-23T05:57:01.876779
pay_T7QK9h7LTd5HKq,1914.26,insufficient_balance,1,auto_recovery_attempted,send_reminder,rule_based,True,Mapped insufficient_balance -> send_reminder (assumed success rate 30%),2026-08-23T05:57:01.876837
pay_QgC3VTKDP1uncc,253.88,bank_technical_error,4,escalated_manual_review,escalate_to_human,stopping_rule,False,"Stopping rule triggered: 4 attempts already made, avoiding further automated contact",2026-08-23T05:57:01.876886
pay_P5jVGbGDT1XF96,2097.4,wallet_service_down,1,auto_recovery_attempted,retry_later_2h,rule_based,True,Mapped wallet_service_down -> retry_later_2h (assumed success rate 55%),2026-08-23T05:57:01.876922
pay_v4BZTK7ZcbOBlq,6149.01,wallet_service_down,3,auto_recovery_attempted,retry_later_2h,rule_based,False,Mapped wallet_service_down -> retry_later_2h (assumed success rate 55%),2026-08-23T05:57:01.876961
pay_IfFiki8z37ftLU,839.4,card_declined,4,escalated_manual_review,escalate_to_human,stopping_rule,False,"Stopping rule triggered: 4 attempts already made, avoiding further automated contact",2026-08-23T05:57:01.877003
pay_FMct5ocU3J8qHx,5661.5,upi_collect_expired,4,escalated_manual_review,escalate_to_human,stopping_rule,False,"Stopping rule triggered: 4 attempts already made, avoiding further automated contact",2026-08-23T05:57:01.877047
pay_Xs4kRsuVb1n3mf,1010.93,issuer_unavailable,1,auto_recovery_attempted,retry_later_2h,rule_based,True,Mapped issuer_unavailable -> retry_later_2h (assumed success rate 55%),2026-08-23T05:57:01.877102
pay_g07fJL6jamC9Sg,987.84,incorrect_otp,1,auto_recovery_attempted,send_reminder,rule_based,False,Mapped incorrect_otp -> send_reminder (assumed success rate 30%),2026-08-23T05:57:01.877161
pay_91zlfWXIuK5wED,1863.13,issuer_unavailable,2,auto_recovery_attempted,retry_later_2h,rule_based,False,Mapped issuer_unavailable -> retry_later_2h (assumed success rate 55%),2026-08-23T05:57:01.877212
pay_mlAVYTISkZzcUl,3897.15,insufficient_funds,2,auto_recovery_attempted,retry_later_24h,rule_based,False,Mapped insufficient_funds -> retry_later_24h (assumed success rate 45%),2026-08-23T05:57:01.877285
pay_Om1lIeEgCCokyt,1212.15,bank_technical_error,3,auto_recovery_attempted,retry_immediately,rule_based,True,Mapped bank_technical_error -> retry_immediately (assumed success rate 65%),2026-08-23T05:57:01.877357
pay_OKa3FNGq75T9VL,651.39,issuer_unavailable,2,auto_recovery_attempted,retry_later_2h,rule_based,True,Mapped issuer_unavailable -> retry_later_2h (assumed success rate 55%),2026-08-23T05:57:01.877403
pay_MfHO5gBeCXBKJX,577.54,session_timed_out,4,escalated_manual_review,escalate_to_human,stopping_rule,False,"Stopping rule triggered: 4 attempts already made, avoiding further automated contact",2026-08-23T05:57:01.877446
pay_fSDaX3ZYEU0Tx0,5011.77,issuer_unavailable,4,escalated_manual_review,escalate_to_human,stopping_rule,False,"Stopping rule triggered: 4 attempts already made, avoiding further automated contact",2026-08-23T05:57:01.877484
pay_q21mnEy57ENizO,4198.24,incorrect_pin,4,escalated_manual_review,escalate_to_human,stopping_rule,False,"Stopping rule triggered: 4 attempts already made, avoiding further automated contact",2026-08-23T05:57:01.877527
pay_f5g1ionqyOE4e6,3271.78,upi_collect_expired,1,auto_recovery_attempted,resend_collect_request,rule_based,False,Mapped upi_collect_expired -> resend_collect_request (assumed success rate 50%),2026-08-23T05:57:01.877586
pay_TGfF6TUXGMEZsy,1581.9,session_timed_out,3,auto_recovery_attempted,send_reminder,rule_based,False,Mapped session_timed_out -> send_reminder (assumed success rate 30%),2026-08-23T05:57:01.877653
pay_fk2jZnlCy2XHX3,56.61,insufficient_funds,1,auto_recovery_attempted,retry_later_24h,rule_based,True,Mapped insufficient_funds -> retry_later_24h (assumed success rate 45%),2026-08-23T05:57:01.877720
pay_G160wNIaOoV1sR,1092.81,insufficient_balance,2,auto_recovery_attempted,send_reminder,rule_based,False,Mapped insufficient_balance -> send_reminder (assumed success rate 30%),2026-08-23T05:57:01.877790
pay_M07AJikg6AFSDe,172.98,issuer_unavailable,3,auto_recovery_attempted,retry_later_2h,rule_based,True,Mapped issuer_unavailable -> retry_later_2h (assumed success rate 55%),2026-08-23T05:57:01.877856
pay_6Ae1v8IdmryjfX,1589.68,wallet_service_down,3,auto_recovery_attempted,retry_later_2h,rule_based,False,Mapped wallet_service_down -> retry_later_2h (assumed success rate 55%),2026-08-23T05:57:01.877919
pay_wWuKxPenjxQOw5,756.23,insufficient_balance,3,auto_recovery_attempted,send_reminder,rule_based,True,Mapped insufficient_balance -> send_reminder (assumed success rate 30%),2026-08-23T05:57:01.877973
pay_zXUeqT2hV5WPeH,1175.27,upi_collect_expired,2,auto_recovery_attempted,resend_collect_request,rule_based,False,Mapped upi_collect_expired -> resend_collect_request (assumed success rate 50%),2026-08-23T05:57:01.878024
pay_DelaT4ZYtRerDn,1901.19,issuer_unavailable,2,auto_recovery_attempted,retry_later_2h,rule_based,True,Mapped issuer_unavailable -> retry_later_2h (assumed success rate 55%),2026-08-23T05:57:01.878089
pay_0RpXvRYvgRy3D5,3005.87,bank_technical_error,4,escalated_manual_review,escalate_to_human,stopping_rule,False,"Stopping rule triggered: 4 attempts already made, avoiding further automated contact",2026-08-23T05:57:01.878159
pay_4hZqz55PFZMBg0,1037.47,session_timed_out,4,escalated_manual_review,escalate_to_human,stopping_rule,False,"Stopping rule triggered: 4 attempts already made, avoiding further automated contact",2026-08-23T05:57:01.878222
pay_hZCTK9X49ltf7w,588.33,upi_collect_expired,4,escalated_manual_review,escalate_to_human,stopping_rule,False,"Stopping rule triggered: 4 attempts already made, avoiding further automated contact",2026-08-23T05:57:01.878317
pay_vxADszR0k3JkPb,2156.54,insufficient_funds,1,auto_recovery_attempted,retry_later_24h,rule_based,True,Mapped insufficient_funds -> retry_later_24h (assumed success rate 45%),2026-08-23T05:57:01.878381
pay_ch1tpHvvmeiT4P,1152.75,issuer_unavailable,4,escalated_manual_review,escalate_to_human,stopping_rule,False,"Stopping rule triggered: 4 attempts already made, avoiding further automated contact",2026-08-23T05:57:01.878442
pay_MeIsnDeiYioQZh,3731.34,upi_collect_expired,3,auto_recovery_attempted,resend_collect_request,rule_based,True,Mapped upi_collect_expired -> resend_collect_request (assumed success rate 50%),2026-08-23T05:57:01.878499
pay_GrFwdx0nVxHYdE,793.61,upi_collect_expired,2,auto_recovery_attempted,resend_collect_request,rule_based,True,Mapped upi_collect_expired -> resend_collect_request (assumed success rate 50%),2026-08-23T05:57:01.878566
pay_lEmI9fbdvwzewt,1448.16,incorrect_otp,2,auto_recovery_attempted,send_reminder,rule_based,False,Mapped incorrect_otp -> send_reminder (assumed success rate 30%),2026-08-23T05:57:01.878626
pay_c1UkeRmJIuywjh,130.12,insufficient_funds,2,auto_recovery_attempted,retry_later_24h,rule_based,False,Mapped insufficient_funds -> retry_later_24h (assumed success rate 45%),2026-08-23T05:57:01.878690
pay_ErcZjNPpynPIq7,1020.79,incorrect_otp,1,auto_recovery_attempted,send_reminder,rule_based,False,Mapped incorrect_otp -> send_reminder (assumed success rate 30%),2026-08-23T05:57:01.878758
pay_RygNuYJNuGHOFv,129.33,bank_technical_error,4,escalated_manual_review,escalate_to_human,stopping_rule,False,"Stopping rule triggered: 4 attempts already made, avoiding further automated contact",2026-08-23T05:57:01.878806
pay_ca0rUwDQ1JJuJz,1604.44,incorrect_otp,3,auto_recovery_attempted,send_reminder,rule_based,False,Mapped incorrect_otp -> send_reminder (assumed success rate 30%),2026-08-23T05:57:01.878860
pay_kX4t825AIX2jRl,1173.14,payment_declined,4,escalated_manual_review,escalate_to_human,stopping_rule,False,"Stopping rule triggered: 4 attempts already made, avoiding further automated contact",2026-08-23T05:57:01.878919
pay_bJjbZzjT4rlvwP,258.42,card_declined,2,auto_recovery_attempted,send_reminder,rule_based,False,Mapped card_declined -> send_reminder (assumed success rate 30%),2026-08-23T05:57:01.878980
pay_IwGAMfquz3UiK5,503.59,issuer_unavailable,4,escalated_manual_review,escalate_to_human,stopping_rule,False,"Stopping rule triggered: 4 attempts already made, avoiding further automated contact",2026-08-23T05:57:01.879048
pay_3THE2EKDmvkzhD,996.63,payment_declined,4,escalated_manual_review,escalate_to_human,stopping_rule,False,"Stopping rule triggered: 4 attempts already made, avoiding further automated contact",2026-08-23T05:57:01.879095
pay_YCqvULaJShBQhz,867.31,issuer_unavailable,3,auto_recovery_attempted,retry_later_2h,rule_based,False,Mapped issuer_unavailable -> retry_later_2h (assumed success rate 55%),2026-08-23T05:57:01.879155
pay_UTy0qXkqiYjKpF,2128.05,payment_declined,1,auto_recovery_attempted,send_reminder,rule_based,False,Mapped payment_declined -> send_reminder (assumed success rate 30%),2026-08-23T05:57:01.879223
pay_wWzcc2P4Iu2hRa,66.75,insufficient_funds,1,auto_recovery_attempted,retry_later_24h,rule_based,True,Mapped insufficient_funds -> retry_later_24h (assumed success rate 45%),2026-08-23T05:57:01.879301
pay_q3VMHTdgQto7vj,1277.03,emi_not_supported,3,auto_recovery_attempted,suggest_alt_method,rule_based,False,Mapped emi_not_supported -> suggest_alt_method (assumed success rate 40%),2026-08-23T05:57:01.879372
pay_BcLVKsiawLr4iq,486.44,insufficient_funds,2,auto_recovery_attempted,retry_later_24h,rule_based,False,Mapped insufficient_funds -> retry_later_24h (assumed success rate 45%),2026-08-23T05:57:01.879442
pay_SXF6Rg0te3Tx7k,4440.49,insufficient_funds,3,auto_recovery_attempted,retry_later_24h,rule_based,True,Mapped insufficient_funds -> retry_later_24h (assumed success rate 45%),2026-08-23T05:57:01.879508
pay_cwoVIss2S7yqT3,1226.76,card_declined,4,escalated_manual_review,escalate_to_human,stopping_rule,False,"Stopping rule triggered: 4 attempts already made, avoiding further automated contact",2026-08-23T05:57:01.879577
pay_KxJj6YLyB0pp3B,4255.97,card_declined,1,auto_recovery_attempted,send_reminder,rule_based,False,Mapped card_declined -> send_reminder (assumed success rate 30%),2026-08-23T05:57:01.879633
pay_IB6xzdVHBLeVs8,264.04,emi_not_supported,1,auto_recovery_attempted,suggest_alt_method,rule_based,True,Mapped emi_not_supported -> suggest_alt_method (assumed success rate 40%),2026-08-23T05:57:01.879693
pay_vI1ZhdX5MwC1Ja,1783.82,insufficient_funds,4,escalated_manual_review,escalate_to_human,stopping_rule,False,"Stopping rule triggered: 4 attempts already made, avoiding further automated contact",2026-08-23T05:57:01.879734
pay_cTo346Rw3lAN5U,2704.18,insufficient_balance,3,auto_recovery_attempted,send_reminder,rule_based,False,Mapped insufficient_balance -> send_reminder (assumed success rate 30%),2026-08-23T05:57:01.879772
pay_mANSRxBXuVhbfq,994.64,payment_declined,4,escalated_manual_review,escalate_to_human,stopping_rule,False,"Stopping rule triggered: 4 attempts already made, avoiding further automated contact",2026-08-23T05:57:01.879810
pay_x29hQUX0aWwYEz,353.66,incorrect_pin,2,auto_recovery_attempted,send_reminder,rule_based,True,Mapped incorrect_pin -> send_reminder (assumed success rate 30%),2026-08-23T05:57:01.879846
pay_YmttuZKGHDt5AE,2117.33,payment_declined,3,auto_recovery_attempted,send_reminder,rule_based,False,Mapped payment_declined -> send_reminder (assumed success rate 30%),2026-08-23T05:57:01.879883
pay_SKq65n499aOfpe,509.66,incorrect_pin,1,auto_recovery_attempted,send_reminder,rule_based,False,Mapped incorrect_pin -> send_reminder (assumed success rate 30%),2026-08-23T05:57:01.879921
pay_9Mlr5rrzlGj9MX,212.47,insufficient_funds,4,escalated_manual_review,escalate_to_human,stopping_rule,False,"Stopping rule triggered: 4 attempts already made, avoiding further automated contact",2026-08-23T05:57:01.879962
pay_25Dqm4KKQubduN,1106.98,incorrect_otp,1,auto_recovery_attempted,send_reminder,rule_based,False,Mapped incorrect_otp -> send_reminder (assumed success rate 30%),2026-08-23T05:57:01.879997
pay_wVjYfj8PbivRRO,245.53,payment_declined,1,auto_recovery_attempted,send_reminder,rule_based,True,Mapped payment_declined -> send_reminder (assumed success rate 30%),2026-08-23T05:57:01.880042
pay_KqulpUeHsB5OsK,2362.35,payment_declined,4,escalated_manual_review,escalate_to_human,stopping_rule,False,"Stopping rule triggered: 4 attempts already made, avoiding further automated contact",2026-08-23T05:57:01.880086
pay_bIUShCosvDrWsQ,1609.93,incorrect_pin,2,auto_recovery_attempted,send_reminder,rule_based,False,Mapped incorrect_pin -> send_reminder (assumed success rate 30%),2026-08-23T05:57:01.880121
pay_EIRGYHCpuWxghr,1298.9,incorrect_otp,3,auto_recovery_attempted,send_reminder,rule_based,False,Mapped incorrect_otp -> send_reminder (assumed success rate 30%),2026-08-23T05:57:01.880158
pay_JJcXUYEr6X81fc,216.36,upi_collect_expired,4,escalated_manual_review,escalate_to_human,stopping_rule,False,"Stopping rule triggered: 4 attempts already made, avoiding further automated contact",2026-08-23T05:57:01.880194
pay_L20Jqk7h3rEaAT,2795.21,bank_technical_error,1,auto_recovery_attempted,retry_immediately,rule_based,True,Mapped bank_technical_error -> retry_immediately (assumed success rate 65%),2026-08-23T05:57:01.880278
pay_qLbHJWMLBpxNd6,4941.68,incorrect_pin,2,auto_recovery_attempted,send_reminder,rule_based,False,Mapped incorrect_pin -> send_reminder (assumed success rate 30%),2026-08-23T05:57:01.880333
pay_rfMCKmRhQHcPcE,3141.49,payment_declined,3,auto_recovery_attempted,send_reminder,rule_based,False,Mapped payment_declined -> send_reminder (assumed success rate 30%),2026-08-23T05:57:01.880376
pay_9XoK5AYo5VW4e8,2138.85,issuer_unavailable,4,escalated_manual_review,escalate_to_human,stopping_rule,False,"Stopping rule triggered: 4 attempts already made, avoiding further automated contact",2026-08-23T05:57:01.880416
pay_rPFicMinut38JH,318.16,upi_collect_expired,1,auto_recovery_attempted,resend_collect_request,rule_based,False,Mapped upi_collect_expired -> resend_collect_request (assumed success rate 50%),2026-08-23T05:57:01.880453
pay_2vJvENtxuGULq6,3600.4,issuer_unavailable,4,escalated_manual_review,escalate_to_human,stopping_rule,False,"Stopping rule triggered: 4 attempts already made, avoiding further automated contact",2026-08-23T05:57:01.880491
pay_N3zC5cLYtZpieN,972.81,incorrect_otp,3,auto_recovery_attempted,send_reminder,rule_based,True,Mapped incorrect_otp -> send_reminder (assumed success rate 30%),2026-08-23T05:57:01.880526
pay_uLfRGC9knObCNs,2141.73,session_timed_out,2,auto_recovery_attempted,send_reminder,rule_based,False,Mapped session_timed_out -> send_reminder (assumed success rate 30%),2026-08-23T05:57:01.880570
pay_SUEondmlJq6TiQ,1963.35,insufficient_funds,4,escalated_manual_review,escalate_to_human,stopping_rule,False,"Stopping rule triggered: 4 attempts already made, avoiding further automated contact",2026-08-23T05:57:01.880609
pay_5ybgHQYa6TydWW,3296.52,session_timed_out,3,auto_recovery_attempted,send_reminder,rule_based,False,Mapped session_timed_out -> send_reminder (assumed success rate 30%),2026-08-23T05:57:01.880644
pay_FGwe6x3ZHI0Ega,882.52,bank_technical_error,1,auto_recovery_attempted,retry_immediately,rule_based,True,Mapped bank_technical_error -> retry_immediately (assumed success rate 65%),2026-08-23T05:57:01.880684
pay_IDIuluHvLr1z3I,908.16,issuer_unavailable,2,auto_recovery_attempted,retry_later_2h,rule_based,True,Mapped issuer_unavailable -> retry_later_2h (assumed success rate 55%),2026-08-23T05:57:01.880722
pay_pPlko8gS5VjdAs,68.56,upi_collect_expired,3,auto_recovery_attempted,resend_collect_request,rule_based,True,Mapped upi_collect_expired -> resend_collect_request (assumed success rate 50%),2026-08-23T05:57:01.880760
pay_mtjD7AIOK5iAjK,7319.36,insufficient_balance,2,auto_recovery_attempted,send_reminder,rule_based,False,Mapped insufficient_balance -> send_reminder (assumed success rate 30%),2026-08-23T05:57:01.880797
pay_mTasTpxJpm7nXu,926.16,session_timed_out,2,auto_recovery_attempted,send_reminder,rule_based,False,Mapped session_timed_out -> send_reminder (assumed success rate 30%),2026-08-23T05:57:01.880833
pay_MkZwgPF6btkUba,693.81,upi_collect_expired,3,auto_recovery_attempted,resend_collect_request,rule_based,False,Mapped upi_collect_expired -> resend_collect_request (assumed success rate 50%),2026-08-23T05:57:01.880871
pay_LvzHemiycP5Vvf,1960.63,wallet_service_down,4,escalated_manual_review,escalate_to_human,stopping_rule,False,"Stopping rule triggered: 4 attempts already made, avoiding further automated contact",2026-08-23T05:57:01.880909
pay_MHMU91b1wEgBLr,57.84,issuer_unavailable,4,escalated_manual_review,escalate_to_human,stopping_rule,False,"Stopping rule triggered: 4 attempts already made, avoiding further automated contact",2026-08-23T05:57:01.880944
pay_U4KYLRGc6qszri,670.51,card_declined,3,auto_recovery_attempted,send_reminder,rule_based,False,Mapped card_declined -> send_reminder (assumed success rate 30%),2026-08-23T05:57:01.880978
pay_6HbbYZb7TFpuoL,707.72,upi_collect_expired,4,escalated_manual_review,escalate_to_human,stopping_rule,False,"Stopping rule triggered: 4 attempts already made, avoiding further automated contact",2026-08-23T05:57:01.881015
pay_ZYhs2RXEOI1EaF,466.66,issuer_unavailable,2,auto_recovery_attempted,retry_later_2h,rule_based,True,Mapped issuer_unavailable -> retry_later_2h (assumed success rate 55%),2026-08-23T05:57:01.881060
pay_bgqfOJ8STFF9gp,3417.9,insufficient_funds,2,auto_recovery_attempted,retry_later_24h,rule_based,True,Mapped insufficient_funds -> retry_later_24h (assumed success rate 45%),2026-08-23T05:57:01.881102
pay_9I2Y5zwKQEycU2,3715.19,emi_not_supported,1,auto_recovery_attempted,suggest_alt_method,rule_based,True,Mapped emi_not_supported -> suggest_alt_method (assumed success rate 40%),2026-08-23T05:57:01.881141
pay_wp5wxi6nhzkkAh,1737.86,incorrect_otp,1,auto_recovery_attempted,send_reminder,rule_based,False,Mapped incorrect_otp -> send_reminder (assumed success rate 30%),2026-08-23T05:57:01.881181
pay_oVzdgxJgRiWZ7v,159.13,issuer_unavailable,3,auto_recovery_attempted,retry_later_2h,rule_based,True,Mapped issuer_unavailable -> retry_later_2h (assumed success rate 55%),2026-08-23T05:57:01.881218
pay_gO8657syo39DkP,3277.61,bank_technical_error,4,escalated_manual_review,escalate_to_human,stopping_rule,False,"Stopping rule triggered: 4 attempts already made, avoiding further automated contact",2026-08-23T05:57:01.881286
pay_RdQuJVmtWDvnZz,296.44,card_declined,1,auto_recovery_attempted,send_reminder,rule_based,True,Mapped card_declined -> send_reminder (assumed success rate 30%),2026-08-23T05:57:01.881331
pay_zxKETzFYjAKfbu,300.19,incorrect_otp,1,auto_recovery_attempted,send_reminder,rule_based,False,Mapped incorrect_otp -> send_reminder (assumed success rate 30%),2026-08-23T05:57:01.881374
pay_KgiH7mLKTINJ6H,6419.11,incorrect_otp,2,auto_recovery_attempted,send_reminder,rule_based,False,Mapped incorrect_otp -> send_reminder (assumed success rate 30%),2026-08-23T05:57:01.881414
pay_Pzl85XbLShNP95,3659.9,insufficient_funds,1,auto_recovery_attempted,retry_later_24h,rule_based,False,Mapped insufficient_funds -> retry_later_24h (assumed success rate 45%),2026-08-23T05:57:01.881453
pay_nRdSRmQ1v8JO5K,172.05,payment_declined,1,auto_recovery_attempted,send_reminder,rule_based,False,Mapped payment_declined -> send_reminder (assumed success rate 30%),2026-08-23T05:57:01.881491
pay_voQaYSXSSXLjcZ,4054.97,incorrect_pin,2,auto_recovery_attempted,send_reminder,rule_based,False,Mapped incorrect_pin -> send_reminder (assumed success rate 30%),2026-08-23T05:57:01.881531
pay_EtFMOcpxYMx9EH,13420.56,card_declined,2,auto_recovery_attempted,send_reminder,rule_based,False,Mapped card_declined -> send_reminder (assumed success rate 30%),2026-08-23T05:57:01.881568
pay_BfdzalGuWrkiRo,789.33,incorrect_otp,2,auto_recovery_attempted,send_reminder,rule_based,False,Mapped incorrect_otp -> send_reminder (assumed success rate 30%),2026-08-23T05:57:01.881606
pay_EEK1zF4jJPtA3u,1797.38,emi_not_supported,4,escalated_manual_review,escalate_to_human,stopping_rule,False,"Stopping rule triggered: 4 attempts already made, avoiding further automated contact",2026-08-23T05:57:01.881641
pay_LIogO4bw4dbE2m,1068.33,insufficient_funds,2,auto_recovery_attempted,retry_later_24h,rule_based,False,Mapped insufficient_funds -> retry_later_24h (assumed success rate 45%),2026-08-23T05:57:01.881678
pay_EwFbP0R4qzuJvg,7385.86,payment_declined,3,auto_recovery_attempted,send_reminder,rule_based,True,Mapped payment_declined -> send_reminder (assumed success rate 30%),2026-08-23T05:57:01.881715
pay_eXamBw0Yfn5hsT,121.61,card_declined,4,escalated_manual_review,escalate_to_human,stopping_rule,False,"Stopping rule triggered: 4 attempts already made, avoiding further automated contact",2026-08-23T05:57:01.881753
pay_NjU6T5MdsVlEoV,2886.32,insufficient_funds,1,auto_recovery_attempted,retry_later_24h,rule_based,True,Mapped insufficient_funds -> retry_later_24h (assumed success rate 45%),2026-08-23T05:57:01.881786
pay_RQJ7UvkziKZwbH,202.1,payment_declined,2,auto_recovery_attempted,send_reminder,rule_based,False,Mapped payment_declined -> send_reminder (assumed success rate 30%),2026-08-23T05:57:01.881824
pay_y5oZKFAOty4ZIx,938.04,wallet_service_down,2,auto_recovery_attempted,retry_later_2h,rule_based,True,Mapped wallet_service_down -> retry_later_2h (assumed success rate 55%),2026-08-23T05:57:01.881862
pay_sZim3u1KND05ja,363.44,payment_declined,2,auto_recovery_attempted,send_reminder,rule_based,False,Mapped payment_declined -> send_reminder (assumed success rate 30%),2026-08-23T05:57:01.881900
pay_CRXGzRSY5mOCWd,4967.02,issuer_unavailable,4,escalated_manual_review,escalate_to_human,stopping_rule,False,"Stopping rule triggered: 4 attempts already made, avoiding further automated contact",2026-08-23T05:57:01.881939
pay_mLfD2QHYDUJ7zA,268.13,upi_collect_expired,2,auto_recovery_attempted,resend_collect_request,rule_based,False,Mapped upi_collect_expired -> resend_collect_request (assumed success rate 50%),2026-08-23T05:57:01.881976
pay_erLQXAn0zYFEPB,673.35,upi_collect_expired,1,auto_recovery_attempted,resend_collect_request,rule_based,True,Mapped upi_collect_expired -> resend_collect_request (assumed success rate 50%),2026-08-23T05:57:01.882012
pay_L47FvAA7VQMTr2,2738.49,emi_not_supported,1,auto_recovery_attempted,suggest_alt_method,rule_based,True,Mapped emi_not_supported -> suggest_alt_method (assumed success rate 40%),2026-08-23T05:57:01.882073
pay_QRqCCkeUxwFd9r,872.27,emi_not_supported,2,auto_recovery_attempted,suggest_alt_method,rule_based,True,Mapped emi_not_supported -> suggest_alt_method (assumed success rate 40%),2026-08-23T05:57:01.882119
pay_5UeiLgLLStBb9O,3876.91,incorrect_pin,4,escalated_manual_review,escalate_to_human,stopping_rule,False,"Stopping rule triggered: 4 attempts already made, avoiding further automated contact",2026-08-23T05:57:01.882170
pay_lAGgRWucBR7a95,315.27,card_declined,3,auto_recovery_attempted,send_reminder,rule_based,True,Mapped card_declined -> send_reminder (assumed success rate 30%),2026-08-23T05:57:01.882209
pay_bD9zv9vIGsqudY,3413.86,emi_not_supported,1,auto_recovery_attempted,suggest_alt_method,rule_based,True,Mapped emi_not_supported -> suggest_alt_method (assumed success rate 40%),2026-08-23T05:57:01.882272
pay_goGliY8WJgeNvn,251.65,card_declined,2,auto_recovery_attempted,send_reminder,rule_based,False,Mapped card_declined -> send_reminder (assumed success rate 30%),2026-08-23T05:57:01.882322
pay_fuwAdaTcr2mr3b,1301.61,insufficient_funds,1,auto_recovery_attempted,retry_later_24h,rule_based,True,Mapped insufficient_funds -> retry_later_24h (assumed success rate 45%),2026-08-23T05:57:01.882362
pay_08x5Ryhy7SEDpp,4757.54,session_timed_out,1,auto_recovery_attempted,send_reminder,rule_based,False,Mapped session_timed_out -> send_reminder (assumed success rate 30%),2026-08-23T05:57:01.882400
pay_lodvejjQ2INLsg,1376.95,wallet_service_down,2,auto_recovery_attempted,retry_later_2h,rule_based,True,Mapped wallet_service_down -> retry_later_2h (assumed success rate 55%),2026-08-23T05:57:01.882438
pay_Gt2fIa3wvpYUaY,900.59,session_timed_out,2,auto_recovery_attempted,send_reminder,rule_based,False,Mapped session_timed_out -> send_reminder (assumed success rate 30%),2026-08-23T05:57:01.882475
pay_dmYp0UTjis04jh,781.06,wallet_service_down,1,auto_recovery_attempted,retry_later_2h,rule_based,True,Mapped wallet_service_down -> retry_later_2h (assumed success rate 55%),2026-08-23T05:57:01.882513
pay_p5pCeG7WbM6Glb,6540.52,upi_collect_expired,2,auto_recovery_attempted,resend_collect_request,rule_based,True,Mapped upi_collect_expired -> resend_collect_request (assumed success rate 50%),2026-08-23T05:57:01.882550
pay_LlYPWWfQhjDDLN,189.24,incorrect_otp,2,auto_recovery_attempted,send_reminder,rule_based,False,Mapped incorrect_otp -> send_reminder (assumed success rate 30%),2026-08-23T05:57:01.882589
pay_bfrgy0mSplem5v,281.12,card_declined,1,auto_recovery_attempted,send_reminder,rule_based,False,Mapped card_declined -> send_reminder (assumed success rate 30%),2026-08-23T05:57:01.882627
pay_kylLJM0szHdtcT,1424.92,upi_collect_expired,1,auto_recovery_attempted,resend_collect_request,rule_based,True,Mapped upi_collect_expired -> resend_collect_request (assumed success rate 50%),2026-08-23T05:57:01.882667
pay_yFIoaknT0JW8MV,84.58,insufficient_balance,1,auto_recovery_attempted,send_reminder,rule_based,False,Mapped insufficient_balance -> send_reminder (assumed success rate 30%),2026-08-23T05:57:01.882703
pay_qN3yS6LXqU9nPE,185.87,insufficient_funds,4,escalated_manual_review,escalate_to_human,stopping_rule,False,"Stopping rule triggered: 4 attempts already made, avoiding further automated contact",2026-08-23T05:57:01.882739
pay_MxraetSBa4nloT,117.21,bank_technical_error,2,auto_recovery_attempted,retry_immediately,rule_based,True,Mapped bank_technical_error -> retry_immediately (assumed success rate 65%),2026-08-23T05:57:01.882773
pay_94tlccrlX0DCCa,5943.57,issuer_unavailable,4,escalated_manual_review,escalate_to_human,stopping_rule,False,"Stopping rule triggered: 4 attempts already made, avoiding further automated contact",2026-08-23T05:57:01.882810
pay_yLyq6ufb0Q8eqN,1959.3,session_timed_out,1,auto_recovery_attempted,send_reminder,rule_based,False,Mapped session_timed_out -> send_reminder (assumed success rate 30%),2026-08-23T05:57:01.882844
pay_yVo9zRg3OTP4la,2000.68,session_timed_out,3,auto_recovery_attempted,send_reminder,rule_based,True,Mapped session_timed_out -> send_reminder (assumed success rate 30%),2026-08-23T05:57:01.882882
pay_qf6VS6yLGo5mqZ,2514.19,incorrect_pin,1,auto_recovery_attempted,send_reminder,rule_based,True,Mapped incorrect_pin -> send_reminder (assumed success rate 30%),2026-08-23T05:57:01.882918
pay_1TTtS3oFNDlHg6,505.88,insufficient_funds,1,auto_recovery_attempted,retry_later_24h,rule_based,False,Mapped insufficient_funds -> retry_later_24h (assumed success rate 45%),2026-08-23T05:57:01.882954
pay_M51dVpOqJbaX2M,2140.67,payment_declined,3,auto_recovery_attempted,send_reminder,rule_based,False,Mapped payment_declined -> send_reminder (assumed success rate 30%),2026-08-23T05:57:01.882991
pay_bFvHuurh6IbOvV,1182.65,insufficient_balance,1,auto_recovery_attempted,send_reminder,rule_based,False,Mapped insufficient_balance -> send_reminder (assumed success rate 30%),2026-08-23T05:57:01.883027
pay_Lv2jarnas4fUIv,6764.21,payment_declined,4,escalated_manual_review,escalate_to_human,stopping_rule,False,"Stopping rule triggered: 4 attempts already made, avoiding further automated contact",2026-08-23T05:57:01.883079
pay_jk8P9Kdusr3A67,284.45,issuer_unavailable,4,escalated_manual_review,escalate_to_human,stopping_rule,False,"Stopping rule triggered: 4 attempts already made, avoiding further automated contact",2026-08-23T05:57:01.883117
pay_jdQ8WmTMWN9bIL,414.38,card_declined,4,escalated_manual_review,escalate_to_human,stopping_rule,False,"Stopping rule triggered: 4 attempts already made, avoiding further automated contact",2026-08-23T05:57:01.883151
pay_2SpphFH94A6vSW,4770.92,issuer_unavailable,1,auto_recovery_attempted,retry_later_2h,rule_based,False,Mapped issuer_unavailable -> retry_later_2h (assumed success rate 55%),2026-08-23T05:57:01.883185
pay_yfM7bnQEV2ekOL,1256.99,issuer_unavailable,3,auto_recovery_attempted,retry_later_2h,rule_based,False,Mapped issuer_unavailable -> retry_later_2h (assumed success rate 55%),2026-08-23T05:57:01.883223
pay_qGWGAsUkBYv14M,2078.65,insufficient_funds,4,escalated_manual_review,escalate_to_human,stopping_rule,False,"Stopping rule triggered: 4 attempts already made, avoiding further automated contact",2026-08-23T05:57:01.883294
pay_osDCZj04axfNRv,439.89,issuer_unavailable,4,escalated_manual_review,escalate_to_human,stopping_rule,False,"Stopping rule triggered: 4 attempts already made, avoiding further automated contact",2026-08-23T05:57:01.883339
pay_64ZWeC9Fntu8Lu,874.27,incorrect_otp,3,auto_recovery_attempted,send_reminder,rule_based,True,Mapped incorrect_otp -> send_reminder (assumed success rate 30%),2026-08-23T05:57:01.883379
pay_Al4wfdyuWETQ6U,78.33,wallet_service_down,3,auto_recovery_attempted,retry_later_2h,rule_based,False,Mapped wallet_service_down -> retry_later_2h (assumed success rate 55%),2026-08-23T05:57:01.883420
pay_NNVLrbc0bUswIo,1580.74,upi_collect_expired,2,auto_recovery_attempted,resend_collect_request,rule_based,True,Mapped upi_collect_expired -> resend_collect_request (assumed success rate 50%),2026-08-23T05:57:01.883461
pay_SC8Ha2xgDnoiur,798.41,insufficient_balance,4,escalated_manual_review,escalate_to_human,stopping_rule,False,"Stopping rule triggered: 4 attempts already made, avoiding further automated contact",2026-08-23T05:57:01.883503
pay_81sGlr0mSYZoOL,4452.07,incorrect_pin,1,auto_recovery_attempted,send_reminder,rule_based,False,Mapped incorrect_pin -> send_reminder (assumed success rate 30%),2026-08-23T05:57:01.883539
pay_shksXZgTJTtLLp,2453.79,bank_technical_error,2,auto_recovery_attempted,retry_immediately,rule_based,False,Mapped bank_technical_error -> retry_immediately (assumed success rate 65%),2026-08-23T05:57:01.883577
pay_Z7QWprtnagd6ye,1694.45,card_declined,4,escalated_manual_review,escalate_to_human,stopping_rule,False,"Stopping rule triggered: 4 attempts already made, avoiding further automated contact",2026-08-23T05:57:01.883617
pay_mIUhXsgEIov7WL,1607.34,incorrect_pin,3,auto_recovery_attempted,send_reminder,rule_based,False,Mapped incorrect_pin -> send_reminder (assumed success rate 30%),2026-08-23T05:57:01.883654
pay_3KI6GDJxdXGzXs,1953.17,bank_technical_error,3,auto_recovery_attempted,retry_immediately,rule_based,True,Mapped bank_technical_error -> retry_immediately (assumed success rate 65%),2026-08-23T05:57:01.883693
pay_HxZU8pic5oaWIk,7255.67,upi_collect_expired,1,auto_recovery_attempted,resend_collect_request,rule_based,True,Mapped upi_collect_expired -> resend_collect_request (assumed success rate 50%),2026-08-23T05:57:01.883734
pay_kM7JLau40T3uFW,10831.57,insufficient_balance,3,auto_recovery_attempted,send_reminder,rule_based,True,Mapped insufficient_balance -> send_reminder (assumed success rate 30%),2026-08-23T05:57:01.883772
pay_taSATURvFick0F,1127.52,upi_collect_expired,2,auto_recovery_attempted,resend_collect_request,rule_based,True,Mapped upi_collect_expired -> resend_collect_request (assumed success rate 50%),2026-08-23T05:57:01.883809
pay_vJQkHvgOSaaNOe,1682.23,incorrect_pin,1,auto_recovery_attempted,send_reminder,rule_based,True,Mapped incorrect_pin -> send_reminder (assumed success rate 30%),2026-08-23T05:57:01.883846
pay_ng1d0mPU2pw1D7,243.81,upi_collect_expired,4,escalated_manual_review,escalate_to_human,stopping_rule,False,"Stopping rule triggered: 4 attempts already made, avoiding further automated contact",2026-08-23T05:57:01.883883
pay_QH1ylYAiVk0hiD,427.79,issuer_unavailable,2,auto_recovery_attempted,retry_later_2h,rule_based,False,Mapped issuer_unavailable -> retry_later_2h (assumed success rate 55%),2026-08-23T05:57:01.883918
pay_gkIKGC6J6yx5Cv,232.38,insufficient_funds,3,auto_recovery_attempted,retry_later_24h,rule_based,True,Mapped insufficient_funds -> retry_later_24h (assumed success rate 45%),2026-08-23T05:57:01.883955
pay_0wJ4elWGJlq01t,1995.58,incorrect_otp,3,auto_recovery_attempted,send_reminder,rule_based,True,Mapped incorrect_otp -> send_reminder (assumed success rate 30%),2026-08-23T05:57:01.883993
pay_agk96joqiWhhIM,1025.5,incorrect_otp,2,auto_recovery_attempted,send_reminder,rule_based,False,Mapped incorrect_otp -> send_reminder (assumed success rate 30%),2026-08-23T05:57:01.884029
pay_jWtDP2uErUb2OZ,1041.86,card_declined,3,auto_recovery_attempted,send_reminder,rule_based,False,Mapped card_declined -> send_reminder (assumed success rate 30%),2026-08-23T05:57:01.884080
pay_W4YKhnDyPwTvTv,1233.79,upi_collect_expired,3,auto_recovery_attempted,resend_collect_request,rule_based,False,Mapped upi_collect_expired -> resend_collect_request (assumed success rate 50%),2026-08-23T05:57:01.884118
pay_qo1WpwkikEqA3s,386.1,issuer_unavailable,4,escalated_manual_review,escalate_to_human,stopping_rule,False,"Stopping rule triggered: 4 attempts already made, avoiding further automated contact",2026-08-23T05:57:01.884155
pay_iRiIlhnEBJgRWY,1594.67,upi_collect_expired,1,auto_recovery_attempted,resend_collect_request,rule_based,True,Mapped upi_collect_expired -> resend_collect_request (assumed success rate 50%),2026-08-23T05:57:01.884192
pay_VzuR94xhK4HqF1,2588.08,incorrect_pin,1,auto_recovery_attempted,send_reminder,rule_based,False,Mapped incorrect_pin -> send_reminder (assumed success rate 30%),2026-08-23T05:57:01.884278
pay_x4Klg5w9uHNUaF,2165.88,incorrect_otp,3,auto_recovery_attempted,send_reminder,rule_based,True,Mapped incorrect_otp -> send_reminder (assumed success rate 30%),2026-08-23T05:57:01.884333
pay_kboNiMmz76AOeF,2799.64,bank_technical_error,1,auto_recovery_attempted,retry_immediately,rule_based,True,Mapped bank_technical_error -> retry_immediately (assumed success rate 65%),2026-08-23T05:57:01.884376
pay_4iJjW17BS1GX5q,3056.41,incorrect_pin,1,auto_recovery_attempted,send_reminder,rule_based,False,Mapped incorrect_pin -> send_reminder (assumed success rate 30%),2026-08-23T05:57:01.884417
pay_DdLdfyv1mX609F,226.2,payment_declined,4,escalated_manual_review,escalate_to_human,stopping_rule,False,"Stopping rule triggered: 4 attempts already made, avoiding further automated contact",2026-08-23T05:57:01.884455
pay_GEtDoAopvo54cK,1273.58,bank_technical_error,1,auto_recovery_attempted,retry_immediately,rule_based,True,Mapped bank_technical_error -> retry_immediately (assumed success rate 65%),2026-08-23T05:57:01.884492
pay_v9mbad5jYxqzBx,168.29,issuer_unavailable,1,auto_recovery_attempted,retry_later_2h,rule_based,True,Mapped issuer_unavailable -> retry_later_2h (assumed success rate 55%),2026-08-23T05:57:01.884530
pay_cJTEsfGd5KbMeU,6019.73,incorrect_pin,1,auto_recovery_attempted,send_reminder,rule_based,False,Mapped incorrect_pin -> send_reminder (assumed success rate 30%),2026-08-23T05:57:01.884569
pay_oYMi7CnEzjC92g,2335.01,incorrect_otp,3,auto_recovery_attempted,send_reminder,rule_based,False,Mapped incorrect_otp -> send_reminder (assumed success rate 30%),2026-08-23T05:57:01.884607
pay_hLu6nRR1UxgMN0,2046.38,incorrect_pin,4,escalated_manual_review,escalate_to_human,stopping_rule,False,"Stopping rule triggered: 4 attempts already made, avoiding further automated contact",2026-08-23T05:57:01.884645
pay_EAGYulYm4SDxN3,2026.54,bank_technical_error,3,auto_recovery_attempted,retry_immediately,rule_based,False,Mapped bank_technical_error -> retry_immediately (assumed success rate 65%),2026-08-23T05:57:01.884680
pay_zcbl7c0oDh3hSN,1311.88,issuer_unavailable,1,auto_recovery_attempted,retry_later_2h,rule_based,True,Mapped issuer_unavailable -> retry_later_2h (assumed success rate 55%),2026-08-23T05:57:01.884717
pay_JuIkCzv6aUDiPo,995.38,incorrect_otp,2,auto_recovery_attempted,send_reminder,rule_based,False,Mapped incorrect_otp -> send_reminder (assumed success rate 30%),2026-08-23T05:57:01.884753
pay_HektkggaUtGuoa,2151.15,session_timed_out,4,escalated_manual_review,escalate_to_human,stopping_rule,False,"Stopping rule triggered: 4 attempts already made, avoiding further automated contact",2026-08-23T05:57:01.884791
pay_vQz0eGLTxKkCmT,1202.85,issuer_unavailable,3,auto_recovery_attempted,retry_later_2h,rule_based,False,Mapped issuer_unavailable -> retry_later_2h (assumed success rate 55%),2026-08-23T05:57:01.884826
pay_zeeoquFLnet33R,344.34,payment_declined,4,escalated_manual_review,escalate_to_human,stopping_rule,False,"Stopping rule triggered: 4 attempts already made, avoiding further automated contact",2026-08-23T05:57:01.884864
pay_6bccWL2ytUDBWK,1471.08,insufficient_funds,3,auto_recovery_attempted,retry_later_24h,rule_based,False,Mapped insufficient_funds -> retry_later_24h (assumed success rate 45%),2026-08-23T05:57:01.884898
pay_fG48vw6XJrAU2x,2759.58,incorrect_pin,4,escalated_manual_review,escalate_to_human,stopping_rule,False,"Stopping rule triggered: 4 attempts already made, avoiding further automated contact",2026-08-23T05:57:01.884935
pay_TAQRpwsuotXSuN,1632.28,card_declined,3,auto_recovery_attempted,send_reminder,rule_based,False,Mapped card_declined -> send_reminder (assumed success rate 30%),2026-08-23T05:57:01.884969
pay_ypg8qeBBapqn2d,447.47,upi_collect_expired,2,auto_recovery_attempted,resend_collect_request,rule_based,True,Mapped upi_collect_expired -> resend_collect_request (assumed success rate 50%),2026-08-23T05:57:01.885008
pay_2K6rrtDu7FcCGt,1755.02,insufficient_balance,1,auto_recovery_attempted,send_reminder,rule_based,False,Mapped insufficient_balance -> send_reminder (assumed success rate 30%),2026-08-23T05:57:01.885055
pay_ayanQ9ESv9ZiHL,708.85,payment_declined,4,escalated_manual_review,escalate_to_human,stopping_rule,False,"Stopping rule triggered: 4 attempts already made, avoiding further automated contact",2026-08-23T05:57:01.885096
pay_cgKApkdbisvWOS,522.08,incorrect_pin,2,auto_recovery_attempted,send_reminder,rule_based,True,Mapped incorrect_pin -> send_reminder (assumed success rate 30%),2026-08-23T05:57:01.885133
pay_pR644bEouLWszG,878.52,upi_collect_expired,2,auto_recovery_attempted,resend_collect_request,rule_based,False,Mapped upi_collect_expired -> resend_collect_request (assumed success rate 50%),2026-08-23T05:57:01.885170
pay_CCPPoh4NB4L0uG,985.98,card_declined,3,auto_recovery_attempted,send_reminder,rule_based,False,Mapped card_declined -> send_reminder (assumed success rate 30%),2026-08-23T05:57:01.885206
pay_DbvmnZoTNweJ4M,1334.43,payment_declined,3,auto_recovery_attempted,send_reminder,rule_based,True,Mapped payment_declined -> send_reminder (assumed success rate 30%),2026-08-23T05:57:01.885262
pay_Q5SvKur9wC5EtL,297.95,session_timed_out,3,auto_recovery_attempted,send_reminder,rule_based,False,Mapped session_timed_out -> send_reminder (assumed success rate 30%),2026-08-23T05:57:01.885314
pay_qVGVyVs8EucKJA,4138.07,card_declined,4,escalated_manual_review,escalate_to_human,stopping_rule,False,"Stopping rule triggered: 4 attempts already made, avoiding further automated contact",2026-08-23T05:57:01.885356
pay_Omxdu04VPqfvZr,989.33,issuer_unavailable,1,auto_recovery_attempted,retry_later_2h,rule_based,True,Mapped issuer_unavailable -> retry_later_2h (assumed success rate 55%),2026-08-23T05:57:01.885392
pay_MkHbHYjshja4UI,915.45,incorrect_pin,2,auto_recovery_attempted,send_reminder,rule_based,False,Mapped incorrect_pin -> send_reminder (assumed success rate 30%),2026-08-23T05:57:01.885431
pay_EuCUiE0ecVivwW,332.52,insufficient_balance,1,auto_recovery_attempted,send_reminder,rule_based,False,Mapped insufficient_balance -> send_reminder (assumed success rate 30%),2026-08-23T05:57:01.885470
pay_S91qm6lVNGZjOy,2919.95,upi_collect_expired,3,auto_recovery_attempted,resend_collect_request,rule_based,False,Mapped upi_collect_expired -> resend_collect_request (assumed success rate 50%),2026-08-23T05:57:01.885508
pay_WdNu7YqKUrwxme,719.09,emi_not_supported,2,auto_recovery_attempted,suggest_alt_method,rule_based,False,Mapped emi_not_supported -> suggest_alt_method (assumed success rate 40%),2026-08-23T05:57:01.885547
pay_XqB4B0gDATSuFY,999.88,bank_technical_error,3,auto_recovery_attempted,retry_immediately,rule_based,True,Mapped bank_technical_error -> retry_immediately (assumed success rate 65%),2026-08-23T05:57:01.885586
pay_AF40RcDFkSISPp,5937.35,session_timed_out,1,auto_recovery_attempted,send_reminder,rule_based,True,Mapped session_timed_out -> send_reminder (assumed success rate 30%),2026-08-23T05:57:01.885624
pay_Gyl6lLqEOHv2e2,3842.09,upi_collect_expired,2,auto_recovery_attempted,resend_collect_request,rule_based,True,Mapped upi_collect_expired -> resend_collect_request (assumed success rate 50%),2026-08-23T05:57:01.885663
pay_J6kGvh1HfN9rOd,6522.64,insufficient_funds,1,auto_recovery_attempted,retry_later_24h,rule_based,True,Mapped insufficient_funds -> retry_later_24h (assumed success rate 45%),2026-08-23T05:57:01.885700
pay_fsNteWRH7i3Q97,442.49,card_declined,2,auto_recovery_attempted,send_reminder,rule_based,True,Mapped card_declined -> send_reminder (assumed success rate 30%),2026-08-23T05:57:01.885737
pay_3JM7Gok7EedM1w,1316.32,incorrect_otp,2,auto_recovery_attempted,send_reminder,rule_based,False,Mapped incorrect_otp -> send_reminder (assumed success rate 30%),2026-08-23T05:57:01.885775
pay_zCiBEwmtXINdSD,1083.89,incorrect_pin,4,escalated_manual_review,escalate_to_human,stopping_rule,False,"Stopping rule triggered: 4 attempts already made, avoiding further automated contact",2026-08-23T05:57:01.885817
pay_wDKHQTnh9cwFaM,268.89,upi_collect_expired,1,auto_recovery_attempted,resend_collect_request,rule_based,False,Mapped upi_collect_expired -> resend_collect_request (assumed success rate 50%),2026-08-23T05:57:01.885852
pay_bjyiluj2D36hf2,1657.17,payment_declined,2,auto_recovery_attempted,send_reminder,rule_based,False,Mapped payment_declined -> send_reminder (assumed success rate 30%),2026-08-23T05:57:01.885889
pay_KLiyEn6TANBV0N,1922.19,insufficient_funds,1,auto_recovery_attempted,retry_later_24h,rule_based,True,Mapped insufficient_funds -> retry_later_24h (assumed success rate 45%),2026-08-23T05:57:01.885926
pay_8K35MsS2XtHyae,1108.24,issuer_unavailable,3,auto_recovery_attempted,retry_later_2h,rule_based,False,Mapped issuer_unavailable -> retry_later_2h (assumed success rate 55%),2026-08-23T05:57:01.885966
pay_KXq9jIY9mC1RTA,1712.26,bank_technical_error,3,auto_recovery_attempted,retry_immediately,rule_based,False,Mapped bank_technical_error -> retry_immediately (assumed success rate 65%),2026-08-23T05:57:01.886003
pay_I8N7UX1hA2l3m9,1764.22,card_declined,4,escalated_manual_review,escalate_to_human,stopping_rule,False,"Stopping rule triggered: 4 attempts already made, avoiding further automated contact",2026-08-23T05:57:01.886045
pay_yxiNzXQk1qKgVm,1139.9,insufficient_balance,2,auto_recovery_attempted,send_reminder,rule_based,True,Mapped insufficient_balance -> send_reminder (assumed success rate 30%),2026-08-23T05:57:01.886084
pay_mb29XwQYBq1ubC,1019.27,issuer_unavailable,2,auto_recovery_attempted,retry_later_2h,rule_based,False,Mapped issuer_unavailable -> retry_later_2h (assumed success rate 55%),2026-08-23T05:57:01.886124
pay_FSDEEERcpkYz6G,206.98,wallet_service_down,1,auto_recovery_attempted,retry_later_2h,rule_based,True,Mapped wallet_service_down -> retry_later_2h (assumed success rate 55%),2026-08-23T05:57:01.886164
pay_MeUtw9ie2VYZOZ,173.19,incorrect_pin,1,auto_recovery_attempted,send_reminder,rule_based,True,Mapped incorrect_pin -> send_reminder (assumed success rate 30%),2026-08-23T05:57:01.886202
pay_KMBKaACTzKc5O0,830.91,issuer_unavailable,2,auto_recovery_attempted,retry_later_2h,rule_based,True,Mapped issuer_unavailable -> retry_later_2h (assumed success rate 55%),2026-08-23T05:57:01.886257
pay_Amo3iWCoJcf5l4,7153.96,session_timed_out,2,auto_recovery_attempted,send_reminder,rule_based,False,Mapped session_timed_out -> send_reminder (assumed success rate 30%),2026-08-23T05:57:01.886314
pay_HoKrGDOob8NEgd,556.29,incorrect_pin,3,auto_recovery_attempted,send_reminder,rule_based,True,Mapped incorrect_pin -> send_reminder (assumed success rate 30%),2026-08-23T05:57:01.886358
pay_Qz8GxT988pwN6H,5879.05,payment_declined,1,auto_recovery_attempted,send_reminder,rule_based,False,Mapped payment_declined -> send_reminder (assumed success rate 30%),2026-08-23T05:57:01.886399
pay_PRWfuXCPC7SFhX,856.34,upi_collect_expired,2,auto_recovery_attempted,resend_collect_request,rule_based,False,Mapped upi_collect_expired -> resend_collect_request (assumed success rate 50%),2026-08-23T05:57:01.886438
pay_xwt0gmiw2GSc06,166.0,payment_declined,3,auto_recovery_attempted,send_reminder,rule_based,False,Mapped payment_declined -> send_reminder (assumed success rate 30%),2026-08-23T05:57:01.886476
pay_PKeti43bDl3dsp,2540.28,insufficient_balance,2,auto_recovery_attempted,send_reminder,rule_based,False,Mapped insufficient_balance -> send_reminder (assumed success rate 30%),2026-08-23T05:57:01.886514
pay_UHc027xm3GNOcM,410.16,wallet_service_down,4,escalated_manual_review,escalate_to_human,stopping_rule,False,"Stopping rule triggered: 4 attempts already made, avoiding further automated contact",2026-08-23T05:57:01.886553
pay_dzeqRqJEA5lYi6,2148.26,session_timed_out,1,auto_recovery_attempted,send_reminder,rule_based,False,Mapped session_timed_out -> send_reminder (assumed success rate 30%),2026-08-23T05:57:01.886591
pay_LTVQZTAGnrBmom,1844.48,insufficient_funds,3,auto_recovery_attempted,retry_later_24h,rule_based,False,Mapped insufficient_funds -> retry_later_24h (assumed success rate 45%),2026-08-23T05:57:01.886629
pay_INNNSvIooxp54K,1700.48,issuer_unavailable,3,auto_recovery_attempted,retry_later_2h,rule_based,True,Mapped issuer_unavailable -> retry_later_2h (assumed success rate 55%),2026-08-23T05:57:01.886667
pay_Ec46Ec7SA1Xt5A,753.28,payment_declined,4,escalated_manual_review,escalate_to_human,stopping_rule,False,"Stopping rule triggered: 4 attempts already made, avoiding further automated contact",2026-08-23T05:57:01.886706
pay_7hudG8YjrA6RSu,490.06,card_declined,4,escalated_manual_review,escalate_to_human,stopping_rule,False,"Stopping rule triggered: 4 attempts already made, avoiding further automated contact",2026-08-23T05:57:01.886740
pay_G1qhuRvuK41OPQ,423.1,incorrect_otp,2,auto_recovery_attempted,send_reminder,rule_based,True,Mapped incorrect_otp -> send_reminder (assumed success rate 30%),2026-08-23T05:57:01.886774
pay_IHv9jVHqF0JyGb,429.05,issuer_unavailable,1,auto_recovery_attempted,retry_later_2h,rule_based,True,Mapped issuer_unavailable -> retry_later_2h (assumed success rate 55%),2026-08-23T05:57:01.886812
pay_dIuM1aPlGcnuQ8,2063.26,insufficient_funds,4,escalated_manual_review,escalate_to_human,stopping_rule,False,"Stopping rule triggered: 4 attempts already made, avoiding further automated contact",2026-08-23T05:57:01.886850
pay_eVhSv3rSFBkxer,1572.71,wallet_service_down,4,escalated_manual_review,escalate_to_human,stopping_rule,False,"Stopping rule triggered: 4 attempts already made, avoiding further automated contact",2026-08-23T05:57:01.886885
pay_NyznBiv10vVlyU,3495.25,incorrect_otp,1,auto_recovery_attempted,send_reminder,rule_based,False,Mapped incorrect_otp -> send_reminder (assumed success rate 30%),2026-08-23T05:57:01.886919
pay_S742VgQ0CNCeXY,3255.48,upi_collect_expired,3,auto_recovery_attempted,resend_collect_request,rule_based,True,Mapped upi_collect_expired -> resend_collect_request (assumed success rate 50%),2026-08-23T05:57:01.886955
pay_uB0zxaKhPnkxiv,200.12,insufficient_funds,1,auto_recovery_attempted,retry_later_24h,rule_based,True,Mapped insufficient_funds -> retry_later_24h (assumed success rate 45%),2026-08-23T05:57:01.886991
pay_TFOrMt1Ni4nVXg,304.6,insufficient_funds,4,escalated_manual_review,escalate_to_human,stopping_rule,False,"Stopping rule triggered: 4 attempts already made, avoiding further automated contact",2026-08-23T05:57:01.887028
pay_QyzpG8HNtN9cjR,589.72,incorrect_pin,2,auto_recovery_attempted,send_reminder,rule_based,False,Mapped incorrect_pin -> send_reminder (assumed success rate 30%),2026-08-23T05:57:01.887074
pay_rcdWScDv4JIpYy,4025.27,incorrect_pin,3,auto_recovery_attempted,send_reminder,rule_based,True,Mapped incorrect_pin -> send_reminder (assumed success rate 30%),2026-08-23T05:57:01.887116
pay_lFLtCh4AjV6FVK,7485.84,card_declined,3,auto_recovery_attempted,send_reminder,rule_based,True,Mapped card_declined -> send_reminder (assumed success rate 30%),2026-08-23T05:57:01.887172
pay_85hwwXzAMakBts,619.05,insufficient_balance,4,escalated_manual_review,escalate_to_human,stopping_rule,False,"Stopping rule triggered: 4 attempts already made, avoiding further automated contact",2026-08-23T05:57:01.887216
pay_BGWmniN4EZ0YdY,1215.78,incorrect_otp,2,auto_recovery_attempted,send_reminder,rule_based,True,Mapped incorrect_otp -> send_reminder (assumed success rate 30%),2026-08-23T05:57:01.887277
pay_6yrti1vg93yhTV,5420.77,upi_collect_expired,4,escalated_manual_review,escalate_to_human,stopping_rule,False,"Stopping rule triggered: 4 attempts already made, avoiding further automated contact",2026-08-23T05:57:01.887327
pay_krfh2ruiB6lSgl,1185.43,card_declined,4,escalated_manual_review,escalate_to_human,stopping_rule,False,"Stopping rule triggered: 4 attempts already made, avoiding further automated contact",2026-08-23T05:57:01.887369
pay_eTSuAr184fSJEV,4695.78,session_timed_out,1,auto_recovery_attempted,send_reminder,rule_based,False,Mapped session_timed_out -> send_reminder (assumed success rate 30%),2026-08-23T05:57:01.887407
pay_2FXVqZrYULCq1Y,145.58,insufficient_balance,2,auto_recovery_attempted,send_reminder,rule_based,False,Mapped insufficient_balance -> send_reminder (assumed success rate 30%),2026-08-23T05:57:01.887448
pay_M856XDxxf0Y67A,1313.31,wallet_service_down,3,auto_recovery_attempted,retry_later_2h,rule_based,True,Mapped wallet_service_down -> retry_later_2h (assumed success rate 55%),2026-08-23T05:57:01.887495
pay_aavmu3UCnmm6lR,1329.58,payment_declined,1,auto_recovery_attempted,send_reminder,rule_based,True,Mapped payment_declined -> send_reminder (assumed success rate 30%),2026-08-23T05:57:01.887535
pay_Ni8IDATwDjH083,6481.14,incorrect_pin,3,auto_recovery_attempted,send_reminder,rule_based,False,Mapped incorrect_pin -> send_reminder (assumed success rate 30%),2026-08-23T05:57:01.887575
pay_WBXbUoG8xmi8I7,6179.68,wallet_service_down,1,auto_recovery_attempted,retry_later_2h,rule_based,False,Mapped wallet_service_down -> retry_later_2h (assumed success rate 55%),2026-08-23T05:57:01.887615
pay_Q17JWM3NGHKwUw,518.83,payment_declined,3,auto_recovery_attempted,send_reminder,rule_based,False,Mapped payment_declined -> send_reminder (assumed success rate 30%),2026-08-23T05:57:01.887652
pay_en1o7mCcPctsG6,1220.84,bank_technical_error,4,escalated_manual_review,escalate_to_human,stopping_rule,False,"Stopping rule triggered: 4 attempts already made, avoiding further automated contact",2026-08-23T05:57:01.887689
pay_hXO5pFUTT59Swo,1839.31,upi_collect_expired,1,auto_recovery_attempted,resend_collect_request,rule_based,True,Mapped upi_collect_expired -> resend_collect_request (assumed success rate 50%),2026-08-23T05:57:01.887725
